Frequency,CMD,S11_r,S11_x,S21_r,S21_x,S12_r,S12_x,S22_r,S22_x
12.9e6,caps hf ps1 0 0 0 0,-5.10423779540E-001,+1.90296523764E-001,+1.84929583321E-001,+7.77932376855E-001,+1.85577025285E-001,+7.77814325412E-001,-5.31743511912E-001,+6.61857656620E-002,
12.9e6,caps hf ps1 0 0 0 15,-5.08519453829E-001,+1.82631975728E-001,+2.01337761406E-001,+7.76745279553E-001,+2.00510830209E-001,+7.76596054985E-001,-5.22871986710E-001,+9.39368341739E-002,
12.9e6,caps hf ps1 0 0 0 16,-5.08945769728E-001,+1.80395861218E-001,+2.05147527952E-001,+7.75707279744E-001,+2.04641953258E-001,+7.76100399701E-001,-5.20509661788E-001,+1.01646738554E-001,
12.9e6,caps hf ps1 0 0 0 31,-5.08800529494E-001,+1.72490188620E-001,+2.19770538198E-001,+7.73955127503E-001,+2.19763527575E-001,+7.74052133309E-001,-5.11193111309E-001,+1.28103450181E-001,
12.9e6,caps hf ps1 0 0 0 32,-5.08030181096E-001,+1.67884657304E-001,+2.27101834874E-001,+7.72721915628E-001,+2.27017537707E-001,+7.72890820644E-001,-5.05673645821E-001,+1.41176237647E-001,
12.9e6,caps hf ps1 0 0 0 47,-5.08786813438E-001,+1.59982100239E-001,+2.41785595013E-001,+7.69950487685E-001,+2.41855488379E-001,+7.69830463043E-001,-4.95448710186E-001,+1.65926229985E-001,
12.9e6,caps hf ps1 0 0 0 48,-5.08645086818E-001,+1.58163138757E-001,+2.45596756106E-001,+7.68713387211E-001,+2.45479718459E-001,+7.69197480197E-001,-4.92308401247E-001,+1.72872232403E-001,
12.9e6,caps hf ps1 0 0 0 63,-5.08807628940E-001,+1.50530530266E-001,+2.58543098666E-001,+7.65579429459E-001,+2.58125847176E-001,+7.66073199023E-001,-4.81141099512E-001,+1.95644874720E-001,
12.9e6,caps hf ps1 0 0 1 0,-5.09726117850E-001,+1.47992597801E-001,+2.64170250148E-001,+7.64924559103E-001,+2.62732504547E-001,+7.65339298208E-001,-4.78016882769E-001,+2.02916025239E-001,
12.9e6,caps hf ps1 0 0 1 15,-5.10063530130E-001,+1.41101079056E-001,+2.75891944046E-001,+7.61196688622E-001,+2.76149816652E-001,+7.61087383063E-001,-4.65841424918E-001,+2.25712901375E-001,
12.9e6,caps hf ps1 0 0 1 16,-5.10634652100E-001,+1.38737337543E-001,+2.79864693350E-001,+7.59115974965E-001,+2.79469844520E-001,+7.60820309457E-001,-4.62848665090E-001,+2.32267088467E-001,
12.9e6,caps hf ps1 0 0 1 31,-5.11441020740E-001,+1.32812236832E-001,+2.92613331199E-001,+7.55565616644E-001,+2.91811475886E-001,+7.55523116346E-001,-4.49746158270E-001,+2.53055959888E-001,
12.9e6,caps hf ps1 0 0 1 32,-5.12112527633E-001,+1.29310215382E-001,+2.98649529643E-001,+7.52899891150E-001,+2.97703694426E-001,+7.53610677154E-001,-4.43243367594E-001,+2.63827606135E-001,
12.9e6,caps hf ps1 0 0 1 47,-5.13113280636E-001,+1.22873882298E-001,+3.09664661268E-001,+7.48283992909E-001,+3.09308088409E-001,+7.49203547339E-001,-4.30419070623E-001,+2.82802501014E-001,
12.9e6,caps hf ps1 0 0 1 48,-5.13805156031E-001,+1.20456873219E-001,+3.13232212716E-001,+7.47414183152E-001,+3.14212416310E-001,+7.47870664635E-001,-4.27089399441E-001,+2.88853069619E-001,
12.9e6,caps hf ps1 0 0 1 63,-5.15357715673E-001,+1.14090291121E-001,+3.24341996673E-001,+7.42494682694E-001,+3.24176476219E-001,+7.43304635638E-001,-4.13599245190E-001,+3.06683233678E-001,
12.9e6,caps hf ps1 0 0 2 0,-5.15876205304E-001,+1.11067208090E-001,+3.29044821924E-001,+7.40765112375E-001,+3.28632763264E-001,+7.39455450024E-001,-4.07797568764E-001,+3.14989648583E-001,
12.9e6,caps hf ps1 0 0 2 15,-5.17301155722E-001,+1.05118046313E-001,+3.39060128585E-001,+7.35155137154E-001,+3.39273439419E-001,+7.35416538395E-001,-3.94231148361E-001,+3.31683848937E-001,
12.9e6,caps hf ps1 0 0 2 16,-5.18249284716E-001,+1.03136778103E-001,+3.42531438289E-001,+7.34324655065E-001,+3.42320220382E-001,+7.33455508468E-001,-3.89916414390E-001,+3.37022041810E-001,
12.9e6,caps hf ps1 0 0 2 31,-5.20280315289E-001,+9.76512749098E-002,+3.52715090787E-001,+7.28676454464E-001,+3.51954094687E-001,+7.28796574109E-001,-3.77346426501E-001,+3.52409868869E-001,
12.9e6,caps hf ps1 0 0 2 32,-5.21383521710E-001,+9.49497941336E-002,+3.57648108590E-001,+7.25718344059E-001,+3.57365592956E-001,+7.25177680885E-001,-3.70092036939E-001,+3.60886524889E-001,
12.9e6,caps hf ps1 0 0 2 47,-5.23348052330E-001,+8.98307565289E-002,+3.66795736909E-001,+7.20299476364E-001,+3.65859258757E-001,+7.20074337961E-001,-3.56372778390E-001,+3.75358028650E-001,
12.9e6,caps hf ps1 0 0 2 48,-5.24830065445E-001,+8.86294394133E-002,+3.69196718462E-001,+7.18731451861E-001,+3.68691595957E-001,+7.18384288824E-001,-3.52643229089E-001,+3.79646518745E-001,
12.9e6,caps hf ps1 0 0 2 63,-5.26502552065E-001,+8.27089168737E-002,+3.77989705285E-001,+7.13484711476E-001,+3.77909707546E-001,+7.13367648120E-001,-3.39362188112E-001,+3.92860329306E-001,
12.9e6,caps hf ps1 0 0 3 0,-5.28003295856E-001,+8.04586514900E-002,+3.81521043922E-001,+7.11403206545E-001,+3.81356575064E-001,+7.10918656587E-001,-3.34324464350E-001,+3.98834629549E-001,
12.9e6,caps hf ps1 0 0 3 15,-5.29358531887E-001,+7.63333347636E-002,+3.90076684726E-001,+7.04657344999E-001,+3.90566420909E-001,+7.05092274027E-001,-3.20148429920E-001,+4.12153229294E-001,
12.9e6,caps hf ps1 0 0 3 16,-5.30391314034E-001,+7.43761077754E-002,+3.91299581850E-001,+7.03058197567E-001,+3.92065747401E-001,+7.02858668035E-001,-3.16008985479E-001,+4.16079483273E-001,
12.9e6,caps hf ps1 0 0 3 31,-5.31760646831E-001,+6.96374440217E-002,+3.99103409096E-001,+6.97434577592E-001,+3.99882398687E-001,+6.98044664652E-001,-3.02918486760E-001,+4.27899339466E-001,
12.9e6,caps hf ps1 0 0 3 32,-5.33685264120E-001,+6.82030294034E-002,+4.03388040731E-001,+6.94185707045E-001,+4.03402873420E-001,+6.94684656806E-001,-2.96472721584E-001,+4.33321134197E-001,
12.9e6,caps hf ps1 0 0 3 47,-5.36520302393E-001,+6.32915654838E-002,+4.10562477189E-001,+6.89070355865E-001,+4.11371292634E-001,+6.88237736143E-001,-2.82862234403E-001,+4.45042721798E-001,
12.9e6,caps hf ps1 0 0 3 48,-5.36229199902E-001,+6.17236417000E-002,+4.12803725956E-001,+6.87450113987E-001,+4.13309621348E-001,+6.86741097797E-001,-2.78312269521E-001,+4.48181132975E-001,
12.9e6,caps hf ps1 0 0 3 63,-5.40010879808E-001,+5.75759405081E-002,+4.20810771141E-001,+6.82007116970E-001,+4.19724215328E-001,+6.81678396493E-001,-2.65828539408E-001,+4.57602591295E-001,
12.9e6,caps hf ps1 0 0 4 0,-5.39609502100E-001,+5.73409119971E-002,+4.21342661913E-001,+6.81199512209E-001,+4.20934583053E-001,+6.80684130564E-001,-2.64716197120E-001,+4.59153726708E-001,
12.9e6,caps hf ps1 0 0 4 15,-5.41655841118E-001,+5.38844546710E-002,+4.26749976133E-001,+6.75521587820E-001,+4.26976549237E-001,+6.75544385035E-001,-2.52087857704E-001,+4.68512631636E-001,
12.9e6,caps hf ps1 0 0 4 16,-5.42626814435E-001,+5.22382022507E-002,+4.29214535095E-001,+6.73368725532E-001,+4.29536335655E-001,+6.73570615797E-001,-2.48067987026E-001,+4.71539245428E-001,
12.9e6,caps hf ps1 0 0 4 31,-5.45346857673E-001,+4.84410535434E-002,+4.35605957771E-001,+6.67436409875E-001,+4.35160067532E-001,+6.66965967923E-001,-2.34711003667E-001,+4.80797820682E-001,
12.9e6,caps hf ps1 0 0 4 32,-5.45509519022E-001,+4.67268412946E-002,+4.37432075668E-001,+6.65229313465E-001,+4.37072890053E-001,+6.65164314347E-001,-2.27927168774E-001,+4.84656255534E-001,
12.9e6,caps hf ps1 0 0 4 47,-5.48793910024E-001,+4.30478169798E-002,+4.43191609127E-001,+6.59156409346E-001,+4.44055825869E-001,+6.59547843959E-001,-2.16264266961E-001,+4.93032477390E-001,
12.9e6,caps hf ps1 0 0 4 48,-5.49969092990E-001,+4.21980021395E-002,+4.45774360394E-001,+6.57380321453E-001,+4.45393352850E-001,+6.57014601754E-001,-2.11268763300E-001,+4.95701841445E-001,
12.9e6,caps hf ps1 0 0 4 63,-5.52036834760E-001,+3.90648723501E-002,+4.50715056994E-001,+6.51859699796E-001,+4.50216471917E-001,+6.51301770013E-001,-1.99955477414E-001,+5.02631563880E-001,
12.9e6,caps hf ps1 0 0 5 0,-5.52347000366E-001,+3.70152993519E-002,+4.51892173489E-001,+6.51455930199E-001,+4.52259312620E-001,+6.50367375750E-001,-1.98353035758E-001,+5.05525740741E-001,
12.9e6,caps hf ps1 0 0 5 15,-5.54742408066E-001,+3.42233655605E-002,+4.56743657967E-001,+6.45591716040E-001,+4.56572012800E-001,+6.45216597383E-001,-1.85929195230E-001,+5.11935367432E-001,
12.9e6,caps hf ps1 0 0 5 16,-5.55299966400E-001,+3.35458342359E-002,+4.57568685225E-001,+6.44180816026E-001,+4.58553558160E-001,+6.43939779466E-001,-1.82827686748E-001,+5.14184480319E-001,
12.9e6,caps hf ps1 0 0 5 31,-5.58104750703E-001,+3.05554953792E-002,+4.62709014274E-001,+6.38227257749E-001,+4.63101069233E-001,+6.38009054923E-001,-1.70920309867E-001,+5.20075946216E-001,
12.9e6,caps hf ps1 0 0 5 32,-5.59605735091E-001,+2.91372443625E-002,+4.66058053417E-001,+6.35489513358E-001,+4.65265659960E-001,+6.35741328972E-001,-1.65552244987E-001,+5.23207888336E-001,
12.9e6,caps hf ps1 0 0 5 47,-5.61919734754E-001,+2.64295382115E-002,+4.70342134218E-001,+6.30082615270E-001,+4.69264212532E-001,+6.30477478577E-001,-1.53351133103E-001,+5.28604465205E-001,
12.9e6,caps hf ps1 0 0 5 48,-5.62738783536E-001,+2.59851704412E-002,+4.71120845740E-001,+6.28513589783E-001,+4.71230405470E-001,+6.28475634117E-001,-1.49681624991E-001,+5.31312230050E-001,
12.9e6,caps hf ps1 0 0 5 63,-5.64435190629E-001,+2.31688185548E-002,+4.74959165821E-001,+6.23604829008E-001,+4.75220389811E-001,+6.23276504346E-001,-1.37596959400E-001,+5.37286571696E-001,
12.9e6,caps hf ps1 0 0 6 0,-5.64250261646E-001,+2.30523701300E-002,+4.74711231526E-001,+6.24057828949E-001,+4.74679576914E-001,+6.24300611912E-001,-1.40480743172E-001,+5.36992550165E-001,
12.9e6,caps hf ps1 0 0 6 15,-5.67355774370E-001,+2.03327954434E-002,+4.78755263503E-001,+6.19193363981E-001,+4.79215445135E-001,+6.18578844806E-001,-1.29362219439E-001,+5.41697646761E-001,
12.9e6,caps hf ps1 0 0 6 16,-5.67796750475E-001,+2.01323345232E-002,+4.80063458859E-001,+6.17552548783E-001,+4.79700495282E-001,+6.16499065935E-001,-1.25878551877E-001,+5.43136770729E-001,
12.9e6,caps hf ps1 0 0 6 31,-5.69842304991E-001,+1.72371317461E-002,+4.83311459438E-001,+6.12714300476E-001,+4.84218344053E-001,+6.10835091991E-001,-1.15066086976E-001,+5.48208326236E-001,
12.9e6,caps hf ps1 0 0 6 32,-5.71508576420E-001,+1.61931606824E-002,+4.85256253169E-001,+6.09902995798E-001,+4.84527961928E-001,+6.10358136040E-001,-1.10469234863E-001,+5.50119094352E-001,
12.9e6,caps hf ps1 0 0 6 47,-5.72226488373E-001,+1.38546451359E-002,+4.88057334621E-001,+6.04901279970E-001,+4.89112134283E-001,+6.04572769475E-001,-9.97787791504E-002,+5.54550367457E-001,
12.9e6,caps hf ps1 0 0 6 48,-5.73681546484E-001,+1.33884841883E-002,+4.89334048979E-001,+6.03307444895E-001,+4.89967106876E-001,+6.02387908099E-001,-9.64646489525E-002,+5.55886737491E-001,
12.9e6,caps hf ps1 0 0 6 63,-5.75871012684E-001,+1.14760678547E-002,+4.93111303628E-001,+5.97689288344E-001,+4.93557213785E-001,+5.98380463034E-001,-8.60296417301E-002,+5.60346881382E-001,
12.9e6,caps hf ps1 0 15 0 0,-5.41169056512E-001,+2.40331584345E-001,+2.21058513935E-001,+7.32630834359E-001,+2.21626842463E-001,+7.32205245050E-001,-5.71709777083E-001,+1.06905821993E-001,
12.9e6,caps hf ps1 0 15 0 15,-5.40593548624E-001,+2.32781814206E-001,+2.36074048038E-001,+7.30091861568E-001,+2.36167135245E-001,+7.29828275806E-001,-5.61821437620E-001,+1.36795755050E-001,
12.9e6,caps hf ps1 0 15 0 16,-5.41518245311E-001,+2.30802531389E-001,+2.41121727332E-001,+7.29525909421E-001,+2.40556556011E-001,+7.29142621905E-001,-5.58827945587E-001,+1.45648598521E-001,
12.9e6,caps hf ps1 0 15 0 31,-5.41691085024E-001,+2.23433522177E-001,+2.55918356990E-001,+7.25928824410E-001,+2.54817305474E-001,+7.26168696875E-001,-5.48096711086E-001,+1.73137723092E-001,
12.9e6,caps hf ps1 0 15 0 32,-5.41755911204E-001,+2.18555912071E-001,+2.61917440318E-001,+7.23880608281E-001,+2.62430872842E-001,+7.25000843726E-001,-5.41834595248E-001,+1.87158716520E-001,
12.9e6,caps hf ps1 0 15 0 47,-5.43130711401E-001,+2.12207741818E-001,+2.76385219808E-001,+7.20367676355E-001,+2.76291330085E-001,+7.21066505597E-001,-5.30013270721E-001,+2.13440733957E-001,
12.9e6,caps hf ps1 0 15 0 48,-5.43686895220E-001,+2.10708490610E-001,+2.80448255231E-001,+7.19205216024E-001,+2.80050024495E-001,+7.19663679519E-001,-5.26123342425E-001,+2.21268049528E-001,
12.9e6,caps hf ps1 0 15 0 63,-5.44176628602E-001,+2.04007005932E-001,+2.93592616344E-001,+7.14655210400E-001,+2.93111702934E-001,+7.15904340805E-001,-5.13601352400E-001,+2.45683473932E-001,
12.9e6,caps hf ps1 0 15 1 0,-5.44834263125E-001,+2.01813580670E-001,+2.97661619234E-001,+7.13407621403E-001,+2.97913639324E-001,+7.14002987377E-001,-5.10096263015E-001,+2.53388438931E-001,
12.9e6,caps hf ps1 0 15 1 15,-5.46213256455E-001,+1.95903796435E-001,+3.10017770601E-001,+7.08755097407E-001,+3.10496791208E-001,+7.08880628800E-001,-4.96206508706E-001,+2.77369125513E-001,
12.9e6,caps hf ps1 0 15 1 16,-5.47048411533E-001,+1.94286543654E-001,+3.14274182897E-001,+7.07298856797E-001,+3.13509948365E-001,+7.06940380666E-001,-4.91580219914E-001,+2.83641129674E-001,
12.9e6,caps hf ps1 0 15 1 31,-5.48913593461E-001,+1.87661182391E-001,+3.25887000794E-001,+7.02178854260E-001,+3.25790927077E-001,+7.02127552392E-001,-4.78172914264E-001,+3.05689459206E-001,
12.9e6,caps hf ps1 0 15 1 32,-5.50048771175E-001,+1.84372122823E-001,+3.31676246437E-001,+6.99735783512E-001,+3.30783116255E-001,+7.00075342053E-001,-4.71250727204E-001,+3.15940686190E-001,
12.9e6,caps hf ps1 0 15 1 47,-5.51779694529E-001,+1.78366585173E-001,+3.42002005693E-001,+6.93971247197E-001,+3.41809387020E-001,+6.93402948817E-001,-4.55841967397E-001,+3.36209966327E-001,
12.9e6,caps hf ps1 0 15 1 48,-5.52025880783E-001,+1.77013362632E-001,+3.45418774281E-001,+6.92377357234E-001,+3.45685663873E-001,+6.91730042225E-001,-4.51344684804E-001,+3.42788626717E-001,
12.9e6,caps hf ps1 0 15 1 63,-5.54245068408E-001,+1.71233757055E-001,+3.55878859881E-001,+6.86633119727E-001,+3.55922776893E-001,+6.87439701481E-001,-4.37473598657E-001,+3.61820781572E-001,
12.9e6,caps hf ps1 0 15 2 0,-5.55943995213E-001,+1.68826078493E-001,+3.60206713872E-001,+6.84109292855E-001,+3.59892231034E-001,+6.84193920062E-001,-4.31126743212E-001,+3.69935033088E-001,
12.9e6,caps hf ps1 0 15 2 15,-5.57785381581E-001,+1.63679979050E-001,+3.69690311673E-001,+6.78204402914E-001,+3.70700441578E-001,+6.78235057502E-001,-4.16164602588E-001,+3.87752871105E-001,
12.9e6,caps hf ps1 0 15 2 16,-5.58618744312E-001,+1.62084247323E-001,+3.73198657342E-001,+6.75961270201E-001,+3.72502503722E-001,+6.76881661195E-001,-4.11373401661E-001,+3.93170610387E-001,
12.9e6,caps hf ps1 0 15 2 31,-5.60997509168E-001,+1.57148587439E-001,+3.82680171950E-001,+6.70373794077E-001,+3.82300750105E-001,+6.70780771223E-001,-3.96103344886E-001,+4.08567130253E-001,
12.9e6,caps hf ps1 0 15 2 32,-5.62578205829E-001,+1.55825763346E-001,+3.87701643838E-001,+6.66864438214E-001,+3.86875444709E-001,+6.67997041638E-001,-3.88942196911E-001,+4.17100939322E-001,
12.9e6,caps hf ps1 0 15 2 47,-5.64948093040E-001,+1.50185342937E-001,+3.95295043486E-001,+6.61207731366E-001,+3.95867076430E-001,+6.61052283294E-001,-3.73162118349E-001,+4.32354111718E-001,
12.9e6,caps hf ps1 0 15 2 48,-5.65997521425E-001,+1.49498693881E-001,+3.98134527908E-001,+6.58563942601E-001,+3.98079960931E-001,+6.58130615775E-001,-3.68224417086E-001,+4.37314457885E-001,
12.9e6,caps hf ps1 0 15 2 63,-5.67723558004E-001,+1.44916313091E-001,+4.06541044457E-001,+6.52463424045E-001,+4.05925012502E-001,+6.52424333311E-001,-3.53180263370E-001,+4.50822597737E-001,
12.9e6,caps hf ps1 0 15 3 0,-5.69138798485E-001,+1.43182564563E-001,+4.09227387392E-001,+6.50122402843E-001,+4.09514148994E-001,+6.50116953278E-001,-3.48924376068E-001,+4.56253209729E-001,
12.9e6,caps hf ps1 0 15 3 15,-5.71706465292E-001,+1.38182718989E-001,+4.17185626510E-001,+6.43906568815E-001,+4.16631566415E-001,+6.43501974702E-001,-3.32805986628E-001,+4.70020633546E-001,
12.9e6,caps hf ps1 0 15 3 16,-5.72731003133E-001,+1.38109903249E-001,+4.18814824192E-001,+6.41386684589E-001,+4.19408508624E-001,+6.42406784553E-001,-3.28459112419E-001,+4.73526116988E-001,
12.9e6,caps hf ps1 0 15 3 31,-5.75191128160E-001,+1.34154442736E-001,+4.26334931504E-001,+6.35268661213E-001,+4.26771934932E-001,+6.35537391313E-001,-3.13195885230E-001,+4.85804915530E-001,
12.9e6,caps hf ps1 0 15 3 32,-5.76968968003E-001,+1.31506098711E-001,+4.30140056167E-001,+6.32969420693E-001,+4.30276582349E-001,+6.32418763549E-001,-3.05861520049E-001,+4.91585363492E-001,
12.9e6,caps hf ps1 0 15 3 47,-5.78824408703E-001,+1.28522932324E-001,+4.35581676955E-001,+6.25946944542E-001,+4.36207287019E-001,+6.26295821680E-001,-2.90996229986E-001,+5.02311452642E-001,
12.9e6,caps hf ps1 0 15 3 48,-5.80180548968E-001,+1.27616590163E-001,+4.38480933776E-001,+6.24197946712E-001,+4.38044944603E-001,+6.24620850584E-001,-2.86797537490E-001,+5.05716059622E-001,
12.9e6,caps hf ps1 0 15 3 63,-5.83160245407E-001,+1.23702222394E-001,+4.43900018557E-001,+6.17784669075E-001,+4.44374217868E-001,+6.17770419321E-001,-2.72433170861E-001,+5.15813014510E-001,
12.9e6,caps hf ps1 0 15 4 0,-5.82912321647E-001,+1.23529019075E-001,+4.44335558171E-001,+6.17368928649E-001,+4.45226485068E-001,+6.17947320646E-001,-2.72281162030E-001,+5.16887000112E-001,
12.9e6,caps hf ps1 0 15 4 15,-5.86272751268E-001,+1.20253467795E-001,+4.50650404825E-001,+6.11711864038E-001,+4.51523404914E-001,+6.11319718142E-001,-2.57312007589E-001,+5.27320778435E-001,
12.9e6,caps hf ps1 0 15 4 16,-5.86865540439E-001,+1.19849035627E-001,+4.53157745475E-001,+6.09253867086E-001,+4.51965846763E-001,+6.08876128092E-001,-2.52665642322E-001,+5.29878552307E-001,
12.9e6,caps hf ps1 0 15 4 31,-5.89570210366E-001,+1.16237318599E-001,+4.58039868041E-001,+6.03691531211E-001,+4.57924531775E-001,+6.03186738493E-001,-2.38483823129E-001,+5.38637247700E-001,
12.9e6,caps hf ps1 0 15 4 32,-5.91156147411E-001,+1.14528144347E-001,+4.60001448744E-001,+6.00273728068E-001,+4.60431763042E-001,+5.99757362942E-001,-2.31294503730E-001,+5.42294566707E-001,
12.9e6,caps hf ps1 0 15 4 47,-5.93257950709E-001,+1.12022100022E-001,+4.65444541022E-001,+5.93833198124E-001,+4.65651266549E-001,+5.93818603656E-001,-2.17912063865E-001,+5.51002601587E-001,
12.9e6,caps hf ps1 0 15 4 48,-5.93967499841E-001,+1.11205320622E-001,+4.66378783378E-001,+5.91967911317E-001,+4.66482340503E-001,+5.92268234069E-001,-2.14085461760E-001,+5.52888244815E-001,
12.9e6,caps hf ps1 0 15 4 63,-5.97216591527E-001,+1.08672389929E-001,+4.71444139529E-001,+5.85942261860E-001,+4.71732637885E-001,+5.84825224446E-001,-1.99585571004E-001,+5.60755038027E-001,
12.9e6,caps hf ps1 0 15 5 0,-5.96957647044E-001,+1.07798110152E-001,+4.71987272047E-001,+5.85113444330E-001,+4.72367412111E-001,+5.84999504010E-001,-1.98955454275E-001,+5.62093956733E-001,
12.9e6,caps hf ps1 0 15 5 15,-6.00059937410E-001,+1.04778299122E-001,+4.76455331151E-001,+5.79314308482E-001,+4.76652825937E-001,+5.79022793616E-001,-1.84623370766E-001,+5.68605138066E-001,
12.9e6,caps hf ps1 0 15 5 16,-6.00985172234E-001,+1.04915527350E-001,+4.78839254155E-001,+5.77375629821E-001,+4.78019621594E-001,+5.76863106415E-001,-1.81428837285E-001,+5.70849642115E-001,
12.9e6,caps hf ps1 0 15 5 31,-6.03391503553E-001,+1.02494485315E-001,+4.81453678731E-001,+5.71762982873E-001,+4.82307789830E-001,+5.71455524610E-001,-1.68911566873E-001,+5.77003644865E-001,
12.9e6,caps hf ps1 0 15 5 32,-6.04275461140E-001,+1.01594599045E-001,+4.83480875648E-001,+5.68451294501E-001,+4.84553499475E-001,+5.68568315963E-001,-1.61730356676E-001,+5.79865786881E-001,
12.9e6,caps hf ps1 0 15 5 47,-6.07351350367E-001,+9.87775400266E-002,+4.87583674719E-001,+5.63873130989E-001,+4.88380972604E-001,+5.62752241619E-001,-1.49667245786E-001,+5.85919098026E-001,
12.9e6,caps hf ps1 0 15 5 48,-6.08001721746E-001,+9.77357501169E-002,+4.89499972820E-001,+5.61578579662E-001,+4.88980267839E-001,+5.61656544001E-001,-1.46581469753E-001,+5.87581184882E-001,
12.9e6,caps hf ps1 0 15 5 63,-6.10093847151E-001,+9.63930554583E-002,+4.92159925823E-001,+5.56042210627E-001,+4.92084916868E-001,+5.56178641639E-001,-1.33832436384E-001,+5.92343135885E-001,
12.9e6,caps hf ps1 0 15 6 0,-6.10083124444E-001,+9.57955086067E-002,+4.91335080365E-001,+5.56962809382E-001,+4.91975800405E-001,+5.56512577006E-001,-1.36150728670E-001,+5.92326048274E-001,
12.9e6,caps hf ps1 0 15 6 15,-6.12667603293E-001,+9.40753395258E-002,+4.95005058460E-001,+5.52115283422E-001,+4.95549213416E-001,+5.51342246936E-001,-1.24251404451E-001,+5.97292075759E-001,
12.9e6,caps hf ps1 0 15 6 16,-6.13077309551E-001,+9.36895658395E-002,+4.96670940390E-001,+5.49713161415E-001,+4.96114417758E-001,+5.49579159077E-001,-1.20726231752E-001,+5.98413730683E-001,
12.9e6,caps hf ps1 0 15 6 31,-6.15348644837E-001,+9.17639181877E-002,+4.99019719159E-001,+5.44759710869E-001,+4.99564900682E-001,+5.43771062991E-001,-1.08452449064E-001,+6.03028112873E-001,
12.9e6,caps hf ps1 0 15 6 32,-6.16883156737E-001,+9.11498213875E-002,+5.01112871780E-001,+5.42584002051E-001,+5.01154135437E-001,+5.41516312542E-001,-1.03576614213E-001,+6.05407639897E-001,
12.9e6,caps hf ps1 0 15 6 47,-6.18828292914E-001,+8.96256135162E-002,+5.03387494602E-001,+5.36330080382E-001,+5.03844291820E-001,+5.35878235942E-001,-9.11409938738E-002,+6.09098635576E-001,
12.9e6,caps hf ps1 0 15 6 48,-6.20210077904E-001,+8.85543350039E-002,+5.04677561601E-001,+5.35316868765E-001,+5.05370359455E-001,+5.35180372855E-001,-8.86149616353E-002,+6.11034186544E-001,
12.9e6,caps hf ps1 0 15 6 63,-6.22460827322E-001,+8.75065378787E-002,+5.06931564720E-001,+5.29499745042E-001,+5.07209359038E-001,+5.29295911721E-001,-7.79129408593E-002,+6.14455808006E-001,
12.9e6,caps hf ps1 0 16 0 0,-5.40925635786E-001,+2.40722502771E-001,+2.21734484578E-001,+7.31433850925E-001,+2.21445772829E-001,+7.32484055943E-001,-5.72035479609E-001,+1.07688072449E-001,
12.9e6,caps hf ps1 0 16 0 15,-5.41502457251E-001,+2.34068602242E-001,+2.37150041907E-001,+7.29921107235E-001,+2.36883086741E-001,+7.29913241922E-001,-5.61773482123E-001,+1.37571026687E-001,
12.9e6,caps hf ps1 0 16 0 16,-5.41141538867E-001,+2.31666750496E-001,+2.41855283066E-001,+7.28733819380E-001,+2.40482052349E-001,+7.28880390420E-001,-5.59532671516E-001,+1.45911401073E-001,
12.9e6,caps hf ps1 0 16 0 31,-5.41733607672E-001,+2.24488413067E-001,+2.56723343902E-001,+7.25723396190E-001,+2.55339492786E-001,+7.26160568525E-001,-5.48844737594E-001,+1.73742116868E-001,
12.9e6,caps hf ps1 0 16 0 32,-5.42033920566E-001,+2.20073478254E-001,+2.63211214050E-001,+7.23629862752E-001,+2.62845501854E-001,+7.24040771895E-001,-5.42535347270E-001,+1.87734639538E-001,
12.9e6,caps hf ps1 0 16 0 47,-5.43080851492E-001,+2.13114006125E-001,+2.77224201292E-001,+7.19605779478E-001,+2.77037812416E-001,+7.19963247949E-001,-5.30637600029E-001,+2.14131069502E-001,
12.9e6,caps hf ps1 0 16 0 48,-5.43388066139E-001,+2.11242211455E-001,+2.80835551643E-001,+7.18384928738E-001,+2.80497836759E-001,+7.19516401806E-001,-5.27381260812E-001,+2.21810163155E-001,
12.9e6,caps hf ps1 0 16 0 63,-5.44996738121E-001,+2.04383181338E-001,+2.93586435985E-001,+7.14500737929E-001,+2.94000976450E-001,+7.14748578344E-001,-5.14361051520E-001,+2.45764726164E-001,
12.9e6,caps hf ps1 0 16 1 0,-5.45699238031E-001,+2.02861626586E-001,+2.97808669955E-001,+7.12998231378E-001,+2.97155484118E-001,+7.14328222379E-001,-5.10112538420E-001,+2.53205828036E-001,
12.9e6,caps hf ps1 0 16 1 15,-5.46754676615E-001,+1.95963410130E-001,+3.10154994230E-001,+7.08239468847E-001,+3.10373608057E-001,+7.08430698461E-001,-4.96354202199E-001,+2.77460723129E-001,
12.9e6,caps hf ps1 0 16 1 16,-5.47124859751E-001,+1.93606504509E-001,+3.13789792050E-001,+7.06563760812E-001,+3.13617381779E-001,+7.07620961736E-001,-4.92347204793E-001,+2.84419759172E-001,
12.9e6,caps hf ps1 0 16 1 31,-5.48561477723E-001,+1.88022131827E-001,+3.25377002993E-001,+7.01292050747E-001,+3.25368610584E-001,+7.02052732218E-001,-4.79147111716E-001,+3.05942569712E-001,
12.9e6,caps hf ps1 0 16 1 32,-5.50021288751E-001,+1.84529829695E-001,+3.31387638819E-001,+6.98604546094E-001,+3.31638298053E-001,+6.99313203218E-001,-4.71272682939E-001,+3.16721189111E-001,
12.9e6,caps hf ps1 0 16 1 47,-5.51766813270E-001,+1.78804374384E-001,+3.42264222257E-001,+6.92837684336E-001,+3.42900457364E-001,+6.93445651450E-001,-4.56879827428E-001,+3.37704556710E-001,
12.9e6,caps hf ps1 0 16 1 48,-5.52648528812E-001,+1.77303286256E-001,+3.46215702866E-001,+6.91778185900E-001,+3.45317897574E-001,+6.92292072651E-001,-4.52676565512E-001,+3.43264584012E-001,
12.9e6,caps hf ps1 0 16 1 63,-5.54735411839E-001,+1.72446702775E-001,+3.56689391149E-001,+6.85743986392E-001,+3.56536171595E-001,+6.85998190337E-001,-4.37393506723E-001,+3.62536675422E-001,
12.9e6,caps hf ps1 0 16 2 0,-5.55624804603E-001,+1.69466758080E-001,+3.59882634725E-001,+6.82912885921E-001,+3.60661636705E-001,+6.83449107788E-001,-4.30899371399E-001,+3.70646086448E-001,
12.9e6,caps hf ps1 0 16 2 15,-5.57862028529E-001,+1.64264895842E-001,+3.70243635615E-001,+6.77785988397E-001,+3.70542564328E-001,+6.77397825827E-001,-4.16201280597E-001,+3.88334102428E-001,
12.9e6,caps hf ps1 0 16 2 16,-5.58689221641E-001,+1.63321808517E-001,+3.73941216581E-001,+6.75522525006E-001,+3.74006157112E-001,+6.75720874841E-001,-4.11854327585E-001,+3.93676475877E-001,
12.9e6,caps hf ps1 0 16 2 31,-5.61565437694E-001,+1.58548763748E-001,+3.83352776634E-001,+6.69291870527E-001,+3.82361367452E-001,+6.70125676733E-001,-3.97120545725E-001,+4.09216418232E-001,
12.9e6,caps hf ps1 0 16 2 32,-5.62826440395E-001,+1.55975255705E-001,+3.87118917243E-001,+6.65791079944E-001,+3.87715222190E-001,+6.66124444309E-001,-3.88214393014E-001,+4.18712996339E-001,
12.9e6,caps hf ps1 0 16 2 47,-5.64860646948E-001,+1.50171665231E-001,+3.95712955365E-001,+6.60101404515E-001,+3.96217271962E-001,+6.60557227097E-001,-3.73398389118E-001,+4.32985647891E-001,
12.9e6,caps hf ps1 0 16 2 48,-5.66092010837E-001,+1.50028781419E-001,+3.98636983145E-001,+6.58597149990E-001,+3.98772881590E-001,+6.59119198242E-001,-3.69511817160E-001,+4.37862831631E-001,
12.9e6,caps hf ps1 0 16 2 63,-5.68769627066E-001,+1.45195440705E-001,+4.06340522233E-001,+6.52114161071E-001,+4.06681148623E-001,+6.51787202803E-001,-3.53849130607E-001,+4.51800545506E-001,
12.9e6,caps hf ps1 0 16 3 0,-5.70024777588E-001,+1.42969735779E-001,+4.09458770830E-001,+6.49726900690E-001,+4.10026223277E-001,+6.49432207913E-001,-3.48210365078E-001,+4.57383511159E-001,
12.9e6,caps hf ps1 0 16 3 15,-5.71822933381E-001,+1.39622507615E-001,+4.17310361953E-001,+6.43065666283E-001,+4.17054899995E-001,+6.42905491946E-001,-3.33038451530E-001,+4.70466874902E-001,
12.9e6,caps hf ps1 0 16 3 16,-5.73149465167E-001,+1.37817850808E-001,+4.18843334360E-001,+6.41670026948E-001,+4.19239116834E-001,+6.40992343595E-001,-3.28356482533E-001,+4.74049568250E-001,
12.9e6,caps hf ps1 0 16 3 31,-5.76247112852E-001,+1.34885629217E-001,+4.26553635856E-001,+6.35361193432E-001,+4.26751059589E-001,+6.35656932045E-001,-3.13743442921E-001,+4.85713154988E-001,
12.9e6,caps hf ps1 0 16 3 32,-5.77408142114E-001,+1.32629529180E-001,+4.29762301016E-001,+6.32051288471E-001,+4.30146225417E-001,+6.30896488370E-001,-3.06096921157E-001,+4.92325143351E-001,
12.9e6,caps hf ps1 0 16 3 47,-5.79970648025E-001,+1.28675862069E-001,+4.36945478026E-001,+6.26097937848E-001,+4.36410198832E-001,+6.25708824649E-001,-2.91764543882E-001,+5.02556889693E-001,
12.9e6,caps hf ps1 0 16 3 48,-5.80683427479E-001,+1.27454223746E-001,+4.38577726097E-001,+6.23496032436E-001,+4.38859728261E-001,+6.23350399529E-001,-2.86204456973E-001,+5.06706836369E-001,
12.9e6,caps hf ps1 0 16 3 63,-5.83012425341E-001,+1.24556493409E-001,+4.44795347065E-001,+6.17431908901E-001,+4.44596407089E-001,+6.16675195968E-001,-2.71818116449E-001,+5.16222497005E-001,
12.9e6,caps hf ps1 0 16 4 0,-5.83650272328E-001,+1.24323656566E-001,+4.44309883340E-001,+6.16081772699E-001,+4.45192209028E-001,+6.17008530057E-001,-2.71150720258E-001,+5.18062912974E-001,
12.9e6,caps hf ps1 0 16 4 15,-5.86048119196E-001,+1.19855391092E-001,+4.50626210874E-001,+6.10850256740E-001,+4.51525242989E-001,+6.10499161643E-001,-2.56986463126E-001,+5.27667651343E-001,
12.9e6,caps hf ps1 0 16 4 16,-5.86748204673E-001,+1.19886863969E-001,+4.52071360393E-001,+6.08384547809E-001,+4.52461651888E-001,+6.09048321429E-001,-2.52657282279E-001,+5.30356343143E-001,
12.9e6,caps hf ps1 0 16 4 31,-5.90414807036E-001,+1.16950993261E-001,+4.58188909728E-001,+6.02276491923E-001,+4.57807308231E-001,+6.02782235251E-001,-2.39332711101E-001,+5.38990686044E-001,
12.9e6,caps hf ps1 0 16 4 32,-5.90595528957E-001,+1.15320416499E-001,+4.59676234995E-001,+5.99916735753E-001,+4.60209701478E-001,+5.98471621993E-001,-2.31978485014E-001,+5.43373061665E-001,
12.9e6,caps hf ps1 0 16 4 47,-5.93805223085E-001,+1.12268522717E-001,+4.65314434404E-001,+5.93587212589E-001,+4.65529958856E-001,+5.92218299857E-001,-2.17704121914E-001,+5.51151963822E-001,
12.9e6,caps hf ps1 0 16 4 48,-5.93674737829E-001,+1.11912400077E-001,+4.65821387595E-001,+5.91054583300E-001,+4.67090387783E-001,+5.91928393029E-001,-2.14185335440E-001,+5.53650781109E-001,
12.9e6,caps hf ps1 0 16 4 63,-5.97058537198E-001,+1.09619347313E-001,+4.71559751487E-001,+5.85077709514E-001,+4.71580236215E-001,+5.85097944277E-001,-2.00498923741E-001,+5.60990074985E-001,
12.9e6,caps hf ps1 0 16 5 0,-5.97086737187E-001,+1.09140017986E-001,+4.71399511045E-001,+5.83725331367E-001,+4.72422771061E-001,+5.84055911882E-001,-1.97390113185E-001,+5.62368890305E-001,
12.9e6,caps hf ps1 0 16 5 15,-6.00355541668E-001,+1.06853756950E-001,+4.77325639534E-001,+5.78815555400E-001,+4.77403939920E-001,+5.78352612077E-001,-1.85200436155E-001,+5.69827024377E-001,
12.9e6,caps hf ps1 0 16 5 16,-6.00936877836E-001,+1.05882678725E-001,+4.78011475706E-001,+5.76716574535E-001,+4.77805000003E-001,+5.76409245881E-001,-1.80761306989E-001,+5.71742004176E-001,
12.9e6,caps hf ps1 0 16 5 31,-6.03532883705E-001,+1.02717654299E-001,+4.81594693932E-001,+5.71117199745E-001,+4.83063235206E-001,+5.70419078786E-001,-1.68343066576E-001,+5.78010766480E-001,
12.9e6,caps hf ps1 0 16 5 32,-6.04528392286E-001,+1.02041905216E-001,+4.83605561876E-001,+5.67493623571E-001,+4.84643191762E-001,+5.68163136054E-001,-1.62202956898E-001,+5.81108928865E-001,
12.9e6,caps hf ps1 0 16 5 47,-6.07592361534E-001,+9.92079737639E-002,+4.88430635468E-001,+5.62833273689E-001,+4.87735975985E-001,+5.62166444090E-001,-1.49696783327E-001,+5.86078261038E-001,
12.9e6,caps hf ps1 0 16 5 48,-6.08212466739E-001,+9.82776284454E-002,+4.88771541812E-001,+5.61125673250E-001,+4.89076147492E-001,+5.60598642328E-001,-1.46142740388E-001,+5.88017348096E-001,
12.9e6,caps hf ps1 0 16 5 63,-6.10980008366E-001,+9.71556009432E-002,+4.92325219943E-001,+5.54798217795E-001,+4.92669926040E-001,+5.55046910239E-001,-1.33668193673E-001,+5.93326375438E-001,
12.9e6,caps hf ps1 0 16 6 0,-6.10152405899E-001,+9.74322977564E-002,+4.92343765946E-001,+5.55952780971E-001,+4.92250368431E-001,+5.55838529770E-001,-1.35353767635E-001,+5.92648314593E-001,
12.9e6,caps hf ps1 0 16 6 15,-6.13216552586E-001,+9.55098577601E-002,+4.95596384342E-001,+5.50684372515E-001,+4.95298348719E-001,+5.50165116198E-001,-1.23635716768E-001,+5.97986270135E-001,
12.9e6,caps hf ps1 0 16 6 16,-6.13322888402E-001,+9.45994663709E-002,+4.95715762418E-001,+5.48537764245E-001,+4.96891765567E-001,+5.50470629212E-001,-1.20808442526E-001,+5.98808533669E-001,
12.9e6,caps hf ps1 0 16 6 31,-6.15913411887E-001,+9.26959526273E-002,+4.99190691385E-001,+5.43625014177E-001,+5.00035801224E-001,+5.43128563919E-001,-1.08411647237E-001,+6.03572393208E-001,
12.9e6,caps hf ps1 0 16 6 32,-6.17423494228E-001,+9.22601706467E-002,+5.01314640242E-001,+5.41193285602E-001,+5.01117407357E-001,+5.40943725574E-001,-1.03038659665E-001,+6.05384996068E-001,
12.9e6,caps hf ps1 0 16 6 47,-6.19942718864E-001,+9.04569504720E-002,+5.04023244647E-001,+5.35946916362E-001,+5.03710035367E-001,+5.35330837124E-001,-9.15510163802E-002,+6.09734183894E-001,
12.9e6,caps hf ps1 0 16 6 48,-6.20063643690E-001,+8.96466146095E-002,+5.03798511401E-001,+5.34392091251E-001,+5.04439519819E-001,+5.34057983831E-001,-8.86976004848E-002,+6.11619801866E-001,
12.9e6,caps hf ps1 0 16 6 63,-6.22797216262E-001,+8.81985108539E-002,+5.07003857126E-001,+5.29404797959E-001,+5.07349276799E-001,+5.29027398603E-001,-7.68662383537E-002,+6.14796217709E-001,
12.9e6,caps hf ps1 0 31 0 0,-5.63458284602E-001,+2.90045071840E-001,+2.49778058745E-001,+6.86337290771E-001,+2.49055583718E-001,+6.87303832123E-001,-6.04580394791E-001,+1.49381329778E-001,
12.9e6,caps hf ps1 0 31 0 15,-5.64568932001E-001,+2.83601984381E-001,+2.65063997326E-001,+6.83613010025E-001,+2.64068818191E-001,+6.83975526243E-001,-5.92847340797E-001,+1.80872406386E-001,
12.9e6,caps hf ps1 0 31 0 16,-5.64698827035E-001,+2.80497753439E-001,+2.68629491022E-001,+6.82183587997E-001,+2.68639112265E-001,+6.82055109227E-001,-5.89536705990E-001,+1.90043315737E-001,
12.9e6,caps hf ps1 0 31 0 31,-5.65743001271E-001,+2.74316917592E-001,+2.83034959532E-001,+6.77437887826E-001,+2.82147972201E-001,+6.78324238457E-001,-5.76912107712E-001,+2.19316299491E-001,
12.9e6,caps hf ps1 0 31 0 32,-5.67093002638E-001,+2.71089827675E-001,+2.89566832320E-001,+6.75960068325E-001,+2.89284714584E-001,+6.75455372817E-001,-5.70213764263E-001,+2.34406003866E-001,
12.9e6,caps hf ps1 0 31 0 47,-5.68667797614E-001,+2.65204945732E-001,+3.03533239200E-001,+6.71153479485E-001,+3.02559511830E-001,+6.70929661082E-001,-5.56469527120E-001,+2.61467048458E-001,
12.9e6,caps hf ps1 0 31 0 48,-5.69525231029E-001,+2.62709716387E-001,+3.06623766533E-001,+6.69952934646E-001,+3.07013801663E-001,+6.69967271042E-001,-5.52597819936E-001,+2.69444911565E-001,
12.9e6,caps hf ps1 0 31 0 63,-5.71042135243E-001,+2.57235251723E-001,+3.19530046900E-001,+6.64367398788E-001,+3.19245419475E-001,+6.64598991519E-001,-5.37780077191E-001,+2.95338920110E-001,
12.9e6,caps hf ps1 0 31 1 0,-5.71619807284E-001,+2.55463567727E-001,+3.23069421052E-001,+6.62043511425E-001,+3.22465117871E-001,+6.62336533303E-001,-5.33371900652E-001,+3.02829990688E-001,
12.9e6,caps hf ps1 0 31 1 15,-5.73404358573E-001,+2.49470392582E-001,+3.35637417456E-001,+6.56538503798E-001,+3.34736052923E-001,+6.57382696862E-001,-5.17991688980E-001,+3.27415639049E-001,
12.9e6,caps hf ps1 0 31 1 16,-5.74960910000E-001,+2.47838719984E-001,+3.38203236282E-001,+6.55703622670E-001,+3.39055902775E-001,+6.55197096346E-001,-5.13815493681E-001,+3.34919464847E-001,
12.9e6,caps hf ps1 0 31 1 31,-5.76450779301E-001,+2.43516936427E-001,+3.50075928867E-001,+6.49045088993E-001,+3.49366722612E-001,+6.49086420068E-001,-4.97498065215E-001,+3.57020672926E-001,
12.9e6,caps hf ps1 0 31 1 32,-5.77335558827E-001,+2.40157510810E-001,+3.55134761073E-001,+6.45655899166E-001,+3.54880886153E-001,+6.45889118048E-001,-4.89734582828E-001,+3.68133485129E-001,
12.9e6,caps hf ps1 0 31 1 47,-5.80199325704E-001,+2.34426436157E-001,+3.65653973943E-001,+6.39759832018E-001,+3.65766651734E-001,+6.40420764344E-001,-4.73549984966E-001,+3.89446169626E-001,
12.9e6,caps hf ps1 0 31 1 48,-5.81468779752E-001,+2.33326771542E-001,+3.69042906955E-001,+6.37752596763E-001,+3.68959530635E-001,+6.37796560009E-001,-4.68304825778E-001,+3.95838360464E-001,
12.9e6,caps hf ps1 0 31 1 63,-5.83861405961E-001,+2.28403326789E-001,+3.78142670905E-001,+6.31495191381E-001,+3.78666739335E-001,+6.32179123977E-001,-4.52634661830E-001,+4.14758341638E-001,
12.9e6,caps hf ps1 0 31 2 0,-5.85045636997E-001,+2.27591072519E-001,+3.83418114886E-001,+6.28381035782E-001,+3.82918098307E-001,+6.29055904008E-001,-4.45475765889E-001,+4.23363558899E-001,
12.9e6,caps hf ps1 0 31 2 15,-5.87289520512E-001,+2.22275432328E-001,+3.91482304658E-001,+6.22261264533E-001,+3.91281309844E-001,+6.22738036819E-001,-4.29306095929E-001,+4.41465264102E-001,
12.9e6,caps hf ps1 0 31 2 16,-5.88824941235E-001,+2.20748990600E-001,+3.94291778787E-001,+6.20404658541E-001,+3.94127743078E-001,+6.19836042787E-001,-4.23428768276E-001,+4.45899673533E-001,
12.9e6,caps hf ps1 0 31 2 31,-5.91031910639E-001,+2.16839167894E-001,+4.02661324262E-001,+6.13244043027E-001,+4.03162798639E-001,+6.13196331946E-001,-4.06535159393E-001,+4.63587321156E-001,
12.9e6,caps hf ps1 0 31 2 32,-5.91755215451E-001,+2.14889254994E-001,+4.06562115412E-001,+6.09257946522E-001,+4.06702442699E-001,+6.09335380376E-001,-3.97877452473E-001,+4.71609633819E-001,
12.9e6,caps hf ps1 0 31 2 47,-5.94696281436E-001,+2.11240088724E-001,+4.14329688422E-001,+6.02274176978E-001,+4.14427742857E-001,+6.03130599499E-001,-3.81538779239E-001,+4.86926661948E-001,
12.9e6,caps hf ps1 0 31 2 48,-5.95893880335E-001,+2.09797553973E-001,+4.17652004918E-001,+6.01118787944E-001,+4.17455221328E-001,+6.00521652698E-001,-3.76079519200E-001,+4.91477407070E-001,
12.9e6,caps hf ps1 0 31 2 63,-5.99565136416E-001,+2.06184576414E-001,+4.24887085775E-001,+5.94539857225E-001,+4.23921693384E-001,+5.94261136352E-001,-3.60004728675E-001,+5.04797868356E-001,
12.9e6,caps hf ps1 0 31 3 0,-6.00166056684E-001,+2.04159190019E-001,+4.26924569095E-001,+5.91688349851E-001,+4.27693995340E-001,+5.91773234806E-001,-3.54110204765E-001,+5.11323289167E-001,
12.9e6,caps hf ps1 0 31 3 15,-6.02204530653E-001,+2.01586182535E-001,+4.33672322593E-001,+5.84637182210E-001,+4.33836979028E-001,+5.84579806326E-001,-3.36877176857E-001,+5.23690105316E-001,
12.9e6,caps hf ps1 0 31 3 16,-6.04171072352E-001,+2.00230149609E-001,+4.36003243588E-001,+5.82383841166E-001,+4.36557760276E-001,+5.82935831615E-001,-3.32167269066E-001,+5.28723635261E-001,
12.9e6,caps hf ps1 0 31 3 31,-6.06005505821E-001,+1.98020677652E-001,+4.42335860129E-001,+5.75403744475E-001,+4.42222532916E-001,+5.76100304757E-001,-3.16139683379E-001,+5.39402117974E-001,
12.9e6,caps hf ps1 0 31 3 32,-6.07866095013E-001,+1.95845119261E-001,+4.45245706571E-001,+5.72649793159E-001,+4.46049165388E-001,+5.72471881994E-001,-3.07423716348E-001,+5.45826192156E-001,
12.9e6,caps hf ps1 0 31 3 47,-6.10944852603E-001,+1.92556038581E-001,+4.50791856226E-001,+5.65681284001E-001,+4.51816173689E-001,+5.65781754245E-001,-2.92033979340E-001,+5.56810602885E-001,
12.9e6,caps hf ps1 0 31 3 48,-6.10839676467E-001,+1.91684738717E-001,+4.52605080269E-001,+5.63539196090E-001,+4.52642936695E-001,+5.64142122437E-001,-2.86967120042E-001,+5.59463980082E-001,
12.9e6,caps hf ps1 0 31 3 63,-6.14313323753E-001,+1.89302176949E-001,+4.58366675453E-001,+5.57019453702E-001,+4.58822483120E-001,+5.57515619056E-001,-2.71378462230E-001,+5.69545086766E-001,
12.9e6,caps hf ps1 0 31 4 0,-6.15337120123E-001,+1.88790298352E-001,+4.57762770299E-001,+5.57399672718E-001,+4.59002792718E-001,+5.55905524840E-001,-2.69631460782E-001,+5.70508279584E-001,
12.9e6,caps hf ps1 0 31 4 15,-6.18340795820E-001,+1.86138502087E-001,+4.63627188932E-001,+5.50085508247E-001,+4.64308641456E-001,+5.50738393895E-001,-2.55426436160E-001,+5.80299714514E-001,
12.9e6,caps hf ps1 0 31 4 16,-6.18284962053E-001,+1.85908135127E-001,+4.65686089024E-001,+5.48381881518E-001,+4.65112803919E-001,+5.48251391088E-001,-2.50095609628E-001,+5.82431254156E-001,
12.9e6,caps hf ps1 0 31 4 31,-6.21623117712E-001,+1.83322943856E-001,+4.70690307597E-001,+5.41638338836E-001,+4.70277221016E-001,+5.41845497268E-001,-2.35385475641E-001,+5.91436568702E-001,
12.9e6,caps hf ps1 0 31 4 32,-6.22288252191E-001,+1.81783929358E-001,+4.72088550943E-001,+5.38465742767E-001,+4.72440063324E-001,+5.38642340007E-001,-2.27385205411E-001,+5.95510610969E-001,
12.9e6,caps hf ps1 0 31 4 47,-6.25780442091E-001,+1.80056363287E-001,+4.76822040968E-001,+5.31626310754E-001,+4.76677010492E-001,+5.32108369590E-001,-2.12603014896E-001,+6.03070852497E-001,
12.9e6,caps hf ps1 0 31 4 48,-6.26345903957E-001,+1.78948562162E-001,+4.78285524745E-001,+5.30082672496E-001,+4.77631467729E-001,+5.30194689894E-001,-2.07981766843E-001,+6.04677801935E-001,
12.9e6,caps hf ps1 0 31 4 63,-6.28779732530E-001,+1.76610550623E-001,+4.81904716616E-001,+5.23895422808E-001,+4.81581478453E-001,+5.24094120684E-001,-1.93824818818E-001,+6.11924858910E-001,
12.9e6,caps hf ps1 0 31 5 0,-6.28718040477E-001,+1.76897494237E-001,+4.82606042607E-001,+5.22552899262E-001,+4.82207077945E-001,+5.23115174636E-001,-1.91729240452E-001,+6.13327051382E-001,
12.9e6,caps hf ps1 0 31 5 15,-6.31915770969E-001,+1.74331022316E-001,+4.86167249105E-001,+5.17405669577E-001,+4.86041814321E-001,+5.16533925330E-001,-1.77241259582E-001,+6.19825710073E-001,
12.9e6,caps hf ps1 0 31 5 16,-6.32517655316E-001,+1.74021333018E-001,+4.86832776759E-001,+5.15289221499E-001,+4.87799271579E-001,+5.14892940802E-001,-1.73864811800E-001,+6.22705670976E-001,
12.9e6,caps hf ps1 0 31 5 31,-6.35008626279E-001,+1.72029937516E-001,+4.90597388571E-001,+5.08797573343E-001,+4.90785257080E-001,+5.09244325992E-001,-1.59709619985E-001,+6.27808555011E-001,
12.9e6,caps hf ps1 0 31 5 32,-6.36392626249E-001,+1.71595023211E-001,+4.91653723071E-001,+5.06160562676E-001,+4.93137732819E-001,+5.06202161146E-001,-1.53238724499E-001,+6.31129443748E-001,
12.9e6,caps hf ps1 0 31 5 47,-6.38670285781E-001,+1.70085889081E-001,+4.95878921143E-001,+5.00640656790E-001,+4.95918202253E-001,+5.00287194923E-001,-1.39095744267E-001,+6.36021013413E-001,
12.9e6,caps hf ps1 0 31 5 48,-6.39131224619E-001,+1.69216416287E-001,+4.95595364970E-001,+4.98613874096E-001,+4.96130624495E-001,+4.98618051592E-001,-1.35286512087E-001,+6.37572846635E-001,
12.9e6,caps hf ps1 0 31 5 63,-6.42308714203E-001,+1.67479348484E-001,+4.99129844675E-001,+4.93158975566E-001,+4.99503930322E-001,+4.92656156152E-001,-1.21545942069E-001,+6.42757338824E-001,
12.9e6,caps hf ps1 0 31 6 0,-6.42093999400E-001,+1.68092749023E-001,+4.98641557806E-001,+4.94737508163E-001,+4.99099303915E-001,+4.93540531491E-001,-1.24345904805E-001,+6.41989591502E-001,
12.9e6,caps hf ps1 0 31 6 15,-6.44371777833E-001,+1.67407747042E-001,+5.01692376350E-001,+4.88166789748E-001,+5.02446263459E-001,+4.88225739278E-001,-1.11773601511E-001,+6.46799477264E-001,
12.9e6,caps hf ps1 0 31 6 16,-6.45105134381E-001,+1.66759545974E-001,+5.02639760611E-001,+4.86773491154E-001,+5.02453932754E-001,+4.86776199958E-001,-1.08011538800E-001,+6.48283487445E-001,
12.9e6,caps hf ps1 0 31 6 31,-6.47882730442E-001,+1.64803799630E-001,+5.04829437261E-001,+4.81828082897E-001,+5.05250076600E-001,+4.81065656437E-001,-9.55645159721E-002,+6.52227693696E-001,
12.9e6,caps hf ps1 0 31 6 32,-6.47814184492E-001,+1.64170072802E-001,+5.05486560236E-001,+4.78812975572E-001,+5.06112316681E-001,+4.78624200985E-001,-8.98381813325E-002,+6.53639326547E-001,
12.9e6,caps hf ps1 0 31 6 47,-6.51681305782E-001,+1.63344552695E-001,+5.08924586584E-001,+4.73401208973E-001,+5.09177103933E-001,+4.73500629679E-001,-7.78046606120E-002,+6.58056579386E-001,
12.9e6,caps hf ps1 0 31 6 48,-6.51713468998E-001,+1.62600408135E-001,+5.09020637772E-001,+4.72318785840E-001,+5.08995118126E-001,+4.71588246138E-001,-7.45532029169E-002,+6.58703101208E-001,
12.9e6,caps hf ps1 0 31 6 63,-6.53856224030E-001,+1.61459952753E-001,+5.11424095002E-001,+4.66457431347E-001,+5.11328930982E-001,+4.66164186632E-001,-6.20379788326E-002,+6.62112300419E-001,
12.9e6,caps hf ps1 0 32 0 0,-5.68691009343E-001,+3.04847667994E-001,+2.57133738475E-001,+6.71660220620E-001,+2.56563774474E-001,+6.71752522688E-001,-6.11841185085E-001,+1.63708236389E-001,
12.9e6,caps hf ps1 0 32 0 15,-5.70216496220E-001,+2.98239704533E-001,+2.71780391228E-001,+6.68480473820E-001,+2.70779355500E-001,+6.69337340618E-001,-6.00459131661E-001,+1.94657161771E-001,
12.9e6,caps hf ps1 0 32 0 16,-5.70112770609E-001,+2.96079383215E-001,+2.76075285807E-001,+6.67638455469E-001,+2.75016199450E-001,+6.67118649182E-001,-5.96532561531E-001,+2.04581074820E-001,
12.9e6,caps hf ps1 0 32 0 31,-5.72186543300E-001,+2.90239659941E-001,+2.90049268374E-001,+6.63047588450E-001,+2.88471630156E-001,+6.62340036467E-001,-5.82860084625E-001,+2.33470269793E-001,
12.9e6,caps hf ps1 0 32 0 32,-5.72896051672E-001,+2.86448150556E-001,+2.96666407836E-001,+6.60841484572E-001,+2.95066336472E-001,+6.60753061550E-001,-5.76576292496E-001,+2.47685271765E-001,
12.9e6,caps hf ps1 0 32 0 47,-5.74683209856E-001,+2.80990884023E-001,+3.09048785336E-001,+6.55045224177E-001,+3.09361728597E-001,+6.55520424802E-001,-5.62128513745E-001,+2.76590104452E-001,
12.9e6,caps hf ps1 0 32 0 48,-5.74975827650E-001,+2.78838101912E-001,+3.12417027870E-001,+6.54197872899E-001,+3.12609854736E-001,+6.54301992509E-001,-5.58729718407E-001,+2.84305256304E-001,
12.9e6,caps hf ps1 0 32 0 63,-5.77364160990E-001,+2.73380256629E-001,+3.25364850807E-001,+6.48236643551E-001,+3.24785627224E-001,+6.48281880134E-001,-5.42622558785E-001,+3.09851774496E-001,
12.9e6,caps hf ps1 0 32 1 0,-5.77981225167E-001,+2.70904944582E-001,+3.28998033252E-001,+6.46402146831E-001,+3.28982638455E-001,+6.46764968072E-001,-5.38111588445E-001,+3.18284140967E-001,
12.9e6,caps hf ps1 0 32 1 15,-5.79781046204E-001,+2.66078592005E-001,+3.40916109945E-001,+6.41268968329E-001,+3.39972210284E-001,+6.41558810815E-001,-5.23160362846E-001,+3.42360461134E-001,
12.9e6,caps hf ps1 0 32 1 16,-5.80629890865E-001,+2.64820701418E-001,+3.44104838501E-001,+6.39174661949E-001,+3.43831036106E-001,+6.39930411554E-001,-5.18311130605E-001,+3.49844063166E-001,
12.9e6,caps hf ps1 0 32 1 31,-5.83477773879E-001,+2.59014179277E-001,+3.54796338255E-001,+6.33802784378E-001,+3.54480829666E-001,+6.32716525948E-001,-5.01415024034E-001,+3.72389201916E-001,
12.9e6,caps hf ps1 0 32 1 32,-5.84100225567E-001,+2.57237497135E-001,+3.60287921531E-001,+6.29987577079E-001,+3.60357863756E-001,+6.29813643443E-001,-4.93154763325E-001,+3.83987516631E-001,
12.9e6,caps hf ps1 0 32 1 47,-5.87291466651E-001,+2.52766934719E-001,+3.71346332372E-001,+6.23878912522E-001,+3.70116212898E-001,+6.23351394924E-001,-4.76355828008E-001,+4.04909600076E-001,
12.9e6,caps hf ps1 0 32 1 48,-5.88111971476E-001,+2.51010733019E-001,+3.73833968855E-001,+6.21923304045E-001,+3.73098728324E-001,+6.22153646454E-001,-4.71752439794E-001,+4.10483742437E-001,
12.9e6,caps hf ps1 0 32 1 63,-5.90395842862E-001,+2.46131853120E-001,+3.82442007595E-001,+6.15010157664E-001,+3.83025548648E-001,+6.15105307495E-001,-4.54515209496E-001,+4.30713510089E-001,
12.9e6,caps hf ps1 0 32 2 0,-5.91505567829E-001,+2.44207760352E-001,+3.87514471272E-001,+6.11421659184E-001,+3.86897309002E-001,+6.11919416695E-001,-4.48111341202E-001,+4.39102653347E-001,
12.9e6,caps hf ps1 0 32 2 15,-5.94286158338E-001,+2.40454409101E-001,+3.96780037923E-001,+6.04764817331E-001,+3.95793998943E-001,+6.05623240005E-001,-4.30340233968E-001,+4.56994571476E-001,
12.9e6,caps hf ps1 0 32 2 16,-5.94570367449E-001,+2.38885102327E-001,+3.98913580538E-001,+6.03223993578E-001,+3.99272611220E-001,+6.03095735215E-001,-4.25164156387E-001,+4.62672710903E-001,
12.9e6,caps hf ps1 0 32 2 31,-5.97767154144E-001,+2.35144826120E-001,+4.06612959112E-001,+5.96441689373E-001,+4.07398808849E-001,+5.96275812942E-001,-4.07604663345E-001,+4.79140213452E-001,
12.9e6,caps hf ps1 0 32 2 32,-5.99313483025E-001,+2.33104493340E-001,+4.11066948398E-001,+5.92624534012E-001,+4.10947381693E-001,+5.92171169443E-001,-3.98352963595E-001,+4.87583144942E-001,
12.9e6,caps hf ps1 0 32 2 47,-6.01588111731E-001,+2.30036605034E-001,+4.18278836956E-001,+5.85687362419E-001,+4.18108493336E-001,+5.86278666003E-001,-3.82079962676E-001,+5.01935582898E-001,
12.9e6,caps hf ps1 0 32 2 48,-6.03082726794E-001,+2.28218573167E-001,+4.20477529663E-001,+5.83290377905E-001,+4.21582097636E-001,+5.84558524587E-001,-3.77288826400E-001,+5.07382569952E-001,
12.9e6,caps hf ps1 0 32 2 63,-6.05476752928E-001,+2.25036628997E-001,+4.28155508723E-001,+5.76446458742E-001,+4.27725760589E-001,+5.77158395891E-001,-3.60467539322E-001,+5.20944437539E-001,
12.9e6,caps hf ps1 0 32 3 0,-6.06866657653E-001,+2.23235584680E-001,+4.30779661290E-001,+5.74499523313E-001,+4.30525585008E-001,+5.73929246561E-001,-3.53245165695E-001,+5.26359599258E-001,
12.9e6,caps hf ps1 0 32 3 15,-6.10098768553E-001,+2.20390096076E-001,+4.37044695474E-001,+5.67598317242E-001,+4.36881554617E-001,+5.67339787093E-001,-3.36695269314E-001,+5.39446332381E-001,
12.9e6,caps hf ps1 0 32 3 16,-6.10924210261E-001,+2.19407457239E-001,+4.38912136716E-001,+5.65351777342E-001,+4.39310680031E-001,+5.65562749919E-001,-3.31770957999E-001,+5.43047326754E-001,
12.9e6,caps hf ps1 0 32 3 31,-6.13204362159E-001,+2.16564262412E-001,+4.44620250494E-001,+5.58803825903E-001,+4.45407792389E-001,+5.58654893076E-001,-3.15053682107E-001,+5.55011673008E-001,
12.9e6,caps hf ps1 0 32 3 32,-6.15228590893E-001,+2.14989183352E-001,+4.47905835239E-001,+5.54416916395E-001,+4.48333517867E-001,+5.55577095277E-001,-3.06890304451E-001,+5.61131193656E-001,
12.9e6,caps hf ps1 0 32 3 47,-6.18167068172E-001,+2.11894561359E-001,+4.53874953674E-001,+5.48577848342E-001,+4.54063929550E-001,+5.48463198825E-001,-2.90137186230E-001,+5.71295078094E-001,
12.9e6,caps hf ps1 0 32 3 48,-6.18768202575E-001,+2.12135908335E-001,+4.55720980521E-001,+5.45929701187E-001,+4.55563597846E-001,+5.46575472174E-001,-2.85458885813E-001,+5.74863679970E-001,
12.9e6,caps hf ps1 0 32 3 63,-6.20358783892E-001,+2.08494852469E-001,+4.59547925685E-001,+5.38961253685E-001,+4.59907552216E-001,+5.39725955303E-001,-2.69304428859E-001,+5.83630439626E-001,
12.9e6,caps hf ps1 0 32 4 0,-6.21531784253E-001,+2.08751916211E-001,+4.60551438131E-001,+5.39027186859E-001,+4.61030154661E-001,+5.39498127659E-001,-2.68603523867E-001,+5.85363440866E-001,
12.9e6,caps hf ps1 0 32 4 15,-6.24444925669E-001,+2.06366654832E-001,+4.65836424533E-001,+5.32252880914E-001,+4.65570232276E-001,+5.32248981834E-001,-2.52327945774E-001,+5.94643687119E-001,
12.9e6,caps hf ps1 0 32 4 16,-6.25424366325E-001,+2.05776757191E-001,+4.67780233054E-001,+5.29983111806E-001,+4.66553736838E-001,+5.30447197843E-001,-2.47830055905E-001,+5.97073652362E-001,
12.9e6,caps hf ps1 0 32 4 31,-6.28556890722E-001,+2.03541535818E-001,+4.71391135739E-001,+5.23826073198E-001,+4.72349375944E-001,+5.23413580847E-001,-2.31811692986E-001,+6.05918876837E-001,
12.9e6,caps hf ps1 0 32 4 32,-6.29477053047E-001,+2.01724566096E-001,+4.73343091620E-001,+5.20480946058E-001,+4.74309178122E-001,+5.20570836827E-001,-2.24914660506E-001,+6.09842735005E-001,
12.9e6,caps hf ps1 0 32 4 47,-6.31897219025E-001,+2.00351893255E-001,+4.77637832068E-001,+5.14191817111E-001,+4.78071554691E-001,+5.14000468477E-001,-2.08957901960E-001,+6.17083063345E-001,
12.9e6,caps hf ps1 0 32 4 48,-6.32304399029E-001,+1.99867939733E-001,+4.78434570665E-001,+5.12247292246E-001,+4.79599829161E-001,+5.12963167765E-001,-2.05115422163E-001,+6.19440633414E-001,
12.9e6,caps hf ps1 0 32 4 63,-6.35873771993E-001,+1.97981596324E-001,+4.82688692882E-001,+5.05908299265E-001,+4.82805145320E-001,+5.06300388906E-001,-1.90267903670E-001,+6.25969664272E-001,
12.9e6,caps hf ps1 0 32 5 0,-6.35845697048E-001,+1.97688593550E-001,+4.83828701932E-001,+5.05526290150E-001,+4.83408166858E-001,+5.04806005637E-001,-1.88217423902E-001,+6.28138172383E-001,
12.9e6,caps hf ps1 0 32 5 15,-6.38839664110E-001,+1.95745071909E-001,+4.87187884763E-001,+4.99656823504E-001,+4.87189192501E-001,+4.99694586867E-001,-1.73840785829E-001,+6.34448284304E-001,
12.9e6,caps hf ps1 0 32 5 16,-6.39550562894E-001,+1.95517771130E-001,+4.88156946194E-001,+4.97112995848E-001,+4.88034240700E-001,+4.96829719304E-001,-1.69408716930E-001,+6.36276492480E-001,
12.9e6,caps hf ps1 0 32 5 31,-6.42469850457E-001,+1.93477364719E-001,+4.91277532957E-001,+4.91455604500E-001,+4.90757774905E-001,+4.91427647007E-001,-1.55670843173E-001,+6.41428601708E-001,
12.9e6,caps hf ps1 0 32 5 32,-6.43702493406E-001,+1.92535931938E-001,+4.92418879721E-001,+4.89121396829E-001,+4.92846084130E-001,+4.88685818761E-001,-1.49067183208E-001,+6.44575624699E-001,
12.9e6,caps hf ps1 0 32 5 47,-6.45816115850E-001,+1.91193025187E-001,+4.95139901298E-001,+4.82915316144E-001,+4.95777028442E-001,+4.82764129911E-001,-1.34936854802E-001,+6.49552247928E-001,
12.9e6,caps hf ps1 0 32 5 48,-6.46077924921E-001,+1.91243682215E-001,+4.96564988408E-001,+4.80607984883E-001,+4.95996552722E-001,+4.81011911673E-001,-1.31099390646E-001,+6.50431387405E-001,
12.9e6,caps hf ps1 0 32 5 63,-6.48823497826E-001,+1.89593300538E-001,+4.99055281342E-001,+4.75514945830E-001,+4.99630843670E-001,+4.74938807591E-001,-1.17564688733E-001,+6.56003947812E-001,
12.9e6,caps hf ps1 0 32 6 0,-6.48905764129E-001,+1.89951794401E-001,+4.99266023843E-001,+4.76311698287E-001,+4.99354657121E-001,+4.75317248975E-001,-1.19721055119E-001,+6.55269100967E-001,
12.9e6,caps hf ps1 0 32 6 15,-6.51581796707E-001,+1.88658496525E-001,+5.02135153823E-001,+4.70758838476E-001,+5.01695194403E-001,+4.70497075214E-001,-1.06602063781E-001,+6.60353725690E-001,
12.9e6,caps hf ps1 0 32 6 16,-6.51444536665E-001,+1.88447948485E-001,+5.02673977938E-001,+4.68568419579E-001,+5.02839574880E-001,+4.68822800054E-001,-1.03831238800E-001,+6.60995586711E-001,
12.9e6,caps hf ps1 0 32 6 31,-6.53708131451E-001,+1.86475515967E-001,+5.04175465637E-001,+4.63863724273E-001,+5.04522667043E-001,+4.63696790453E-001,-9.05113290470E-002,+6.64999824030E-001,
12.9e6,caps hf ps1 0 32 6 32,-6.55014189412E-001,+1.86323619977E-001,+5.05666828129E-001,+4.60623015960E-001,+5.05983509376E-001,+4.60760962220E-001,-8.52837274750E-002,+6.66980625540E-001,
12.9e6,caps hf ps1 0 32 6 47,-6.57192545928E-001,+1.85053030793E-001,+5.07942906625E-001,+4.55130005788E-001,+5.08097319960E-001,+4.55355113434E-001,-7.19222594352E-002,+6.69931459073E-001,
12.9e6,caps hf ps1 0 32 6 48,-6.58248682941E-001,+1.85214786076E-001,+5.08291789804E-001,+4.53846424871E-001,+5.08482580210E-001,+4.54059185498E-001,-6.96277108985E-002,+6.71344894867E-001,
12.9e6,caps hf ps1 0 32 6 63,-6.59674116585E-001,+1.83941683541E-001,+5.10102953809E-001,+4.48774823326E-001,+5.10069812853E-001,+4.48948387781E-001,-5.71843327918E-002,+6.73988428933E-001,
12.9e6,caps hf ps1 0 47 0 0,-5.82669455467E-001,+3.50641158406E-001,+2.76960548102E-001,+6.28643755990E-001,+2.76156793145E-001,+6.28200404098E-001,-6.35432817153E-001,+2.04940888009E-001,
12.9e6,caps hf ps1 0 47 0 15,-5.84226636664E-001,+3.44916153143E-001,+2.90745985725E-001,+6.23991633561E-001,+2.89623053631E-001,+6.24541752586E-001,-6.22240499370E-001,+2.38051706912E-001,
12.9e6,caps hf ps1 0 47 0 16,-5.85253750503E-001,+3.43084393920E-001,+2.94392008161E-001,+6.22503551765E-001,+2.94313931811E-001,+6.22372993332E-001,-6.17504214771E-001,+2.48000314317E-001,
12.9e6,caps hf ps1 0 47 0 31,-5.86641230355E-001,+3.37036082411E-001,+3.07390991453E-001,+6.17475876878E-001,+3.06620512089E-001,+6.17443980234E-001,-6.03055975492E-001,+2.78111249517E-001,
12.9e6,caps hf ps1 0 47 0 32,-5.87985081928E-001,+3.34853429741E-001,+3.14344622981E-001,+6.13575951677E-001,+3.13325075483E-001,+6.14341429385E-001,-5.95478315917E-001,+2.93753714339E-001,
12.9e6,caps hf ps1 0 47 0 47,-5.90491659956E-001,+3.29549565620E-001,+3.26558084460E-001,+6.08380662127E-001,+3.26035432717E-001,+6.08875887834E-001,-5.79319807612E-001,+3.21615981416E-001,
12.9e6,caps hf ps1 0 47 0 48,-5.90883201771E-001,+3.28498885864E-001,+3.29201589900E-001,+6.07154681900E-001,+3.29566068499E-001,+6.07036758817E-001,-5.74310588047E-001,+3.30115751109E-001,
12.9e6,caps hf ps1 0 47 0 63,-5.93068638069E-001,+3.23172494500E-001,+3.40652105268E-001,+6.00857595005E-001,+3.40604484645E-001,+6.00673930719E-001,-5.57456303491E-001,+3.56053828978E-001,
12.9e6,caps hf ps1 0 47 1 0,-5.94279556218E-001,+3.21430923560E-001,+3.45552288846E-001,+5.98999025639E-001,+3.44667545172E-001,+5.99658442744E-001,-5.53285438969E-001,+3.64861961932E-001,
12.9e6,caps hf ps1 0 47 1 15,-5.96795900678E-001,+3.17222345018E-001,+3.56289192845E-001,+5.92534257223E-001,+3.55084321875E-001,+5.92847289518E-001,-5.35932858520E-001,+3.89462003825E-001,
12.9e6,caps hf ps1 0 47 1 16,-5.97381774069E-001,+3.14636653907E-001,+3.58796348270E-001,+5.90232391804E-001,+3.59148338489E-001,+5.90458389906E-001,-5.30029545110E-001,+3.97229590565E-001,
12.9e6,caps hf ps1 0 47 1 31,-6.00104761915E-001,+3.11636610828E-001,+3.69976708104E-001,+5.83134449110E-001,+3.68678013459E-001,+5.83486353220E-001,-5.12494690441E-001,+4.19844047492E-001,
12.9e6,caps hf ps1 0 47 1 32,-6.01717654665E-001,+3.09368006565E-001,+3.74191658079E-001,+5.79853200514E-001,+3.73627429282E-001,+5.80468683295E-001,-5.03367641372E-001,+4.31489864382E-001,
12.9e6,caps hf ps1 0 47 1 47,-6.03720929566E-001,+3.05030513069E-001,+3.83664236118E-001,+5.72903489861E-001,+3.83387803026E-001,+5.73344153776E-001,-4.84725504208E-001,+4.52753633571E-001,
12.9e6,caps hf ps1 0 47 1 48,-6.05632716980E-001,+3.03213269603E-001,+3.86367861630E-001,+5.70995136011E-001,+3.85749377661E-001,+5.71480022604E-001,-4.79321486931E-001,+4.58785968035E-001,
12.9e6,caps hf ps1 0 47 1 63,-6.07435118723E-001,+2.99800502283E-001,+3.94737215640E-001,+5.63281212146E-001,+3.94931281116E-001,+5.64494037368E-001,-4.60648551348E-001,+4.78669244135E-001,
12.9e6,caps hf ps1 0 47 2 0,-6.09372158688E-001,+2.98113568720E-001,+3.99045143153E-001,+5.61081393995E-001,+3.98388771421E-001,+5.60212020176E-001,-4.52713070139E-001,+4.87184554103E-001,
12.9e6,caps hf ps1 0 47 2 15,-6.11442877606E-001,+2.94996934678E-001,+4.07169326020E-001,+5.53060404741E-001,+4.06321280003E-001,+5.53905589932E-001,-4.34401955031E-001,+5.05021146712E-001,
12.9e6,caps hf ps1 0 47 2 16,-6.13105774657E-001,+2.94175019524E-001,+4.09263329944E-001,+5.51558162747E-001,+4.09047820270E-001,+5.51159438265E-001,-4.28440576057E-001,+5.10624773591E-001,
12.9e6,caps hf ps1 0 47 2 31,-6.15853554504E-001,+2.91090590098E-001,+4.16735568440E-001,+5.44384093171E-001,+4.16485288096E-001,+5.44507116202E-001,-4.10496696367E-001,+5.26918356305E-001,
12.9e6,caps hf ps1 0 47 2 32,-6.17201004360E-001,+2.88629314952E-001,+4.20284886247E-001,+5.40477444570E-001,+4.20869492398E-001,+5.40299977932E-001,-3.99756457718E-001,+5.36005452850E-001,
12.9e6,caps hf ps1 0 47 2 47,-6.19999175524E-001,+2.86117169749E-001,+4.26993650622E-001,+5.32659910872E-001,+4.27344748649E-001,+5.32940658559E-001,-3.81172337071E-001,+5.50668611601E-001,
12.9e6,caps hf ps1 0 47 2 48,-6.20294127644E-001,+2.84660028214E-001,+4.29274666588E-001,+5.30479679655E-001,+4.29453675663E-001,+5.31100210374E-001,-3.76207882702E-001,+5.54968949003E-001,
12.9e6,caps hf ps1 0 47 2 63,-6.23393856429E-001,+2.82960592583E-001,+4.35306116221E-001,+5.23807620021E-001,+4.35910152390E-001,+5.24030349134E-001,-3.58232090577E-001,+5.68550892708E-001,
12.9e6,caps hf ps1 0 47 3 0,-6.25040197634E-001,+2.81521185981E-001,+4.38024916577E-001,+5.20581535436E-001,+4.38346903631E-001,+5.21556486981E-001,-3.51509013658E-001,+5.74183758896E-001,
12.9e6,caps hf ps1 0 47 3 15,-6.27329857499E-001,+2.78954330508E-001,+4.43677286559E-001,+5.13532516645E-001,+4.43975871880E-001,+5.14096600671E-001,-3.33063559672E-001,+5.86896887883E-001,
12.9e6,caps hf ps1 0 47 3 16,-6.28731486949E-001,+2.78349526903E-001,+4.45615734296E-001,+5.12034754807E-001,+4.45770808192E-001,+5.11825571340E-001,-3.27661129844E-001,+5.90464570484E-001,
12.9e6,caps hf ps1 0 47 3 31,-6.31811426129E-001,+2.75803055992E-001,+4.50734493582E-001,+5.04918284111E-001,+4.50389073924E-001,+5.04671138716E-001,-3.09594528368E-001,+6.01590445449E-001,
12.9e6,caps hf ps1 0 47 3 32,-6.33094503450E-001,+2.74530151575E-001,+4.53432980418E-001,+5.01013597475E-001,+4.53719753019E-001,+5.01077934181E-001,-3.00556509548E-001,+6.07918552099E-001,
12.9e6,caps hf ps1 0 47 3 47,-6.35831615394E-001,+2.71850616807E-001,+4.57700015614E-001,+4.94380619280E-001,+4.57964594153E-001,+4.94706238314E-001,-2.83629186439E-001,+6.18073239105E-001,
12.9e6,caps hf ps1 0 47 3 48,-6.36070782425E-001,+2.71596952122E-001,+4.59396647009E-001,+4.91660869870E-001,+4.59980920057E-001,+4.92212062454E-001,-2.78212129549E-001,+6.21540368092E-001,
12.9e6,caps hf ps1 0 47 3 63,-6.39716610549E-001,+2.69887790134E-001,+4.64188275853E-001,+4.85141047226E-001,+4.63609550650E-001,+4.85118541371E-001,-2.60641210446E-001,+6.30406524469E-001,
12.9e6,caps hf ps1 0 47 4 0,-6.39593050359E-001,+2.70410538674E-001,+4.64624249335E-001,+4.84098258834E-001,+4.64576255399E-001,+4.84706025088E-001,-2.59916743748E-001,+6.31757577532E-001,
12.9e6,caps hf ps1 0 47 4 15,-6.42691872823E-001,+2.68146589401E-001,+4.69093232418E-001,+4.78362465600E-001,+4.68838906082E-001,+4.78097495901E-001,-2.43229798434E-001,+6.40712826111E-001,
12.9e6,caps hf ps1 0 47 4 16,-6.43566010296E-001,+2.67910756398E-001,+4.70590762854E-001,+4.75841523104E-001,+4.69601452405E-001,+4.75642193608E-001,-2.37386277351E-001,+6.42640753541E-001,
12.9e6,caps hf ps1 0 47 4 31,-6.45995884614E-001,+2.65600951188E-001,+4.73290419101E-001,+4.69129175552E-001,+4.73653218159E-001,+4.69275144224E-001,-2.21714346924E-001,+6.50494057385E-001,
12.9e6,caps hf ps1 0 47 4 32,-6.46706908157E-001,+2.64740162483E-001,+4.75202159569E-001,+4.65949755905E-001,+4.75728874341E-001,+4.65543285038E-001,-2.13183779597E-001,+6.54181005863E-001,
12.9e6,caps hf ps1 0 47 4 47,-6.50096056031E-001,+2.63412968234E-001,+4.78918126284E-001,+4.59958676243E-001,+4.79419373353E-001,+4.59410614373E-001,-1.97434169833E-001,+6.61698625948E-001,
12.9e6,caps hf ps1 0 47 4 48,-6.50561934692E-001,+2.62722782018E-001,+4.79895810490E-001,+4.57654949930E-001,+4.79919044551E-001,+4.57890384661E-001,-1.92615730495E-001,+6.63773281804E-001,
12.9e6,caps hf ps1 0 47 4 63,-6.53446239394E-001,+2.61676077726E-001,+4.83256974826E-001,+4.51663595423E-001,+4.82689125372E-001,+4.51607504222E-001,-1.77375004021E-001,+6.69742499294E-001,
12.9e6,caps hf ps1 0 47 5 0,-6.53672467820E-001,+2.61327527738E-001,+4.83379067966E-001,+4.50220143173E-001,+4.83811971606E-001,+4.50467181858E-001,-1.75300547392E-001,+6.71550032925E-001,
12.9e6,caps hf ps1 0 47 5 15,-6.55774303840E-001,+2.60284321280E-001,+4.86386683124E-001,+4.43801596469E-001,+4.87060180211E-001,+4.44342723358E-001,-1.59774240318E-001,+6.77254841258E-001,
12.9e6,caps hf ps1 0 47 5 16,-6.57059762808E-001,+2.59573647073E-001,+4.86934432676E-001,+4.42322908342E-001,+4.87157573291E-001,+4.43074962240E-001,-1.55722053084E-001,+6.79105770199E-001,
12.9e6,caps hf ps1 0 47 5 31,-6.59176329050E-001,+2.58606863050E-001,+4.89950223119E-001,+4.36755956228E-001,+4.90053569350E-001,+4.36051537351E-001,-1.40650784292E-001,+6.84051503461E-001,
12.9e6,caps hf ps1 0 47 5 32,-6.60323377504E-001,+2.57445997036E-001,+4.91358685666E-001,+4.33911202759E-001,+4.91442259330E-001,+4.34063204906E-001,-1.34207195969E-001,+6.86701221931E-001,
12.9e6,caps hf ps1 0 47 5 47,-6.63051545249E-001,+2.56973385546E-001,+4.93329017391E-001,+4.27793598435E-001,+4.93412251391E-001,+4.28203194124E-001,-1.19511904853E-001,+6.91105051399E-001,
12.9e6,caps hf ps1 0 47 5 48,-6.63778487665E-001,+2.56404638104E-001,+4.94199402896E-001,+4.26464376953E-001,+4.94371200065E-001,+4.25990392499E-001,-1.14970476516E-001,+6.92737811022E-001,
12.9e6,caps hf ps1 0 47 5 63,-6.66328397116E-001,+2.55836090736E-001,+4.95874258157E-001,+4.20398505444E-001,+4.96757321543E-001,+4.20611615908E-001,-1.00203232693E-001,+6.97415203343E-001,
12.9e6,caps hf ps1 0 47 6 0,-6.66284776839E-001,+2.54625646542E-001,+4.96116375657E-001,+4.22154702078E-001,+4.96292336095E-001,+4.21134913957E-001,-1.03551802517E-001,+6.96324668895E-001,
12.9e6,caps hf ps1 0 47 6 15,-6.68255256224E-001,+2.54125621271E-001,+4.97972320772E-001,+4.16066754830E-001,+4.98496153752E-001,+4.16105445174E-001,-8.99024338826E-002,+7.00582128823E-001,
12.9e6,caps hf ps1 0 47 6 16,-6.68495275998E-001,+2.54462942927E-001,+4.98596841355E-001,+4.14768064329E-001,+4.98576352296E-001,+4.14850376664E-001,-8.64098405658E-002,+7.01607124949E-001,
12.9e6,caps hf ps1 0 47 6 31,-6.70201223767E-001,+2.53327935042E-001,+5.00408706201E-001,+4.08910420086E-001,+5.00825817220E-001,+4.08575441334E-001,-7.23944515278E-002,+7.05270005359E-001,
12.9e6,caps hf ps1 0 47 6 32,-6.72229374947E-001,+2.53173830702E-001,+5.01168383830E-001,+4.06349477426E-001,+5.01775363773E-001,+4.06304530941E-001,-6.67780952495E-002,+7.06330101467E-001,
12.9e6,caps hf ps1 0 47 6 47,-6.74137970722E-001,+2.52796345146E-001,+5.02664646920E-001,+4.00752205756E-001,+5.03180653981E-001,+4.01314662130E-001,-5.39837558937E-002,+7.09121438140E-001,
12.9e6,caps hf ps1 0 47 6 48,-6.74087664544E-001,+2.52644380123E-001,+5.03417579061E-001,+3.99595241822E-001,+5.03177016047E-001,+4.00092577226E-001,-5.03491621666E-002,+7.10082515423E-001,
12.9e6,caps hf ps1 0 47 6 63,-6.76366831589E-001,+2.51066100338E-001,+5.04490305498E-001,+3.94276827637E-001,+5.05385093676E-001,+3.94470197892E-001,-3.72817592413E-002,+7.13643380987E-001,
12.9e6,caps hf ps1 0 48 0 0,-5.83371184650E-001,+3.51745140193E-001,+2.77056736767E-001,+6.27498007959E-001,+2.75474821573E-001,+6.27604422070E-001,-6.35880074826E-001,+2.05738752545E-001,
12.9e6,caps hf ps1 0 48 0 15,-5.84533872857E-001,+3.45350882324E-001,+2.90376526285E-001,+6.23233839029E-001,+2.89824805107E-001,+6.23380839952E-001,-6.22689007258E-001,+2.38353645370E-001,
12.9e6,caps hf ps1 0 48 0 16,-5.85139330330E-001,+3.43984810724E-001,+2.94347945285E-001,+6.21418813344E-001,+2.93983358263E-001,+6.22276087536E-001,-6.18610655792E-001,+2.48047250039E-001,
12.9e6,caps hf ps1 0 48 0 31,-5.87145695889E-001,+3.38708097243E-001,+3.07834841002E-001,+6.16052908229E-001,+3.07195096943E-001,+6.16914942863E-001,-6.03867695075E-001,+2.79216098178E-001,
12.9e6,caps hf ps1 0 48 0 32,-5.88760774226E-001,+3.35550728500E-001,+3.14403874660E-001,+6.13784926228E-001,+3.14683092511E-001,+6.13122701039E-001,-5.94970335563E-001,+2.94488349641E-001,
12.9e6,caps hf ps1 0 48 0 47,-5.90583107510E-001,+3.29822113870E-001,+3.26307503098E-001,+6.07571555308E-001,+3.26651631346E-001,+6.07934034361E-001,-5.79176625274E-001,+3.23048733240E-001,
12.9e6,caps hf ps1 0 48 0 48,-5.91361427366E-001,+3.29248636455E-001,+3.30002915495E-001,+6.06048176926E-001,+3.30186655733E-001,+6.06684298652E-001,-5.75489606714E-001,+3.31419499803E-001,
12.9e6,caps hf ps1 0 48 0 63,-5.93917327393E-001,+3.23972924683E-001,+3.41734103142E-001,+5.99566213026E-001,+3.40874060727E-001,+5.99926365579E-001,-5.58206196845E-001,+3.57432988959E-001,
12.9e6,caps hf ps1 0 48 1 0,-5.94090874758E-001,+3.22731205454E-001,+3.45610196183E-001,+5.97435482194E-001,+3.44822669878E-001,+5.97978027992E-001,-5.53352194869E-001,+3.65549551909E-001,
12.9e6,caps hf ps1 0 48 1 15,-5.96770922085E-001,+3.17981238580E-001,+3.56273448417E-001,+5.90853655285E-001,+3.55692621611E-001,+5.91834749437E-001,-5.35786846419E-001,+3.90862865673E-001,
12.9e6,caps hf ps1 0 48 1 16,-5.97081833981E-001,+3.16352294809E-001,+3.59442166717E-001,+5.88828321848E-001,+3.58334730423E-001,+5.89602519168E-001,-5.31277317246E-001,+3.97203321304E-001,
12.9e6,caps hf ps1 0 48 1 31,-6.00573433168E-001,+3.12497529455E-001,+3.69660531824E-001,+5.82753761072E-001,+3.69431382869E-001,+5.82416233211E-001,-5.12556326850E-001,+4.21083550975E-001,
12.9e6,caps hf ps1 0 48 1 32,-6.01791707317E-001,+3.10858193151E-001,+3.75390292580E-001,+5.78725883667E-001,+3.74379844900E-001,+5.79057867947E-001,-5.03314708037E-001,+4.32904855599E-001,
12.9e6,caps hf ps1 0 48 1 47,-6.04025252224E-001,+3.06066493923E-001,+3.84247307783E-001,+5.71565751119E-001,+3.84258344382E-001,+5.72459481458E-001,-4.84583347476E-001,+4.54663093193E-001,
12.9e6,caps hf ps1 0 48 1 48,-6.05371178837E-001,+3.04380196021E-001,+3.86384666671E-001,+5.69881579471E-001,+3.86210367658E-001,+5.70104869700E-001,-4.80000808473E-001,+4.60071351211E-001,
12.9e6,caps hf ps1 0 48 1 63,-6.08159423268E-001,+3.01069946952E-001,+3.95116376084E-001,+5.62249461928E-001,+3.95296444521E-001,+5.62971115584E-001,-4.60344996169E-001,+4.79749950623E-001,
12.9e6,caps hf ps1 0 48 2 0,-6.09621920801E-001,+2.99430971253E-001,+3.99057009786E-001,+5.58976313603E-001,+3.99286202964E-001,+5.59619249772E-001,-4.52712915166E-001,+4.88043515536E-001,
12.9e6,caps hf ps1 0 48 2 15,-6.11418594372E-001,+2.96581036390E-001,+4.06759708716E-001,+5.51851640912E-001,+4.07216512953E-001,+5.52178653298E-001,-4.33935985376E-001,+5.06339102855E-001,
12.9e6,caps hf ps1 0 48 2 16,-6.12940131877E-001,+2.94877326413E-001,+4.09571314530E-001,+5.50079116014E-001,+4.09301353784E-001,+5.50059793469E-001,-4.28163893137E-001,+5.11822607614E-001,
12.9e6,caps hf ps1 0 48 2 31,-6.15738698561E-001,+2.92230459313E-001,+4.17120790371E-001,+5.42606290094E-001,+4.16994029006E-001,+5.43322664122E-001,-4.09868771251E-001,+5.28379555972E-001,
12.9e6,caps hf ps1 0 48 2 32,-6.17568747796E-001,+2.90217709738E-001,+4.20714261026E-001,+5.38714901374E-001,+4.20413667724E-001,+5.39276866854E-001,-4.00365809157E-001,+5.36455589697E-001,
12.9e6,caps hf ps1 0 48 2 47,-6.19988409532E-001,+2.87366350479E-001,+4.27131687823E-001,+5.31926150613E-001,+4.27547129669E-001,+5.32347520462E-001,-3.82180988112E-001,+5.51844363953E-001,
12.9e6,caps hf ps1 0 48 2 48,-6.21680196677E-001,+2.86403604293E-001,+4.29799450343E-001,+5.29648410620E-001,+4.29212779426E-001,+5.29258507422E-001,-3.75911967852E-001,+5.56137592041E-001,
12.9e6,caps hf ps1 0 48 2 63,-6.23756386478E-001,+2.84272165076E-001,+4.35376120380E-001,+5.22800029688E-001,+4.35649518171E-001,+5.22701055337E-001,-3.58292510430E-001,+5.69753882082E-001,
12.9e6,caps hf ps1 0 48 3 0,-6.25059879171E-001,+2.82551263265E-001,+4.37973134111E-001,+5.19403535993E-001,+4.37908886899E-001,+5.20928871084E-001,-3.51869174603E-001,+5.74731970971E-001,
12.9e6,caps hf ps1 0 48 3 15,-6.28253399548E-001,+2.79896825376E-001,+4.44106293434E-001,+5.12587624025E-001,+4.43844021948E-001,+5.13138605243E-001,-3.33263821028E-001,+5.87765030603E-001,
12.9e6,caps hf ps1 0 48 3 16,-6.29716460212E-001,+2.79747404058E-001,+4.46014728838E-001,+5.10968889028E-001,+4.45552039161E-001,+5.10658875051E-001,-3.27649706621E-001,+5.91318122181E-001,
12.9e6,caps hf ps1 0 48 3 31,-6.31940560662E-001,+2.77103715204E-001,+4.50514685558E-001,+5.03678792258E-001,+4.51478371643E-001,+5.03585637231E-001,-3.09517539409E-001,+6.03255872613E-001,
12.9e6,caps hf ps1 0 48 3 32,-6.33561609348E-001,+2.75989797443E-001,+4.53557687082E-001,+4.99759273389E-001,+4.53732862655E-001,+4.99972663942E-001,-3.00840084354E-001,+6.08911535700E-001,
12.9e6,caps hf ps1 0 48 3 47,-6.36275057791E-001,+2.74222582549E-001,+4.58494383043E-001,+4.92540596660E-001,+4.57990371982E-001,+4.93111152866E-001,-2.82917072641E-001,+6.18795264390E-001,
12.9e6,caps hf ps1 0 48 3 48,-6.37085390453E-001,+2.73617325494E-001,+4.59711858758E-001,+4.90723232199E-001,+4.59568131646E-001,+4.90819109364E-001,-2.77778593289E-001,+6.22112009494E-001,
12.9e6,caps hf ps1 0 48 3 63,-6.39884776800E-001,+2.71079741849E-001,+4.64156235526E-001,+4.84178940998E-001,+4.63802018047E-001,+4.84149491707E-001,-2.61132153979E-001,+6.31135773771E-001,
12.9e6,caps hf ps1 0 48 4 0,-6.39366888276E-001,+2.70944085720E-001,+4.64706226327E-001,+4.82912736569E-001,+4.64514559011E-001,+4.83426933209E-001,-2.59838907270E-001,+6.32639361463E-001,
12.9e6,caps hf ps1 0 48 4 15,-6.42904314996E-001,+2.68461596924E-001,+4.67910473867E-001,+4.76782867861E-001,+4.69304331173E-001,+4.77291174638E-001,-2.43050789543E-001,+6.41052766461E-001,
12.9e6,caps hf ps1 0 48 4 16,-6.43524685996E-001,+2.68376735974E-001,+4.68994688099E-001,+4.74180130999E-001,+4.70358521203E-001,+4.75096597974E-001,-2.38075830591E-001,+6.44166037197E-001,
12.9e6,caps hf ps1 0 48 4 31,-6.45371020929E-001,+2.66572153111E-001,+4.73347221252E-001,+4.67957936658E-001,+4.73896944253E-001,+4.68481553232E-001,-2.21290013484E-001,+6.51627617925E-001,
12.9e6,caps hf ps1 0 48 4 32,-6.47507631011E-001,+2.65923675211E-001,+4.75101556797E-001,+4.65398319826E-001,+4.75613867775E-001,+4.65248438866E-001,-2.13532910303E-001,+6.55583453767E-001,
12.9e6,caps hf ps1 0 48 4 47,-6.50225518461E-001,+2.64085661002E-001,+4.78580978650E-001,+4.58791816404E-001,+4.78246151897E-001,+4.58556761556E-001,-1.97003063943E-001,+6.61801363285E-001,
12.9e6,caps hf ps1 0 48 4 48,-6.50904148506E-001,+2.64029962301E-001,+4.79723771193E-001,+4.56763126630E-001,+4.79986469767E-001,+4.56707482084E-001,-1.92473124488E-001,+6.64478014385E-001,
12.9e6,caps hf ps1 0 48 4 63,-6.53285376164E-001,+2.63263198436E-001,+4.83160096322E-001,+4.50097505164E-001,+4.82903625925E-001,+4.50319738244E-001,-1.76843629023E-001,+6.70746206608E-001,
12.9e6,caps hf ps1 0 48 5 0,-6.53605841353E-001,+2.62358767552E-001,+4.82696967989E-001,+4.49557340545E-001,+4.84300386353E-001,+4.49487789128E-001,-1.74327715364E-001,+6.72197922214E-001,
12.9e6,caps hf ps1 0 48 5 15,-6.56633128713E-001,+2.61547674811E-001,+4.86855132648E-001,+4.43375955347E-001,+4.87075045980E-001,+4.43084895115E-001,-1.59021186898E-001,+6.78509069563E-001,
12.9e6,caps hf ps1 0 48 5 16,-6.57123698430E-001,+2.60909496835E-001,+4.87566009580E-001,+4.40825086392E-001,+4.86565143476E-001,+4.41367976419E-001,-1.54479630748E-001,+6.79319714257E-001,
12.9e6,caps hf ps1 0 48 5 31,-6.59683787661E-001,+2.60045070834E-001,+4.89624438018E-001,+4.35515464591E-001,+4.89606938410E-001,+4.35400713810E-001,-1.40464336680E-001,+6.85184505085E-001,
12.9e6,caps hf ps1 0 48 5 32,-6.61105885322E-001,+2.59037381129E-001,+4.91076445043E-001,+4.32904225110E-001,+4.91164591145E-001,+4.32794722484E-001,-1.33479754378E-001,+6.87080397854E-001,
12.9e6,caps hf ps1 0 48 5 47,-6.62914268013E-001,+2.57751905981E-001,+4.93652953644E-001,+4.26291591842E-001,+4.93275760815E-001,+4.26417663136E-001,-1.18469885596E-001,+6.91490529193E-001,
12.9e6,caps hf ps1 0 48 5 48,-6.63023678254E-001,+2.57947459761E-001,+4.93726577564E-001,+4.24797233530E-001,+4.94449236454E-001,+4.25425505109E-001,-1.15084502467E-001,+6.93508853582E-001,
12.9e6,caps hf ps1 0 48 5 63,-6.66273526288E-001,+2.56247678120E-001,+4.96125611441E-001,+4.19071867386E-001,+4.96907677711E-001,+4.18934687642E-001,-1.00522421732E-001,+6.97935446378E-001,
12.9e6,caps hf ps1 0 48 6 0,-6.66419774749E-001,+2.57575858572E-001,+4.96048902272E-001,+4.20006059893E-001,+4.96547757377E-001,+4.20315851467E-001,-1.02962603587E-001,+6.97843941604E-001,
12.9e6,caps hf ps1 0 48 6 15,-6.68428122018E-001,+2.56464574886E-001,+4.98239060856E-001,+4.14579665094E-001,+4.98240921941E-001,+4.14869194904E-001,-8.99227765079E-002,+7.00784630369E-001,
12.9e6,caps hf ps1 0 48 6 16,-6.68925146667E-001,+2.55880053567E-001,+4.98392320931E-001,+4.13417202626E-001,+4.98172095389E-001,+4.13247204591E-001,-8.54575528509E-002,+7.01791123969E-001,
12.9e6,caps hf ps1 0 48 6 31,-6.70751557159E-001,+2.54531780981E-001,+5.00044639491E-001,+4.07991520077E-001,+5.00224947676E-001,+4.07982845018E-001,-7.23632593503E-002,+7.05306570738E-001,
12.9e6,caps hf ps1 0 48 6 32,-6.71720378685E-001,+2.54337472233E-001,+5.00894915430E-001,+4.05180443436E-001,+5.01453451325E-001,+4.04576148695E-001,-6.62926310609E-002,+7.06878356540E-001,
12.9e6,caps hf ps1 0 48 6 47,-6.73767046791E-001,+2.53818233769E-001,+5.03020500054E-001,+4.00279195575E-001,+5.03161505423E-001,+3.99969096087E-001,-5.31725528893E-002,+7.10189192029E-001,
12.9e6,caps hf ps1 0 48 6 48,-6.74739985878E-001,+2.53500641249E-001,+5.03190748603E-001,+3.98478768838E-001,+5.03896918111E-001,+3.98478661582E-001,-4.93822621271E-002,+7.11608463785E-001,
12.9e6,caps hf ps1 0 48 6 63,-6.77015830866E-001,+2.52787913247E-001,+5.04558048607E-001,+3.93642098462E-001,+5.05174906657E-001,+3.93471673162E-001,-3.78557971127E-002,+7.13827435211E-001,
12.9e6,caps hf ps1 0 63 0 0,-5.91966787841E-001,+3.94516018577E-001,+2.90768901985E-001,+5.86023198995E-001,+2.89982007334E-001,+5.86714532882E-001,-6.53608457574E-001,+2.46547142218E-001,
12.9e6,caps hf ps1 0 63 0 15,-5.93117716511E-001,+3.89978712870E-001,+3.03587048223E-001,+5.80479424436E-001,+3.03269716984E-001,+5.81084189147E-001,-6.38124769053E-001,+2.79512128254E-001,
12.9e6,caps hf ps1 0 63 0 16,-5.93693023453E-001,+3.87725323012E-001,+3.07463582551E-001,+5.78595313839E-001,+3.07232338000E-001,+5.79729919097E-001,-6.34074079250E-001,+2.89625607129E-001,
12.9e6,caps hf ps1 0 63 0 31,-5.96160438680E-001,+3.83477758913E-001,+3.19775917069E-001,+5.73096181335E-001,+3.19362088994E-001,+5.73675297255E-001,-6.17271397613E-001,+3.20446882798E-001,
12.9e6,caps hf ps1 0 63 0 32,-5.98282838468E-001,+3.81232179660E-001,+3.26135426500E-001,+5.70092800147E-001,+3.25664171856E-001,+5.70438591059E-001,-6.08223606598E-001,+3.36059313348E-001,
12.9e6,caps hf ps1 0 63 0 47,-6.00174721658E-001,+3.76814957600E-001,+3.38009756472E-001,+5.62912314240E-001,+3.37568222147E-001,+5.63853904430E-001,-5.90789798708E-001,+3.65613230500E-001,
12.9e6,caps hf ps1 0 63 0 48,-6.00746206542E-001,+3.75624670586E-001,+3.40660172027E-001,+5.61628492835E-001,+3.40709221223E-001,+5.61909690031E-001,-5.85650115137E-001,+3.73833483248E-001,
12.9e6,caps hf ps1 0 63 0 63,-6.03616989519E-001,+3.70941017910E-001,+3.51821661209E-001,+5.55266712587E-001,+3.51860404396E-001,+5.55302223787E-001,-5.67304842684E-001,+4.01177810804E-001,
12.9e6,caps hf ps1 0 63 1 0,-6.04804319048E-001,+3.68990988139E-001,+3.55063789833E-001,+5.52814748746E-001,+3.54882187514E-001,+5.52953423291E-001,-5.61827834954E-001,+4.08907870598E-001,
12.9e6,caps hf ps1 0 63 1 15,-6.06764611296E-001,+3.65827528372E-001,+3.65811556309E-001,+5.45310569056E-001,+3.64895916878E-001,+5.45554930316E-001,-5.42631369956E-001,+4.34056365513E-001,
12.9e6,caps hf ps1 0 63 1 16,-6.08051257497E-001,+3.64182765948E-001,+3.68482479713E-001,+5.43648143293E-001,+3.67808570166E-001,+5.43918528535E-001,-5.37047120649E-001,+4.42130405090E-001,
12.9e6,caps hf ps1 0 63 1 31,-6.11073092039E-001,+3.59833243793E-001,+3.77297989233E-001,+5.36544387303E-001,+3.77192496246E-001,+5.36476615707E-001,-5.16943745045E-001,+4.64670113498E-001,
12.9e6,caps hf ps1 0 63 1 32,-6.12709199538E-001,+3.58821113406E-001,+3.81997001579E-001,+5.32793903181E-001,+3.82343077890E-001,+5.32925701463E-001,-5.06962245994E-001,+4.77445869179E-001,
12.9e6,caps hf ps1 0 63 1 47,-6.14785885858E-001,+3.55771650002E-001,+3.90931265582E-001,+5.24843954897E-001,+3.91067520148E-001,+5.25169831732E-001,-4.87157994672E-001,+4.98348058199E-001,
12.9e6,caps hf ps1 0 63 1 48,-6.16157988514E-001,+3.54142497164E-001,+3.93127937367E-001,+5.22874707276E-001,+3.93061432070E-001,+5.23074556412E-001,-4.81362161680E-001,+5.04382573375E-001,
12.9e6,caps hf ps1 0 63 1 63,-6.18877131234E-001,+3.51495766401E-001,+4.01625425001E-001,+5.15433644908E-001,+4.00900889551E-001,+5.15949554634E-001,-4.61870765208E-001,+5.24000192098E-001,
12.9e6,caps hf ps1 0 63 2 0,-6.20109180138E-001,+3.50090913114E-001,+4.04575444865E-001,+5.12498804292E-001,+4.04471061173E-001,+5.12738667996E-001,-4.53194300935E-001,+5.32158427309E-001,
12.9e6,caps hf ps1 0 63 2 15,-6.23023505808E-001,+3.47327944490E-001,+4.11702241566E-001,+5.04281002600E-001,+4.12739310596E-001,+5.05511886298E-001,-4.33159944578E-001,+5.50758866489E-001,
12.9e6,caps hf ps1 0 63 2 16,-6.23713404481E-001,+3.46367129861E-001,+4.13933281984E-001,+5.02683865470E-001,+4.14644765235E-001,+5.03070974895E-001,-4.26705574017E-001,+5.56273374906E-001,
12.9e6,caps hf ps1 0 63 2 31,-6.27206962699E-001,+3.43282934525E-001,+4.20456335559E-001,+4.95292126564E-001,+4.20450119706E-001,+4.95649791897E-001,-4.07798795934E-001,+5.71898311157E-001,
12.9e6,caps hf ps1 0 63 2 32,-6.28234734862E-001,+3.42394574633E-001,+4.24230758114E-001,+4.90757096902E-001,+4.24402019398E-001,+4.91672544940E-001,-3.96070320295E-001,+5.80178160681E-001,
12.9e6,caps hf ps1 0 63 2 47,-6.31293355210E-001,+3.40190874656E-001,+4.30064960985E-001,+4.83858347224E-001,+4.30335100738E-001,+4.84165565526E-001,-3.76987357178E-001,+5.94829240470E-001,
12.9e6,caps hf ps1 0 63 2 48,-6.31851435543E-001,+3.39743496537E-001,+4.32384717807E-001,+4.81344614880E-001,+4.31726277724E-001,+4.81473999456E-001,-3.71044677014E-001,+5.98678537023E-001,
12.9e6,caps hf ps1 0 63 2 63,-6.34838461013E-001,+3.36831383216E-001,+4.37280151239E-001,+4.74265268858E-001,+4.37668008419E-001,+4.74656006358E-001,-3.52060924643E-001,+6.12849644310E-001,
12.9e6,caps hf ps1 0 63 3 0,-6.35994655914E-001,+3.36036092134E-001,+4.38869134765E-001,+4.71178561700E-001,+4.39228269000E-001,+4.71382544061E-001,-3.44186307350E-001,+6.17191936714E-001,
12.9e6,caps hf ps1 0 63 3 15,-6.38662269789E-001,+3.33994490461E-001,+4.44352040823E-001,+4.64161321345E-001,+4.44432341781E-001,+4.64311419068E-001,-3.25059161736E-001,+6.29625780303E-001,
12.9e6,caps hf ps1 0 63 3 16,-6.39102551609E-001,+3.33497896363E-001,+4.45595067840E-001,+4.61725918475E-001,+4.46214756411E-001,+4.61188615901E-001,-3.18408090237E-001,+6.33521622809E-001,
12.9e6,caps hf ps1 0 63 3 31,-6.42952621131E-001,+3.32133328476E-001,+4.50541805528E-001,+4.55152450693E-001,+4.51135468500E-001,+4.54492123699E-001,-2.99899825596E-001,+6.44879576409E-001,
12.9e6,caps hf ps1 0 63 3 32,-6.43646667382E-001,+3.31118786515E-001,+4.52596170771E-001,+4.51106210330E-001,+4.53075247930E-001,+4.50956117709E-001,-2.90321532239E-001,+6.50144114898E-001,
12.9e6,caps hf ps1 0 63 3 47,-6.46364275154E-001,+3.29011065293E-001,+4.56690850888E-001,+4.43947685479E-001,+4.57175988273E-001,+4.44044910538E-001,-2.71568030098E-001,+6.59947826040E-001,
12.9e6,caps hf ps1 0 63 3 48,-6.47664058799E-001,+3.28929270925E-001,+4.58401686269E-001,+4.41934911514E-001,+4.58604664710E-001,+4.41901382243E-001,-2.66641617365E-001,+6.62826126538E-001,
12.9e6,caps hf ps1 0 63 3 63,-6.50139299645E-001,+3.27455575156E-001,+4.62077590625E-001,+4.35267548941E-001,+4.62128921056E-001,+4.35145367389E-001,-2.49149931369E-001,+6.71512022348E-001,
12.9e6,caps hf ps1 0 63 4 0,-6.50069020054E-001,+3.27070735136E-001,+4.62472154365E-001,+4.34996302650E-001,+4.62723398111E-001,+4.34445374289E-001,-2.47279155420E-001,+6.72736026751E-001,
12.9e6,caps hf ps1 0 63 4 15,-6.52892432996E-001,+3.25909478632E-001,+4.65781896572E-001,+4.27817887705E-001,+4.66245177781E-001,+4.28040141580E-001,-2.29582558571E-001,+6.81051278004E-001,
12.9e6,caps hf ps1 0 63 4 16,-6.53375750769E-001,+3.25467203936E-001,+4.66739772936E-001,+4.25658291061E-001,+4.66666352901E-001,+4.25839178916E-001,-2.24432801150E-001,+6.82613010553E-001,
12.9e6,caps hf ps1 0 63 4 31,-6.55925581482E-001,+3.24146011473E-001,+4.69922298210E-001,+4.18972203334E-001,+4.69979255777E-001,+4.19325329262E-001,-2.07527997537E-001,+6.90696059671E-001,
12.9e6,caps hf ps1 0 63 4 32,-6.57199616456E-001,+3.23857416512E-001,+4.71426171407E-001,+4.15719278695E-001,+4.72061882955E-001,+4.16293576727E-001,-1.98978974791E-001,+6.94449909711E-001,
12.9e6,caps hf ps1 0 63 4 47,-6.60373357325E-001,+3.22643830720E-001,+4.74381753722E-001,+4.09672925793E-001,+4.74669432963E-001,+4.09792053298E-001,-1.82284624649E-001,+7.00917519687E-001,
12.9e6,caps hf ps1 0 63 4 48,-6.60410576843E-001,+3.22340542486E-001,+4.75165804788E-001,+4.07507149879E-001,+4.75610915636E-001,+4.08022910537E-001,-1.77452356130E-001,+7.02729948188E-001,
12.9e6,caps hf ps1 0 63 4 63,-6.63189131242E-001,+3.20929342283E-001,+4.77967463200E-001,+4.01594615632E-001,+4.77781840478E-001,+4.01475963673E-001,-1.60954329550E-001,+7.08159022045E-001,
12.9e6,caps hf ps1 0 63 5 0,-6.63177128670E-001,+3.20808457289E-001,+4.78345055481E-001,+4.00432704965E-001,+4.77971670498E-001,+4.00728648178E-001,-1.58787336311E-001,+7.09449969723E-001,
12.9e6,caps hf ps1 0 63 5 15,-6.66016398988E-001,+3.20020679825E-001,+4.80725854549E-001,+3.94459544270E-001,+4.80992571171E-001,+3.94741862938E-001,-1.42734673798E-001,+7.14992008375E-001,
12.9e6,caps hf ps1 0 63 5 16,-6.66923141103E-001,+3.19326670979E-001,+4.81041049322E-001,+3.92710563394E-001,+4.82038592173E-001,+3.92376283157E-001,-1.37589998204E-001,+7.17034446136E-001,
12.9e6,caps hf ps1 0 63 5 31,-6.68367065738E-001,+3.19248962022E-001,+4.83609534604E-001,+3.86464031296E-001,+4.82882488384E-001,+3.87029071665E-001,-1.23386313855E-001,+7.21766712738E-001,
12.9e6,caps hf ps1 0 63 5 32,-6.69515154746E-001,+3.18996209213E-001,+4.84235599142E-001,+3.84215048907E-001,+4.84441016340E-001,+3.84248070614E-001,-1.15844081961E-001,+7.23480174888E-001,
12.9e6,caps hf ps1 0 63 5 47,-6.72066357716E-001,+3.17985205119E-001,+4.86006452428E-001,+3.78481294076E-001,+4.85947698806E-001,+3.77907892238E-001,-9.98043057702E-002,+7.27233336600E-001,
12.9e6,caps hf ps1 0 63 5 48,-6.72875845296E-001,+3.17325188572E-001,+4.86540694237E-001,+3.76997053146E-001,+4.86671195873E-001,+3.76701164139E-001,-9.63401764406E-002,+7.28681421119E-001,
12.9e6,caps hf ps1 0 63 5 63,-6.74686271564E-001,+3.16926959577E-001,+4.87831710637E-001,+3.71172142400E-001,+4.88071810591E-001,+3.71275807789E-001,-8.20993091048E-002,+7.31915812461E-001,
12.9e6,caps hf ps1 0 63 6 0,-6.74744062843E-001,+3.17370584524E-001,+4.87855512841E-001,+3.72114547060E-001,+4.88192493538E-001,+3.71660225745E-001,-8.42085430618E-002,+7.31891958001E-001,
12.9e6,caps hf ps1 0 63 6 15,-6.76790012080E-001,+3.15876751810E-001,+4.89314975719E-001,+3.66737213612E-001,+4.89984937019E-001,+3.66786775567E-001,-6.99460110824E-002,+7.35263489043E-001,
12.9e6,caps hf ps1 0 63 6 16,-6.77394901570E-001,+3.16091199334E-001,+4.89855802733E-001,+3.65324216151E-001,+4.89916592321E-001,+3.64861372554E-001,-6.58124456782E-002,+7.36941519535E-001,
12.9e6,caps hf ps1 0 63 6 31,-6.79695965962E-001,+3.16150338279E-001,+4.91437675322E-001,+3.59785999804E-001,+4.91531444595E-001,+3.59343385562E-001,-5.15833152598E-002,+7.39133977719E-001,
12.9e6,caps hf ps1 0 63 6 32,-6.79957055224E-001,+3.15601840236E-001,+4.91970174065E-001,+3.57326327131E-001,+4.92114368611E-001,+3.57046861468E-001,-4.60168742884E-002,+7.40643767228E-001,
12.9e6,caps hf ps1 0 63 6 47,-6.81967728182E-001,+3.14528005491E-001,+4.93064421019E-001,+3.52463749282E-001,+4.93512141919E-001,+3.52057795058E-001,-3.28314435417E-002,+7.42697300426E-001,
12.9e6,caps hf ps1 0 63 6 48,-6.82547329358E-001,+3.15457213498E-001,+4.93626812482E-001,+3.50610336211E-001,+4.93648452647E-001,+3.50517310878E-001,-2.89301740042E-002,+7.43091144798E-001,
12.9e6,caps hf ps1 0 63 6 63,-6.84060519454E-001,+3.14420297351E-001,+4.94332144885E-001,+3.45883840538E-001,+4.93930546280E-001,+3.45129740858E-001,-1.60466244174E-002,+7.45036244166E-001,
12.9e6,caps hf ps1 1 0 0 0,-5.91789599510E-001,+3.93914675609E-001,+2.89333279565E-001,+5.86557513649E-001,+2.89182199117E-001,+5.87369253891E-001,-6.53814152775E-001,+2.45448643878E-001,
12.9e6,caps hf ps1 1 0 0 15,-5.92641493218E-001,+3.88805302188E-001,+3.03345198733E-001,+5.81189582986E-001,+3.02552765110E-001,+5.81595108492E-001,-6.38030770432E-001,+2.79036538217E-001,
12.9e6,caps hf ps1 1 0 0 16,-5.93125972512E-001,+3.86549986028E-001,+3.07243540931E-001,+5.79626312343E-001,+3.06383102143E-001,+5.80184627593E-001,-6.33462586119E-001,+2.88420869042E-001,
12.9e6,caps hf ps1 1 0 0 31,-5.96261281455E-001,+3.82763541317E-001,+3.19213509148E-001,+5.74034395042E-001,+3.19521609595E-001,+5.74774577089E-001,-6.17852690265E-001,+3.20458543207E-001,
12.9e6,caps hf ps1 1 0 0 32,-5.97092729528E-001,+3.79711698073E-001,+3.25358950503E-001,+5.70307540517E-001,+3.25088221749E-001,+5.70869514867E-001,-6.08258381924E-001,+3.35006324527E-001,
12.9e6,caps hf ps1 1 0 0 47,-5.99378605610E-001,+3.75413648733E-001,+3.37213452574E-001,+5.64780043745E-001,+3.36465042178E-001,+5.64926646007E-001,-5.90483692214E-001,+3.64716772266E-001,
12.9e6,caps hf ps1 1 0 0 48,-6.00044417444E-001,+3.74653797066E-001,+3.40760282559E-001,+5.62849520606E-001,+3.40554786275E-001,+5.63019761771E-001,-5.85470989787E-001,+3.73103147779E-001,
12.9e6,caps hf ps1 1 0 0 63,-6.02709312757E-001,+3.69651044829E-001,+3.50789236383E-001,+5.55997680073E-001,+3.50172591641E-001,+5.56277870150E-001,-5.66242078144E-001,+3.99606646731E-001,
12.9e6,caps hf ps1 1 0 1 0,-6.03243423175E-001,+3.68581664947E-001,+3.54822491814E-001,+5.53636106610E-001,+3.54306212238E-001,+5.54233818242E-001,-5.61364243973E-001,+4.08568931545E-001,
12.9e6,caps hf ps1 1 0 1 15,-6.05490937493E-001,+3.64664913671E-001,+3.64753453622E-001,+5.47377463799E-001,+3.63691303952E-001,+5.47015469885E-001,-5.42197615690E-001,+4.32382629468E-001,
12.9e6,caps hf ps1 1 0 1 16,-6.07034555303E-001,+3.62998495253E-001,+3.67773154290E-001,+5.45283409021E-001,+3.66951478703E-001,+5.45836798936E-001,-5.36737518142E-001,+4.40698873040E-001,
12.9e6,caps hf ps1 1 0 1 31,-6.09373853794E-001,+3.59208849363E-001,+3.76655791609E-001,+5.37925586072E-001,+3.77100714008E-001,+5.37708609116E-001,-5.17465185280E-001,+4.63863301020E-001,
12.9e6,caps hf ps1 1 0 1 32,-6.10442346082E-001,+3.57736162338E-001,+3.81140638231E-001,+5.34170716458E-001,+3.81704494673E-001,+5.34378503390E-001,-5.07405876097E-001,+4.75020843716E-001,
12.9e6,caps hf ps1 1 0 1 47,-6.13587382935E-001,+3.54316892389E-001,+3.90306476380E-001,+5.26613309731E-001,+3.89457263051E-001,+5.26830092357E-001,-4.86710056773E-001,+4.95720137748E-001,
12.9e6,caps hf ps1 1 0 1 48,-6.14173072662E-001,+3.53628444134E-001,+3.92383172183E-001,+5.24284864058E-001,+3.92209719153E-001,+5.24880835011E-001,-4.81232862767E-001,+5.02072708340E-001,
12.9e6,caps hf ps1 1 0 1 63,-6.17248329826E-001,+3.50235844226E-001,+4.00784162836E-001,+5.16955698981E-001,+4.00656215790E-001,+5.17425856459E-001,-4.61353936397E-001,+5.21876106101E-001,
12.9e6,caps hf ps1 1 0 2 0,-6.17934645672E-001,+3.48341386219E-001,+4.03239284157E-001,+5.13686437708E-001,+4.04805748751E-001,+5.14297951946E-001,-4.53111473429E-001,+5.30706884778E-001,
12.9e6,caps hf ps1 1 0 2 15,-6.21739752325E-001,+3.46115650501E-001,+4.10919747930E-001,+5.06472761177E-001,+4.11614372047E-001,+5.07058080135E-001,-4.33343987802E-001,+5.48596923775E-001,
12.9e6,caps hf ps1 1 0 2 16,-6.22284765789E-001,+3.44550094719E-001,+4.12663258931E-001,+5.04807210497E-001,+4.13012680153E-001,+5.04554448370E-001,-4.26796414248E-001,+5.53117255862E-001,
12.9e6,caps hf ps1 1 0 2 31,-6.25870271243E-001,+3.42836313958E-001,+4.20627888594E-001,+4.97577118312E-001,+4.19746597349E-001,+4.97136359121E-001,-4.07451599990E-001,+5.69598437311E-001,
12.9e6,caps hf ps1 1 0 2 32,-6.26729379274E-001,+3.41628494061E-001,+4.23564549933E-001,+4.93156339818E-001,+4.22921179971E-001,+4.92947173766E-001,-3.96219805487E-001,+5.76959892240E-001,
12.9e6,caps hf ps1 1 0 2 47,-6.28928029687E-001,+3.38472395520E-001,+4.29115569929E-001,+4.85990130263E-001,+4.29783640132E-001,+4.86719780785E-001,-3.78234274934E-001,+5.92291355847E-001,
12.9e6,caps hf ps1 1 0 2 48,-6.30403874825E-001,+3.38643449095E-001,+4.31291736757E-001,+4.83540165191E-001,+4.30918209073E-001,+4.83784205332E-001,-3.70832515071E-001,+5.96975114359E-001,
12.9e6,caps hf ps1 1 0 2 63,-6.32680206209E-001,+3.35200540551E-001,+4.35980379408E-001,+4.75964303843E-001,+4.36854254345E-001,+4.76299115308E-001,-3.51483869977E-001,+6.10636973398E-001,
12.9e6,caps hf ps1 1 0 3 0,-6.34519312316E-001,+3.35220943626E-001,+4.38293042274E-001,+4.73580948759E-001,+4.38844066730E-001,+4.73581059678E-001,-3.44159989804E-001,+6.14936369287E-001,
12.9e6,caps hf ps1 1 0 3 15,-6.36822695526E-001,+3.32822318460E-001,+4.44312628604E-001,+4.65931787190E-001,+4.43550269240E-001,+4.66159934854E-001,-3.25612244284E-001,+6.27310997988E-001,
12.9e6,caps hf ps1 1 0 3 16,-6.38599672158E-001,+3.32543020165E-001,+4.45607828361E-001,+4.63604819410E-001,+4.45653797628E-001,+4.64255096916E-001,-3.19956998023E-001,+6.30930289468E-001,
12.9e6,caps hf ps1 1 0 3 31,-6.40643166166E-001,+3.29989433842E-001,+4.49782485636E-001,+4.57465083005E-001,+4.50302908620E-001,+4.57218740788E-001,-3.01073463621E-001,+6.41918612202E-001,
12.9e6,caps hf ps1 1 0 3 32,-6.41771734268E-001,+3.30111622803E-001,+4.51957927564E-001,+4.53523992306E-001,+4.52437194940E-001,+4.53113440439E-001,-2.90898783291E-001,+6.46989768036E-001,
12.9e6,caps hf ps1 1 0 3 47,-6.45002513835E-001,+3.28205077308E-001,+4.56316610095E-001,+4.46549616384E-001,+4.57265750655E-001,+4.46344717929E-001,-2.72203785842E-001,+6.57595478735E-001,
12.9e6,caps hf ps1 1 0 3 48,-6.45719548232E-001,+3.27190012216E-001,+4.57714829488E-001,+4.44270102724E-001,+4.58232793484E-001,+4.44715537773E-001,-2.67163179743E-001,+6.60311071791E-001,
12.9e6,caps hf ps1 1 0 3 63,-6.48537911017E-001,+3.26225630728E-001,+4.61334299388E-001,+4.37394073319E-001,+4.60977338780E-001,+4.37353495315E-001,-2.48815971613E-001,+6.68249445684E-001,
12.9e6,caps hf ps1 1 0 4 0,-6.48531912839E-001,+3.25818407268E-001,+4.61758390172E-001,+4.37136706954E-001,+4.61765338180E-001,+4.36785094428E-001,-2.47584391529E-001,+6.70209237962E-001,
12.9e6,caps hf ps1 1 0 4 15,-6.50645996465E-001,+3.23724163682E-001,+4.64787809708E-001,+4.30954579630E-001,+4.65048593165E-001,+4.30933056957E-001,-2.30574972529E-001,+6.78146679355E-001,
12.9e6,caps hf ps1 1 0 4 16,-6.51148090941E-001,+3.24772438870E-001,+4.65746950418E-001,+4.27950164650E-001,+4.66480184591E-001,+4.28008360570E-001,-2.25763546191E-001,+6.81682281548E-001,
12.9e6,caps hf ps1 1 0 4 31,-6.53563937431E-001,+3.22962496121E-001,+4.69432377150E-001,+4.21486913445E-001,+4.69536879121E-001,+4.20971425893E-001,-2.07568020320E-001,+6.88787029515E-001,
12.9e6,caps hf ps1 1 0 4 32,-6.55589363048E-001,+3.21964761240E-001,+4.71114560196E-001,+4.19260786788E-001,+4.69567935429E-001,+4.17303304635E-001,-1.99284823241E-001,+6.91207812751E-001,
12.9e6,caps hf ps1 1 0 4 47,-6.57876429753E-001,+3.21515932575E-001,+4.73875613538E-001,+4.12213679180E-001,+4.73754577829E-001,+4.12227672085E-001,-1.82961093998E-001,+6.97454901714E-001,
12.9e6,caps hf ps1 1 0 4 48,-6.58669047526E-001,+3.20599899760E-001,+4.74309106141E-001,+4.10915205202E-001,+4.75105903661E-001,+4.10343882890E-001,-1.78106148746E-001,+6.99738720792E-001,
12.9e6,caps hf ps1 1 0 4 63,-6.60789284812E-001,+3.19673077175E-001,+4.77077914867E-001,+4.03718943203E-001,+4.77081200668E-001,+4.04245475631E-001,-1.61736471898E-001,+7.05408795433E-001,
12.9e6,caps hf ps1 1 0 5 0,-6.60865585563E-001,+3.19493119341E-001,+4.77385593555E-001,+4.02879161281E-001,+4.77721314936E-001,+4.03135084332E-001,-1.59867944036E-001,+7.06276202407E-001,
12.9e6,caps hf ps1 1 0 5 15,-6.63505959056E-001,+3.18241074449E-001,+4.79635422243E-001,+3.97220582256E-001,+4.79914857714E-001,+3.97113253192E-001,-1.43875039662E-001,+7.12738733137E-001,
12.9e6,caps hf ps1 1 0 5 16,-6.65006275233E-001,+3.18298262282E-001,+4.81280961586E-001,+3.95448448409E-001,+4.81112165453E-001,+3.95526578955E-001,-1.39273796233E-001,+7.13448500848E-001,
12.9e6,caps hf ps1 1 0 5 31,-6.66496067327E-001,+3.17867332070E-001,+4.82036271157E-001,+3.89707932798E-001,+4.82824510618E-001,+3.89459904457E-001,-1.23731739701E-001,+7.18121515688E-001,
12.9e6,caps hf ps1 1 0 5 32,-6.68607285679E-001,+3.16712595061E-001,+4.84120465118E-001,+3.86534623634E-001,+4.83437066114E-001,+3.87173971514E-001,-1.16668835957E-001,+7.20492598171E-001,
12.9e6,caps hf ps1 1 0 5 47,-6.70132707142E-001,+3.16160482239E-001,+4.85773022167E-001,+3.81087697167E-001,+4.86116553049E-001,+3.81663941311E-001,-1.01872609015E-001,+7.24899228468E-001,
12.9e6,caps hf ps1 1 0 5 48,-6.70259856240E-001,+3.16216901860E-001,+4.85437672524E-001,+3.79185356938E-001,+4.86234342537E-001,+3.79720482882E-001,-9.79455471729E-002,+7.25437985814E-001,
12.9e6,caps hf ps1 1 0 5 63,-6.72730111102E-001,+3.15068958654E-001,+4.87559572865E-001,+3.74191666004E-001,+4.87436574858E-001,+3.73858629661E-001,-8.35793797598E-002,+7.29235999936E-001,
12.9e6,caps hf ps1 1 0 6 0,-6.72130602388E-001,+3.15254619835E-001,+4.86671766887E-001,+3.74955421040E-001,+4.87442857878E-001,+3.74215443193E-001,-8.58237537746E-002,+7.30000611800E-001,
12.9e6,caps hf ps1 1 0 6 15,-6.75075323714E-001,+3.14819590717E-001,+4.89577055429E-001,+3.69130542950E-001,+4.89316132797E-001,+3.69370456809E-001,-7.19525802991E-002,+7.32293645893E-001,
12.9e6,caps hf ps1 1 0 6 16,-6.75492566883E-001,+3.13835599670E-001,+4.89447563679E-001,+3.68073101054E-001,+4.89582486568E-001,+3.67327592637E-001,-6.71780311833E-002,+7.33330551943E-001,
12.9e6,caps hf ps1 1 0 6 31,-6.76917746444E-001,+3.14126783449E-001,+4.90761275049E-001,+3.62521689817E-001,+4.91362285517E-001,+3.62181987112E-001,-5.39994498332E-002,+7.36523788242E-001,
12.9e6,caps hf ps1 1 0 6 32,-6.77984335621E-001,+3.12886882867E-001,+4.91161010952E-001,+3.60645475943E-001,+4.91382267218E-001,+3.60004116617E-001,-4.77939613821E-002,+7.37103840867E-001,
12.9e6,caps hf ps1 1 0 6 47,-6.79444442292E-001,+3.13444129528E-001,+4.92030630486E-001,+3.55362152043E-001,+4.92077521155E-001,+3.55101231844E-001,-3.47291635906E-002,+7.38892903280E-001,
12.9e6,caps hf ps1 1 0 6 48,-6.81070153803E-001,+3.13413406501E-001,+4.92977311490E-001,+3.53361722857E-001,+4.93758113797E-001,+3.53283423040E-001,-3.07600186231E-002,+7.40975251301E-001,
12.9e6,caps hf ps1 1 0 6 63,-6.82689924197E-001,+3.12466992996E-001,+4.94495557200E-001,+3.49332622601E-001,+4.93739017426E-001,+3.48902359179E-001,-1.82493633954E-002,+7.42720211519E-001,
12.9e6,caps hf ps1 1 15 0 0,-5.95607175830E-001,+4.34497245500E-001,+2.99853390886E-001,+5.46563758764E-001,+2.98650361892E-001,+5.47898764244E-001,-6.67070419992E-001,+2.83425115271E-001,
12.9e6,caps hf ps1 1 15 0 15,-5.97612744205E-001,+4.30069440114E-001,+3.12066156813E-001,+5.40970617805E-001,+3.11601579136E-001,+5.41938913012E-001,-6.49677436258E-001,+3.18604645925E-001,
12.9e6,caps hf ps1 1 15 0 16,-5.99627538140E-001,+4.28504663239E-001,+3.15453953710E-001,+5.40117317716E-001,+3.15260048187E-001,+5.39776833402E-001,-6.44967231395E-001,+3.27416679564E-001,
12.9e6,caps hf ps1 1 15 0 31,-6.00944601771E-001,+4.24685206359E-001,+3.27431838537E-001,+5.32757881515E-001,+3.27205899372E-001,+5.33960133562E-001,-6.27469927680E-001,+3.59709101631E-001,
12.9e6,caps hf ps1 1 15 0 32,-6.02065378766E-001,+4.22562008298E-001,+3.33750093024E-001,+5.29975507343E-001,+3.33257266502E-001,+5.30212476107E-001,-6.17360179952E-001,+3.75649334421E-001,
12.9e6,caps hf ps1 1 15 0 47,-6.04856279410E-001,+4.17929604615E-001,+3.43980490309E-001,+5.23126887727E-001,+3.43297509019E-001,+5.23854394187E-001,-5.97330173514E-001,+4.04674531983E-001,
12.9e6,caps hf ps1 1 15 0 48,-6.06061548139E-001,+4.17324592660E-001,+3.46929822393E-001,+5.21597907823E-001,+3.46649234125E-001,+5.21893525198E-001,-5.92907037413E-001,+4.13115759006E-001,
12.9e6,caps hf ps1 1 15 0 63,-6.07940645752E-001,+4.13678333684E-001,+3.56996181977E-001,+5.13851933655E-001,+3.57065203629E-001,+5.14436080088E-001,-5.72172848610E-001,+4.40443518524E-001,
12.9e6,caps hf ps1 1 15 1 0,-6.09536258664E-001,+4.12808336458E-001,+3.60680179782E-001,+5.12566566011E-001,+3.59486645551E-001,+5.12540078423E-001,-5.66389408817E-001,+4.48201310805E-001,
12.9e6,caps hf ps1 1 15 1 15,-6.12116858258E-001,+4.08514144652E-001,+3.69291336698E-001,+5.04629286832E-001,+3.69850992058E-001,+5.04471638698E-001,-5.44644348507E-001,+4.74542028415E-001,
12.9e6,caps hf ps1 1 15 1 16,-6.12202794326E-001,+4.07832131301E-001,+3.72117512484E-001,+5.01754849391E-001,+3.71986048470E-001,+5.02468786403E-001,-5.39206871471E-001,+4.81596847116E-001,
12.9e6,caps hf ps1 1 15 1 31,-6.15531372703E-001,+4.04857529282E-001,+3.80798751462E-001,+4.94930878630E-001,+3.80422378843E-001,+4.95130599065E-001,-5.18076103274E-001,+5.04655829627E-001,
12.9e6,caps hf ps1 1 15 1 32,-6.16729271023E-001,+4.02832521194E-001,+3.84890351856E-001,+4.90385901705E-001,+3.84732653717E-001,+4.91609789388E-001,-5.07752667166E-001,+5.15825068061E-001,
12.9e6,caps hf ps1 1 15 1 47,-6.19517132133E-001,+4.00754539366E-001,+3.92575270612E-001,+4.83388318850E-001,+3.93270922644E-001,+4.83201173775E-001,-4.85563435758E-001,+5.37290779315E-001,
12.9e6,caps hf ps1 1 15 1 48,-6.19992644977E-001,+3.99306297643E-001,+3.94888337918E-001,+4.80551734330E-001,+3.94919279557E-001,+4.81052083330E-001,-4.79623071958E-001,+5.43260460272E-001,
12.9e6,caps hf ps1 1 15 1 63,-6.22907092813E-001,+3.96252807111E-001,+4.01439830394E-001,+4.73251709992E-001,+4.02939405546E-001,+4.74006737978E-001,-4.58157889712E-001,+5.62719971884E-001,
12.9e6,caps hf ps1 1 15 2 0,-6.24179593262E-001,+3.95665458470E-001,+4.05170382344E-001,+4.70126082250E-001,+4.05249196671E-001,+4.70230249639E-001,-4.49633692806E-001,+5.71238714213E-001,
12.9e6,caps hf ps1 1 15 2 15,-6.27048326464E-001,+3.93988629818E-001,+4.11721412136E-001,+4.62232713062E-001,+4.11714791920E-001,+4.63091322265E-001,-4.27818869691E-001,+5.88175678682E-001,
12.9e6,caps hf ps1 1 15 2 16,-6.27769084261E-001,+3.92721118202E-001,+4.13726329540E-001,+4.60133558380E-001,+4.13800433151E-001,+4.60791868676E-001,-4.21679211459E-001,+5.93542280199E-001,
12.9e6,caps hf ps1 1 15 2 31,-6.31155155146E-001,+3.90022566828E-001,+4.19628448602E-001,+4.53224119110E-001,+4.19886902757E-001,+4.53347595840E-001,-4.01119708836E-001,+6.09235608054E-001,
12.9e6,caps hf ps1 1 15 2 32,-6.31930393767E-001,+3.89377964373E-001,+4.22578564133E-001,+4.48522161541E-001,+4.22518716602E-001,+4.49029658333E-001,-3.89999972495E-001,+6.17373680183E-001,
12.9e6,caps hf ps1 1 15 2 47,-6.34816529170E-001,+3.87873014908E-001,+4.27871376351E-001,+4.41623671425E-001,+4.28125730845E-001,+4.41284338800E-001,-3.68835521079E-001,+6.31663178953E-001,
12.9e6,caps hf ps1 1 15 2 48,-6.35694644685E-001,+3.87440428283E-001,+4.29069299111E-001,+4.38933760498E-001,+4.29181483067E-001,+4.39233464027E-001,-3.62830557228E-001,+6.35427791303E-001,
12.9e6,caps hf ps1 1 15 2 63,-6.37682704415E-001,+3.85827726028E-001,+4.33768279286E-001,+4.31412152122E-001,+4.34977797284E-001,+4.32411893395E-001,-3.42923876133E-001,+6.49145891847E-001,
12.9e6,caps hf ps1 1 15 3 0,-6.39427804531E-001,+3.84831258005E-001,+4.35950039234E-001,+4.28274606421E-001,+4.36750258069E-001,+4.28803179259E-001,-3.34771812929E-001,+6.54199728065E-001,
12.9e6,caps hf ps1 1 15 3 15,-6.42253195113E-001,+3.82481295449E-001,+4.40302462859E-001,+4.21940288437E-001,+4.40759321789E-001,+4.22331964962E-001,-3.15157186794E-001,+6.65465225616E-001,
12.9e6,caps hf ps1 1 15 3 16,-6.43007511468E-001,+3.82391667241E-001,+4.41991674768E-001,+4.19816389639E-001,+4.41562054790E-001,+4.19819456589E-001,-3.08589018788E-001,+6.68391618282E-001,
12.9e6,caps hf ps1 1 15 3 31,-6.45519426914E-001,+3.81074858202E-001,+4.45587657106E-001,+4.12780698961E-001,+4.44923190422E-001,+4.12823712308E-001,-2.89209832012E-001,+6.78087495718E-001,
12.9e6,caps hf ps1 1 15 3 32,-6.47087255566E-001,+3.80542321768E-001,+4.47484337119E-001,+4.09044820252E-001,+4.47827028603E-001,+4.09431588155E-001,-2.78836297507E-001,+6.83945074379E-001,
12.9e6,caps hf ps1 1 15 3 47,-6.49695100419E-001,+3.79344314794E-001,+4.51127235429E-001,+4.02425073803E-001,+4.51077089225E-001,+4.02087928886E-001,-2.59087188205E-001,+6.93207407488E-001,
12.9e6,caps hf ps1 1 15 3 48,-6.50155711374E-001,+3.79087082761E-001,+4.52503963945E-001,+3.99393286970E-001,+4.52560508051E-001,+4.00291073605E-001,-2.54062756750E-001,+6.96813485191E-001,
12.9e6,caps hf ps1 1 15 3 63,-6.53211588801E-001,+3.78539485079E-001,+4.55189658057E-001,+3.92675481377E-001,+4.55621649046E-001,+3.93125787916E-001,-2.35392817894E-001,+7.04363115881E-001,
12.9e6,caps hf ps1 1 15 4 0,-6.52933423552E-001,+3.77855897685E-001,+4.55815262318E-001,+3.92277004610E-001,+4.55534041215E-001,+3.92642074971E-001,-2.34568328991E-001,+7.05350101315E-001,
12.9e6,caps hf ps1 1 15 4 15,-6.54938568211E-001,+3.77063211190E-001,+4.58965760376E-001,+3.85830138456E-001,+4.58736645027E-001,+3.86149754010E-001,-2.15241193366E-001,+7.13105775503E-001,
12.9e6,caps hf ps1 1 15 4 16,-6.56386066583E-001,+3.76530280023E-001,+4.59608226504E-001,+3.83822055207E-001,+4.59590528973E-001,+3.83923055423E-001,-2.10268022479E-001,+7.15255821411E-001,
12.9e6,caps hf ps1 1 15 4 31,-6.58785927889E-001,+3.75227682922E-001,+4.62176660380E-001,+3.77316147818E-001,+4.62242126226E-001,+3.77613914131E-001,-1.91734657142E-001,+7.22765712555E-001,
12.9e6,caps hf ps1 1 15 4 32,-6.59208086732E-001,+3.74562736026E-001,+4.62987995493E-001,+3.73766868614E-001,+4.63245102187E-001,+3.74565941300E-001,-1.83301497398E-001,+7.26095300536E-001,
12.9e6,caps hf ps1 1 15 4 47,-6.62274467525E-001,+3.73989003821E-001,+4.65312793691E-001,+3.68412751760E-001,+4.65987653522E-001,+3.68091942485E-001,-1.66261486680E-001,+7.31971038961E-001,
12.9e6,caps hf ps1 1 15 4 48,-6.62063321221E-001,+3.74517777619E-001,+4.65976127331E-001,+3.66083886431E-001,+4.66203490717E-001,+3.65685055066E-001,-1.60385744646E-001,+7.32498891311E-001,
12.9e6,caps hf ps1 1 15 4 63,-6.65224638363E-001,+3.73577834303E-001,+4.68768495669E-001,+3.60742078265E-001,+4.68410902456E-001,+3.60140632280E-001,-1.44825752608E-001,+7.38218191080E-001,
12.9e6,caps hf ps1 1 15 5 0,-6.65308844836E-001,+3.73929499509E-001,+4.68651163619E-001,+3.59412126177E-001,+4.68621857624E-001,+3.59148288694E-001,-1.42592557532E-001,+7.39396286561E-001,
12.9e6,caps hf ps1 1 15 5 15,-6.67706917001E-001,+3.72563356362E-001,+4.70473001844E-001,+3.53872483072E-001,+4.70753502005E-001,+3.53625281227E-001,-1.25652690512E-001,+7.44424158219E-001,
12.9e6,caps hf ps1 1 15 5 16,-6.68002774150E-001,+3.71762346821E-001,+4.70345710701E-001,+3.51240259293E-001,+4.71405801957E-001,+3.51790877794E-001,-1.21015153166E-001,+7.45821355038E-001,
12.9e6,caps hf ps1 1 15 5 31,-6.70137338671E-001,+3.72673946794E-001,+4.72159913439E-001,+3.45798054733E-001,+4.72644786077E-001,+3.45522930563E-001,-1.04945801766E-001,+7.50164758558E-001,
12.9e6,caps hf ps1 1 15 5 32,-6.70625701771E-001,+3.71098772472E-001,+4.73167323322E-001,+3.43159949325E-001,+4.73797144318E-001,+3.42992285849E-001,-9.75767964308E-002,+7.52104966241E-001,
12.9e6,caps hf ps1 1 15 5 47,-6.72418247113E-001,+3.71392800914E-001,+4.74550697554E-001,+3.37432375601E-001,+4.75230918723E-001,+3.37884263758E-001,-8.20824764917E-002,+7.55226602138E-001,
12.9e6,caps hf ps1 1 15 5 48,-6.73502162998E-001,+3.71047719699E-001,+4.75532902365E-001,+3.35588380224E-001,+4.75231022557E-001,+3.36385735417E-001,-7.84317820130E-002,+7.56499038836E-001,
12.9e6,caps hf ps1 1 15 5 63,-6.75427890571E-001,+3.70625844795E-001,+4.76240624652E-001,+3.30366040520E-001,+4.76566695004E-001,+3.30600093215E-001,-6.33448069609E-002,+7.59225181453E-001,
12.9e6,caps hf ps1 1 15 6 0,-6.75830931661E-001,+3.71003299229E-001,+4.76891697274E-001,+3.31557609121E-001,+4.76212845311E-001,+3.31348972664E-001,-6.52693553685E-002,+7.59631132146E-001,
12.9e6,caps hf ps1 1 15 6 15,-6.76742733057E-001,+3.70378017221E-001,+4.76982382240E-001,+3.26418041927E-001,+4.77658649336E-001,+3.26576402647E-001,-5.18788701976E-002,+7.62333381519E-001,
12.9e6,caps hf ps1 1 15 6 16,-6.77643559316E-001,+3.70068572395E-001,+4.77992712866E-001,+3.24530551474E-001,+4.78311946728E-001,+3.24765370157E-001,-4.70614688125E-002,+7.63510898630E-001,
12.9e6,caps hf ps1 1 15 6 31,-6.79856147315E-001,+3.69405891829E-001,+4.78588602742E-001,+3.19668154747E-001,+4.78708968209E-001,+3.19430932747E-001,-3.30709464131E-002,+7.64963765470E-001,
12.9e6,caps hf ps1 1 15 6 32,-6.80577845761E-001,+3.69356924751E-001,+4.78961579156E-001,+3.17244051733E-001,+4.79321176421E-001,+3.16417703242E-001,-2.56850892214E-002,+7.66349287001E-001,
12.9e6,caps hf ps1 1 15 6 47,-6.82453513296E-001,+3.69615561835E-001,+4.79864840592E-001,+3.12255227249E-001,+4.80251726880E-001,+3.12340755519E-001,-1.31313257910E-002,+7.68146447075E-001,
12.9e6,caps hf ps1 1 15 6 48,-6.82055313926E-001,+3.69058768567E-001,+4.79292537927E-001,+3.11222364825E-001,+4.80382649601E-001,+3.11026413064E-001,-9.91679925507E-003,+7.68976304263E-001,
12.9e6,caps hf ps1 1 15 6 63,-6.84290552221E-001,+3.69171875138E-001,+4.80751644892E-001,+3.06588407445E-001,+4.80909202383E-001,+3.06472371988E-001,+3.38996638532E-003,+7.69966631850E-001,
12.9e6,caps hf ps1 1 16 0 0,-5.95507739792E-001,+4.34733306580E-001,+2.99710768875E-001,+5.47058049927E-001,+2.99030551758E-001,+5.48019282933E-001,-6.67246142156E-001,+2.84289271612E-001,
12.9e6,caps hf ps1 1 16 0 15,-5.98050148109E-001,+4.30555909156E-001,+3.12709044987E-001,+5.40942395563E-001,+3.11707144397E-001,+5.41220199489E-001,-6.49764589732E-001,+3.18656179116E-001,
12.9e6,caps hf ps1 1 16 0 16,-5.99345441240E-001,+4.28480312009E-001,+3.15384072185E-001,+5.39414517584E-001,+3.15597861340E-001,+5.39802670756E-001,-6.45070888922E-001,+3.28394244456E-001,
12.9e6,caps hf ps1 1 16 0 31,-6.01282942872E-001,+4.24722784350E-001,+3.27442665759E-001,+5.33023840668E-001,+3.26814167902E-001,+5.33013846266E-001,-6.26926298071E-001,+3.60220802420E-001,
12.9e6,caps hf ps1 1 16 0 32,-6.02551666373E-001,+4.22230601769E-001,+3.32928263881E-001,+5.29593147531E-001,+3.32322633347E-001,+5.30429510749E-001,-6.17738612246E-001,+3.75373239481E-001,
12.9e6,caps hf ps1 1 16 0 47,-6.05147934946E-001,+4.17906330650E-001,+3.43962234188E-001,+5.22622882608E-001,+3.43520551528E-001,+5.22853878868E-001,-5.97763749002E-001,+4.05131458360E-001,
12.9e6,caps hf ps1 1 16 0 48,-6.05324655965E-001,+4.17265245051E-001,+3.46673971489E-001,+5.20791371865E-001,+3.46929525633E-001,+5.21461281709E-001,-5.92730689210E-001,+4.13694499641E-001,
12.9e6,caps hf ps1 1 16 0 63,-6.07569303369E-001,+4.13070447136E-001,+3.56970404838E-001,+5.13616797166E-001,+3.56854359234E-001,+5.14100366851E-001,-5.72393162112E-001,+4.40170431766E-001,
12.9e6,caps hf ps1 1 16 1 0,-6.09054200521E-001,+4.12424784933E-001,+3.59842587332E-001,+5.11345052063E-001,+3.60131417099E-001,+5.11445840147E-001,-5.66062709093E-001,+4.48766398881E-001,
12.9e6,caps hf ps1 1 16 1 15,-6.11420783162E-001,+4.09664667471E-001,+3.69877953746E-001,+5.03459941427E-001,+3.69500093967E-001,+5.04215259015E-001,-5.45349591526E-001,+4.74832570455E-001,
12.9e6,caps hf ps1 1 16 1 16,-6.12468258835E-001,+4.08369956185E-001,+3.72091713144E-001,+5.02086282085E-001,+3.72216551169E-001,+5.01320752212E-001,-5.38973921713E-001,+4.81612478303E-001,
12.9e6,caps hf ps1 1 16 1 31,-6.15763229903E-001,+4.04957163796E-001,+3.80514820464E-001,+4.94629703927E-001,+3.80414852849E-001,+4.94551019566E-001,-5.18266715195E-001,+5.04608047677E-001,
12.9e6,caps hf ps1 1 16 1 32,-6.16801408802E-001,+4.03600477272E-001,+3.85005366064E-001,+4.90466727201E-001,+3.84923672491E-001,+4.90951648242E-001,-5.07254381364E-001,+5.16379494928E-001,
12.9e6,caps hf ps1 1 16 1 47,-6.19671038445E-001,+4.00873883317E-001,+3.92529384911E-001,+4.83125121570E-001,+3.92574408024E-001,+4.84048267119E-001,-4.86323826389E-001,+5.36841870420E-001,
12.9e6,caps hf ps1 1 16 1 48,-6.20448609713E-001,+4.00080135378E-001,+3.95087801546E-001,+4.80285749159E-001,+3.94815104099E-001,+4.80763159890E-001,-4.79565804320E-001,+5.43322462416E-001,
12.9e6,caps hf ps1 1 16 1 63,-6.22474032237E-001,+3.97058945552E-001,+4.02048835659E-001,+4.73346136913E-001,+4.02248752562E-001,+4.73282166566E-001,-4.58340530662E-001,+5.62724283272E-001,
12.9e6,caps hf ps1 1 16 2 0,-6.24408946751E-001,+3.96562124444E-001,+4.05789269492E-001,+4.69641391240E-001,+4.05215983698E-001,+4.70194343965E-001,-4.50263991210E-001,+5.71319101976E-001,
12.9e6,caps hf ps1 1 16 2 15,-6.27317080190E-001,+3.94745643556E-001,+4.12114667273E-001,+4.62046682695E-001,+4.11482320762E-001,+4.62483656661E-001,-4.28040855252E-001,+5.88519262661E-001,
12.9e6,caps hf ps1 1 16 2 16,-6.27711061794E-001,+3.93891520163E-001,+4.13130864545E-001,+4.59406599107E-001,+4.13871820059E-001,+4.60580321403E-001,-4.21892772468E-001,+5.93848990378E-001,
12.9e6,caps hf ps1 1 16 2 31,-6.31307130896E-001,+3.91127553714E-001,+4.20525578112E-001,+4.52351355340E-001,+4.19389923566E-001,+4.53239314224E-001,-4.00667201560E-001,+6.09312610980E-001,
12.9e6,caps hf ps1 1 16 2 32,-6.32064876057E-001,+3.90203985136E-001,+4.22164111746E-001,+4.48065276572E-001,+4.22496285327E-001,+4.48861162829E-001,-3.90660126491E-001,+6.16884951853E-001,
12.9e6,caps hf ps1 1 16 2 47,-6.34729104331E-001,+3.87901892026E-001,+4.28063676238E-001,+4.41243315656E-001,+4.28044416402E-001,+4.41017552977E-001,-3.68648656447E-001,+6.31753588193E-001,
12.9e6,caps hf ps1 1 16 2 48,-6.35657098930E-001,+3.87921790479E-001,+4.29210488841E-001,+4.38704861434E-001,+4.29791881536E-001,+4.38344746634E-001,-3.62722559452E-001,+6.36116678185E-001,
12.9e6,caps hf ps1 1 16 2 63,-6.38668773679E-001,+3.86182508354E-001,+4.33608377905E-001,+4.31073091911E-001,+4.34347612755E-001,+4.31886051323E-001,-3.42659140629E-001,+6.48977921515E-001,
12.9e6,caps hf ps1 1 16 3 0,-6.39439087540E-001,+3.85417996982E-001,+4.36118259195E-001,+4.28990070337E-001,+4.36148249709E-001,+4.28209697068E-001,-3.34359325802E-001,+6.53644201504E-001,
12.9e6,caps hf ps1 1 16 3 15,-6.42523107359E-001,+3.83526476597E-001,+4.40272210218E-001,+4.21699874180E-001,+4.41004430205E-001,+4.21849557396E-001,-3.15011431974E-001,+6.65772075908E-001,
12.9e6,caps hf ps1 1 16 3 16,-6.42930843712E-001,+3.83047998905E-001,+4.41517284738E-001,+4.18544498748E-001,+4.42264991409E-001,+4.18877901324E-001,-3.08068038265E-001,+6.69339981670E-001,
12.9e6,caps hf ps1 1 16 3 31,-6.45851516687E-001,+3.80930293293E-001,+4.45154793494E-001,+4.12437733836E-001,+4.46054812511E-001,+4.11831898207E-001,-2.88413192286E-001,+6.79527450631E-001,
12.9e6,caps hf ps1 1 16 3 32,-6.46526603133E-001,+3.81532609202E-001,+4.48141552043E-001,+4.08273000667E-001,+4.47236207662E-001,+4.08984901301E-001,-2.78927079744E-001,+6.83874158144E-001,
12.9e6,caps hf ps1 1 16 3 47,-6.49568884280E-001,+3.79605371538E-001,+4.51418681878E-001,+4.01565428800E-001,+4.51165677743E-001,+4.01517056776E-001,-2.59415299909E-001,+6.94128094942E-001,
12.9e6,caps hf ps1 1 16 3 48,-6.50735553800E-001,+3.80076625332E-001,+4.52674423628E-001,+3.99471160740E-001,+4.52251531940E-001,+4.00106130482E-001,-2.53885279767E-001,+6.96349406075E-001,
12.9e6,caps hf ps1 1 16 3 63,-6.53050362947E-001,+3.78897259601E-001,+4.55012327658E-001,+3.92362450168E-001,+4.55544639076E-001,+3.92644269595E-001,-2.34991501557E-001,+7.05008527785E-001,
12.9e6,caps hf ps1 1 16 4 0,-6.52758454558E-001,+3.77733925536E-001,+4.55662645124E-001,+3.91998242019E-001,+4.55806086798E-001,+3.92162121632E-001,-2.33912451959E-001,+7.06095424314E-001,
12.9e6,caps hf ps1 1 16 4 15,-6.55432308878E-001,+3.77114366648E-001,+4.58711654935E-001,+3.85450895873E-001,+4.58975369622E-001,+3.85504308154E-001,-2.15110448293E-001,+7.13865912865E-001,
12.9e6,caps hf ps1 1 16 4 16,-6.56470561260E-001,+3.76787319208E-001,+4.59359568161E-001,+3.83226965997E-001,+4.59719485151E-001,+3.83740821310E-001,-2.09767930580E-001,+7.16155465625E-001,
12.9e6,caps hf ps1 1 16 4 31,-6.58275029606E-001,+3.76192082641E-001,+4.62651036766E-001,+3.76720719603E-001,+4.62237889181E-001,+3.77360641350E-001,-1.92118360199E-001,+7.23317865482E-001,
12.9e6,caps hf ps1 1 16 4 32,-6.59889430070E-001,+3.75796077280E-001,+4.63329224877E-001,+3.74160082642E-001,+4.64203021214E-001,+3.74457722521E-001,-1.83902485830E-001,+7.26299046737E-001,
12.9e6,caps hf ps1 1 16 4 47,-6.61437365028E-001,+3.75306259344E-001,+4.65960613050E-001,+3.67502664087E-001,+4.65857641872E-001,+3.67634047246E-001,-1.66009265278E-001,+7.31714135023E-001,
12.9e6,caps hf ps1 1 16 4 48,-6.62699853931E-001,+3.74551739825E-001,+4.66297251334E-001,+3.65697477998E-001,+4.65698100130E-001,+3.65717116323E-001,-1.60954064534E-001,+7.33530086092E-001,
12.9e6,caps hf ps1 1 16 4 63,-6.64550872275E-001,+3.73937489351E-001,+4.68155858857E-001,+3.59160549624E-001,+4.68880165332E-001,+3.59347020858E-001,-1.44126510574E-001,+7.39324852402E-001,
12.9e6,caps hf ps1 1 16 5 0,-6.65320440637E-001,+3.73415255909E-001,+4.68383638813E-001,+3.59033106146E-001,+4.68989805377E-001,+3.59103700541E-001,-1.42240827078E-001,+7.40239299061E-001,
12.9e6,caps hf ps1 1 16 5 15,-6.66830631739E-001,+3.73148619124E-001,+4.69954053873E-001,+3.52644906689E-001,+4.70872050331E-001,+3.52471363189E-001,-1.24898426912E-001,+7.45417835876E-001,
12.9e6,caps hf ps1 1 16 5 16,-6.67706623490E-001,+3.73144704831E-001,+4.70379227812E-001,+3.51226484292E-001,+4.71045137401E-001,+3.51170287284E-001,-1.21318846132E-001,+7.46334678900E-001,
12.9e6,caps hf ps1 1 16 5 31,-6.71284855777E-001,+3.72677055437E-001,+4.73704426525E-001,+3.45924954817E-001,+4.72787234213E-001,+3.45581903094E-001,-1.05105933908E-001,+7.49240081060E-001,
12.9e6,caps hf ps1 1 16 5 32,-6.70790905110E-001,+3.72490896722E-001,+4.72863680246E-001,+3.42328677513E-001,+4.73889387002E-001,+3.43371119700E-001,-9.85485616963E-002,+7.52035418265E-001,
12.9e6,caps hf ps1 1 16 5 47,-6.73021548801E-001,+3.71156582132E-001,+4.74876852863E-001,+3.37397354219E-001,+4.74966290120E-001,+3.37284662854E-001,-8.17914884676E-002,+7.55443610506E-001,
12.9e6,caps hf ps1 1 16 5 48,-6.73883927756E-001,+3.71025926681E-001,+4.75019033438E-001,+3.35959832703E-001,+4.75118528280E-001,+3.35472412407E-001,-7.71406453512E-002,+7.56583247364E-001,
12.9e6,caps hf ps1 1 16 5 63,-6.76340689212E-001,+3.70961273364E-001,+4.76841165386E-001,+3.30420088928E-001,+4.76088704834E-001,+3.30833344167E-001,-6.38045025038E-002,+7.59452775119E-001,
12.9e6,caps hf ps1 1 16 6 0,-6.74801431324E-001,+3.71475051228E-001,+4.75978551880E-001,+3.29999384648E-001,+4.76316760562E-001,+3.30991439875E-001,-6.55307641001E-002,+7.59476484896E-001,
12.9e6,caps hf ps1 1 16 6 15,-6.77512408456E-001,+3.70923557900E-001,+4.77502878784E-001,+3.25905154407E-001,+4.77725132241E-001,+3.25810645196E-001,-5.07332553141E-002,+7.61890072459E-001,
12.9e6,caps hf ps1 1 16 6 16,-6.77832215312E-001,+3.70414681960E-001,+4.77283359961E-001,+3.24352466614E-001,+4.77479473856E-001,+3.24105414260E-001,-4.67435954772E-002,+7.62522187982E-001,
12.9e6,caps hf ps1 1 16 6 31,-6.79806172554E-001,+3.70649834159E-001,+4.78911921378E-001,+3.19187155421E-001,+4.78512731109E-001,+3.19929716357E-001,-3.35637239374E-002,+7.64980109440E-001,
12.9e6,caps hf ps1 1 16 6 32,-6.80749648261E-001,+3.69916538691E-001,+4.79694008987E-001,+3.17160815356E-001,+4.79477901640E-001,+3.16443315263E-001,-2.58666316895E-002,+7.67024230372E-001,
12.9e6,caps hf ps1 1 16 6 47,-6.82028858997E-001,+3.69286990637E-001,+4.79798081860E-001,+3.12722966579E-001,+4.80124997788E-001,+3.12327740131E-001,-1.31044252282E-002,+7.68216048087E-001,
12.9e6,caps hf ps1 1 16 6 48,-6.82985234307E-001,+3.69508928387E-001,+4.80051159283E-001,+3.11652108116E-001,+4.79740803183E-001,+3.10948968038E-001,-9.69676176407E-003,+7.68361535441E-001,
12.9e6,caps hf ps1 1 16 6 63,-6.84437054365E-001,+3.69277469036E-001,+4.80670011974E-001,+3.05954644580E-001,+4.80282640215E-001,+3.05840836867E-001,+3.53410186449E-003,+7.70285686874E-001,
12.9e6,caps hf ps1 1 31 0 0,-5.96620504184E-001,+4.71777783600E-001,+3.04920248641E-001,+5.10080238007E-001,+3.04979088992E-001,+5.10882837735E-001,-6.75966547299E-001,+3.19962727945E-001,
12.9e6,caps hf ps1 1 31 0 15,-5.99465610269E-001,+4.67674185837E-001,+3.16881045544E-001,+5.04151414270E-001,+3.16743733364E-001,+5.04755568397E-001,-6.56978859922E-001,+3.54323412038E-001,
12.9e6,caps hf ps1 1 31 0 16,-6.00563804306E-001,+4.67050674305E-001,+3.20544771619E-001,+5.01914669338E-001,+3.19916101202E-001,+5.01963990395E-001,-6.51663070169E-001,+3.64214294294E-001,
12.9e6,caps hf ps1 1 31 0 31,-6.03015245597E-001,+4.63436429615E-001,+3.31399525377E-001,+4.95875838251E-001,+3.31036636335E-001,+4.95847131788E-001,-6.32157377455E-001,+3.96860460737E-001,
12.9e6,caps hf ps1 1 31 0 32,-6.04274565938E-001,+4.60894997391E-001,+3.36318454830E-001,+4.91623442786E-001,+3.36943573763E-001,+4.91723258674E-001,-6.21592818773E-001,+4.12817860555E-001,
12.9e6,caps hf ps1 1 31 0 47,-6.06795252126E-001,+4.57954975178E-001,+3.47135629884E-001,+4.84606262762E-001,+3.46354985856E-001,+4.85214587046E-001,-6.01468264227E-001,+4.41900161278E-001,
12.9e6,caps hf ps1 1 31 0 48,-6.06570856985E-001,+4.57117553605E-001,+3.50073167162E-001,+4.82518922631E-001,+3.49443919951E-001,+4.82719384277E-001,-5.94680567829E-001,+4.50446755007E-001,
12.9e6,caps hf ps1 1 31 0 63,-6.09917516066E-001,+4.53822916808E-001,+3.58664483821E-001,+4.74928034176E-001,+3.58790210929E-001,+4.75286443298E-001,-5.73485447177E-001,+4.77339380075E-001,
12.9e6,caps hf ps1 1 31 1 0,-6.10917831909E-001,+4.53044125997E-001,+3.61692654793E-001,+4.72798832673E-001,+3.61487594799E-001,+4.73302636630E-001,-5.67414501630E-001,+4.86034606544E-001,
12.9e6,caps hf ps1 1 31 1 15,-6.12837062230E-001,+4.49758034479E-001,+3.70607653431E-001,+4.64662657265E-001,+3.70147833692E-001,+4.65705081646E-001,-5.45317611386E-001,+5.11451220282E-001,
12.9e6,caps hf ps1 1 31 1 16,-6.14321161952E-001,+4.49352682071E-001,+3.73123984093E-001,+4.62412749964E-001,+3.72550321913E-001,+4.63550546993E-001,-5.38469020953E-001,+5.18654967644E-001,
12.9e6,caps hf ps1 1 31 1 31,-6.16647953903E-001,+4.46199284179E-001,+3.80602166467E-001,+4.55004251487E-001,+3.80696111812E-001,+4.55655439149E-001,-5.15646267355E-001,+5.41373923494E-001,
12.9e6,caps hf ps1 1 31 1 32,-6.18432618435E-001,+4.45400393772E-001,+3.84615025586E-001,+4.50791688800E-001,+3.84290331518E-001,+4.52151073841E-001,-5.04495381817E-001,+5.53088807653E-001,
12.9e6,caps hf ps1 1 31 1 47,-6.21500592629E-001,+4.43047700583E-001,+3.91924354193E-001,+4.43587213842E-001,+3.91579797606E-001,+4.43696071922E-001,-4.81546403197E-001,+5.74287589813E-001,
12.9e6,caps hf ps1 1 31 1 48,-6.22271942346E-001,+4.42200359306E-001,+3.93899054729E-001,+4.41294770295E-001,+3.93784461066E-001,+4.41376550693E-001,-4.74780206878E-001,+5.80460785314E-001,
12.9e6,caps hf ps1 1 31 1 63,-6.24372909833E-001,+4.40357340782E-001,+4.00051286052E-001,+4.33628827798E-001,+4.00543526231E-001,+4.33836709643E-001,-4.52493325416E-001,+5.99465877176E-001,
12.9e6,caps hf ps1 1 31 2 0,-6.25840370714E-001,+4.39984533679E-001,+4.03100573234E-001,+4.30000077252E-001,+4.03065268929E-001,+4.30850169936E-001,-4.43112739831E-001,+6.07578043161E-001,
12.9e6,caps hf ps1 1 31 2 15,-6.28109939173E-001,+4.37126788232E-001,+4.09002185653E-001,+4.22478197939E-001,+4.08925466665E-001,+4.23154028190E-001,-4.20886955289E-001,+6.24641873248E-001,
12.9e6,caps hf ps1 1 31 2 16,-6.29384661791E-001,+4.37039359606E-001,+4.10759889154E-001,+4.20295935729E-001,+4.10661292513E-001,+4.20536750539E-001,-4.14283751834E-001,+6.29857984433E-001,
12.9e6,caps hf ps1 1 31 2 31,-6.31392177901E-001,+4.35459528332E-001,+4.15370631253E-001,+4.12426488823E-001,+4.15726140439E-001,+4.12677846425E-001,-3.91707706221E-001,+6.45381627934E-001,
12.9e6,caps hf ps1 1 31 2 32,-6.33468735108E-001,+4.34353460563E-001,+4.18544070397E-001,+4.08558262036E-001,+4.18533507205E-001,+4.08878997724E-001,-3.80420076149E-001,+6.52767869650E-001,
12.9e6,caps hf ps1 1 31 2 47,-6.35722412595E-001,+4.32976138500E-001,+4.23123585507E-001,+4.00836323869E-001,+4.23532442692E-001,+4.01137956798E-001,-3.58121865694E-001,+6.66997609616E-001,
12.9e6,caps hf ps1 1 31 2 48,-6.36972115078E-001,+4.32588985185E-001,+4.24120562937E-001,+3.98647786670E-001,+4.24620643025E-001,+3.99171767686E-001,-3.51992729026E-001,+6.70589613161E-001,
12.9e6,caps hf ps1 1 31 2 63,-6.39246784892E-001,+4.31154269774E-001,+4.28347878042E-001,+3.91295812018E-001,+4.28673432681E-001,+3.91326224703E-001,-3.30446219104E-001,+6.82419501245E-001,
12.9e6,caps hf ps1 1 31 3 0,-6.40764084179E-001,+4.30573304428E-001,+4.30072082986E-001,+3.88877867054E-001,+4.30198879607E-001,+3.88870818224E-001,-3.22815001146E-001,+6.87444578025E-001,
12.9e6,caps hf ps1 1 31 3 15,-6.42135949039E-001,+4.29754296977E-001,+4.34274208056E-001,+3.81048028358E-001,+4.33862378059E-001,+3.81858386368E-001,-3.02332879373E-001,+6.98605089604E-001,
12.9e6,caps hf ps1 1 31 3 16,-6.43542129734E-001,+4.28775199322E-001,+4.34845832729E-001,+3.79385837923E-001,+4.35513438966E-001,+3.79907904488E-001,-2.95629389013E-001,+7.02518506087E-001,
12.9e6,caps hf ps1 1 31 3 31,-6.45846595077E-001,+4.27967563979E-001,+4.38458701105E-001,+3.72272850021E-001,+4.38828096360E-001,+3.72429430138E-001,-2.74850468873E-001,+7.12565009273E-001,
12.9e6,caps hf ps1 1 31 3 32,-6.47175623911E-001,+4.27880624568E-001,+4.40248091668E-001,+3.68859209974E-001,+4.40674209753E-001,+3.68631238114E-001,-2.63899284923E-001,+7.16947317670E-001,
12.9e6,caps hf ps1 1 31 3 47,-6.49406645566E-001,+4.25880152667E-001,+4.42825715359E-001,+3.61500025274E-001,+4.42813207664E-001,+3.61862033636E-001,-2.44041004489E-001,+7.24984533452E-001,
12.9e6,caps hf ps1 1 31 3 48,-6.50002298560E-001,+4.26715454503E-001,+4.43284961164E-001,+3.59805156894E-001,+4.43984493684E-001,+3.59932229218E-001,-2.38739361145E-001,+7.28093913286E-001,
12.9e6,caps hf ps1 1 31 3 63,-6.52571804515E-001,+4.25612018615E-001,+4.46419702553E-001,+3.53317633923E-001,+4.46776469694E-001,+3.53592397644E-001,-2.19338021693E-001,+7.36097829994E-001,
12.9e6,caps hf ps1 1 31 4 0,-6.52024045204E-001,+4.25179869596E-001,+4.46641710949E-001,+3.52965365679E-001,+4.46696385098E-001,+3.52899806105E-001,-2.17513344448E-001,+7.36675379083E-001,
12.9e6,caps hf ps1 1 31 4 15,-6.55725824048E-001,+4.23703166874E-001,+4.49182852258E-001,+3.46802499766E-001,+4.49482085267E-001,+3.46352183825E-001,-1.98809160656E-001,+7.43926939551E-001,
12.9e6,caps hf ps1 1 31 4 16,-6.55669364290E-001,+4.23951113639E-001,+4.49791957989E-001,+3.44102849518E-001,+4.49817436708E-001,+3.45208305746E-001,-1.94183670631E-001,+7.45724300793E-001,
12.9e6,caps hf ps1 1 31 4 31,-6.58363020946E-001,+4.24061038058E-001,+4.52422871766E-001,+3.37897447268E-001,+4.52323790232E-001,+3.37730751881E-001,-1.74859081213E-001,+7.52340471089E-001,
12.9e6,caps hf ps1 1 31 4 32,-6.58691085860E-001,+4.23562200657E-001,+4.52826653138E-001,+3.34748137935E-001,+4.53061861980E-001,+3.35040937833E-001,-1.66244765652E-001,+7.55110610979E-001,
12.9e6,caps hf ps1 1 31 4 47,-6.60808376204E-001,+4.22890040954E-001,+4.54567681251E-001,+3.28721420510E-001,+4.54878619170E-001,+3.29103232928E-001,-1.49070745946E-001,+7.60316584020E-001,
12.9e6,caps hf ps1 1 31 4 48,-6.61908928147E-001,+4.22438985937E-001,+4.55189035652E-001,+3.27480376462E-001,+4.55248185878E-001,+3.27562672604E-001,-1.43473809934E-001,+7.62201247265E-001,
12.9e6,caps hf ps1 1 31 4 63,-6.64251715791E-001,+4.22777682713E-001,+4.56995236610E-001,+3.20964972186E-001,+4.56751108242E-001,+3.20566664645E-001,-1.25552636078E-001,+7.66074693398E-001,
12.9e6,caps hf ps1 1 31 5 0,-6.64289688695E-001,+4.22309892691E-001,+4.57533746596E-001,+3.20419283434E-001,+4.56846309653E-001,+3.20249866648E-001,-1.23517994206E-001,+7.67101869699E-001,
12.9e6,caps hf ps1 1 31 5 15,-6.66001692981E-001,+4.21358495867E-001,+4.58533308285E-001,+3.14315538693E-001,+4.59018435606E-001,+3.14849098342E-001,-1.06989313386E-001,+7.72260203406E-001,
12.9e6,caps hf ps1 1 31 5 16,-6.66661635039E-001,+4.21778412681E-001,+4.58808122562E-001,+3.12374218144E-001,+4.58951988068E-001,+3.12950614383E-001,-1.01873504948E-001,+7.73300472152E-001,
12.9e6,caps hf ps1 1 31 5 31,-6.68509995134E-001,+4.21507087839E-001,+4.60181241518E-001,+3.07557377688E-001,+4.60192173023E-001,+3.07606974362E-001,-8.53444742475E-002,+7.77035455918E-001,
12.9e6,caps hf ps1 1 31 5 32,-6.69487025077E-001,+4.21209788911E-001,+4.60610639333E-001,+3.04541192949E-001,+4.60791561382E-001,+3.04478685715E-001,-7.77435622496E-002,+7.78630173991E-001,
12.9e6,caps hf ps1 1 31 5 47,-6.72022691385E-001,+4.21187837271E-001,+4.61597834518E-001,+2.99997977083E-001,+4.62050990655E-001,+2.99324183780E-001,-6.20510984250E-002,+7.81820424539E-001,
12.9e6,caps hf ps1 1 31 5 48,-6.71523913612E-001,+4.20779068459E-001,+4.61516878125E-001,+2.97117185316E-001,+4.62340328619E-001,+2.98495929823E-001,-5.87883089470E-002,+7.82334849779E-001,
12.9e6,caps hf ps1 1 31 5 63,-6.73226106566E-001,+4.20271537805E-001,+4.62023697434E-001,+2.92352791367E-001,+4.63036352680E-001,+2.92272483786E-001,-4.26212113073E-002,+7.84384073387E-001,
12.9e6,caps hf ps1 1 31 6 0,-6.73294782925E-001,+4.20193708114E-001,+4.62790227327E-001,+2.93722157591E-001,+4.62317878144E-001,+2.93010016331E-001,-4.46674545540E-002,+7.84022092734E-001,
12.9e6,caps hf ps1 1 31 6 15,-6.74539372822E-001,+4.19854522934E-001,+4.62754880707E-001,+2.88396667755E-001,+4.63159461154E-001,+2.88537217040E-001,-3.06749881847E-002,+7.87186476914E-001,
12.9e6,caps hf ps1 1 31 6 16,-6.75477697539E-001,+4.20514036577E-001,+4.63581801798E-001,+2.86712839661E-001,+4.64313412410E-001,+2.86439087610E-001,-2.61307635792E-002,+7.88044036231E-001,
12.9e6,caps hf ps1 1 31 6 31,-6.77450605588E-001,+4.19691006311E-001,+4.64265747942E-001,+2.82480212600E-001,+4.64372663700E-001,+2.82529607732E-001,-1.28437786604E-002,+7.89594971090E-001,
12.9e6,caps hf ps1 1 31 6 32,-6.78068704376E-001,+4.20527560357E-001,+4.64362312720E-001,+2.79228660572E-001,+4.64426037937E-001,+2.79760266071E-001,-5.84351666448E-003,+7.89935961685E-001,
12.9e6,caps hf ps1 1 31 6 47,-6.79925344535E-001,+4.20181654799E-001,+4.64951107554E-001,+2.75340319217E-001,+4.65122674385E-001,+2.75239735579E-001,+8.31475078523E-003,+7.91833432731E-001,
12.9e6,caps hf ps1 1 31 6 48,-6.80277868727E-001,+4.20997075284E-001,+4.65097188207E-001,+2.74140547477E-001,+4.65034023369E-001,+2.73577456742E-001,+1.20762592310E-002,+7.91276665897E-001,
12.9e6,caps hf ps1 1 31 6 63,-6.81119040556E-001,+4.20222978423E-001,+4.65318996720E-001,+2.69149939545E-001,+4.65463251652E-001,+2.69767543362E-001,+2.47649546651E-002,+7.92918092500E-001,
12.9e6,caps hf ps1 1 32 0 0,-5.96944960814E-001,+4.83243335596E-001,+3.06309262007E-001,+4.99405306176E-001,+3.06208378240E-001,+4.99487856911E-001,-6.77504797017E-001,+3.30577270191E-001,
12.9e6,caps hf ps1 1 32 0 15,-5.99159023378E-001,+4.77938344316E-001,+3.17325798764E-001,+4.92517260245E-001,+3.17373486744E-001,+4.93408110089E-001,-6.57993594294E-001,+3.65262765491E-001,
12.9e6,caps hf ps1 1 32 0 16,-5.99487294663E-001,+4.77988464629E-001,+3.21334620975E-001,+4.90706041706E-001,+3.19838891108E-001,+4.91345121043E-001,-6.52368135748E-001,+3.74853984512E-001,
12.9e6,caps hf ps1 1 32 0 31,-6.02301398602E-001,+4.74355073767E-001,+3.31669493016E-001,+4.83840056618E-001,+3.31422255647E-001,+4.84680198694E-001,-6.32686032267E-001,+4.08222749376E-001,
12.9e6,caps hf ps1 1 32 0 32,-6.03938988275E-001,+4.72495700246E-001,+3.37511469845E-001,+4.79961003399E-001,+3.36889742024E-001,+4.81403573169E-001,-6.22364531522E-001,+4.23646348491E-001,
12.9e6,caps hf ps1 1 32 0 47,-6.06008966431E-001,+4.69197173907E-001,+3.46694081170E-001,+4.73012865673E-001,+3.46305458633E-001,+4.74025099415E-001,-6.00910239111E-001,+4.52838282018E-001,
12.9e6,caps hf ps1 1 32 0 48,-6.06713036278E-001,+4.68216223794E-001,+3.49478137627E-001,+4.71200862084E-001,+3.50175067391E-001,+4.71950964579E-001,-5.94308166790E-001,+4.62808322872E-001,
12.9e6,caps hf ps1 1 32 0 63,-6.09673388525E-001,+4.65941601444E-001,+3.58820764506E-001,+4.63659087000E-001,+3.58712959207E-001,+4.64181446232E-001,-5.72257147454E-001,+4.89075407964E-001,
12.9e6,caps hf ps1 1 32 1 0,-6.09837714255E-001,+4.64687165113E-001,+3.61534772128E-001,+4.60961305338E-001,+3.61320091094E-001,+4.62365368253E-001,-5.66957596305E-001,+4.97299008443E-001,
12.9e6,caps hf ps1 1 32 1 15,-6.12757545861E-001,+4.61745872040E-001,+3.69404462976E-001,+4.53426191912E-001,+3.69791515246E-001,+4.54658599002E-001,-5.44037631821E-001,+5.22385957492E-001,
12.9e6,caps hf ps1 1 32 1 16,-6.13525927117E-001,+4.60586933288E-001,+3.72028178742E-001,+4.51832166268E-001,+3.72951303333E-001,+4.52420063114E-001,-5.37403403333E-001,+5.30197999266E-001,
12.9e6,caps hf ps1 1 32 1 31,-6.16540941403E-001,+4.58412021182E-001,+3.79776798527E-001,+4.43748583171E-001,+3.80130662042E-001,+4.44470211535E-001,-5.14419329246E-001,+5.52403986032E-001,
12.9e6,caps hf ps1 1 32 1 32,-6.17404980414E-001,+4.56614177356E-001,+3.83084295942E-001,+4.40486665431E-001,+3.84142234576E-001,+4.40654561248E-001,-5.02862289575E-001,+5.64822554229E-001,
12.9e6,caps hf ps1 1 32 1 47,-6.20662668306E-001,+4.55119378912E-001,+3.90391715281E-001,+4.32177656221E-001,+3.91230258553E-001,+4.32582844547E-001,-4.79685015521E-001,+5.85229465700E-001,
12.9e6,caps hf ps1 1 32 1 48,-6.21048954574E-001,+4.54798712620E-001,+3.92403333412E-001,+4.30071440418E-001,+3.92677760457E-001,+4.29923611726E-001,-4.72620465227E-001,+5.90935782984E-001,
12.9e6,caps hf ps1 1 32 1 63,-6.23863064520E-001,+4.52665771603E-001,+3.98293765057E-001,+4.22158838542E-001,+3.98721537629E-001,+4.22234014226E-001,-4.49711469810E-001,+6.09346365643E-001,
12.9e6,caps hf ps1 1 32 2 0,-6.25475441974E-001,+4.51906185151E-001,+4.01330003524E-001,+4.18781479035E-001,+4.01329296155E-001,+4.18956800712E-001,-4.40517004218E-001,+6.16918107990E-001,
12.9e6,caps hf ps1 1 32 2 15,-6.27541771255E-001,+4.49887019750E-001,+4.07124368016E-001,+4.11285108272E-001,+4.06758709935E-001,+4.11422836871E-001,-4.17794152844E-001,+6.34111032592E-001,
12.9e6,caps hf ps1 1 32 2 16,-6.29098869979E-001,+4.48911119423E-001,+4.08572654162E-001,+4.08768906543E-001,+4.08656426246E-001,+4.09345863904E-001,-4.10728954731E-001,+6.39490836704E-001,
12.9e6,caps hf ps1 1 32 2 31,-6.30952824631E-001,+4.47563384849E-001,+4.13177908408E-001,+4.01746513433E-001,+4.13431301878E-001,+4.01855056007E-001,-3.88533522727E-001,+6.54785850919E-001,
12.9e6,caps hf ps1 1 32 2 32,-6.32271571011E-001,+4.46758902500E-001,+4.15779668844E-001,+3.97248285296E-001,+4.16214671821E-001,+3.97253316740E-001,-3.77256360702E-001,+6.62119079681E-001,
12.9e6,caps hf ps1 1 32 2 47,-6.34816002732E-001,+4.45539531911E-001,+4.20485708752E-001,+3.89757827373E-001,+4.20204380280E-001,+3.90203218498E-001,-3.54761412353E-001,+6.75256206725E-001,
12.9e6,caps hf ps1 1 32 2 48,-6.36710249513E-001,+4.45189239074E-001,+4.22339630143E-001,+3.87955671922E-001,+4.22068225786E-001,+3.87785944162E-001,-3.47840850978E-001,+6.80136592307E-001,
12.9e6,caps hf ps1 1 32 2 63,-6.38211480300E-001,+4.43529021528E-001,+4.25576980132E-001,+3.80410835737E-001,+4.26288810874E-001,+3.80772340333E-001,-3.26873976696E-001,+6.92301234746E-001,
12.9e6,caps hf ps1 1 32 3 0,-6.38767286887E-001,+4.43637408806E-001,+4.27435128750E-001,+3.77254111620E-001,+4.28019603884E-001,+3.77903270710E-001,-3.18316430908E-001,+6.97408666316E-001,
12.9e6,caps hf ps1 1 32 3 15,-6.42196064949E-001,+4.42309913280E-001,+4.31327403140E-001,+3.70632324444E-001,+4.31891910826E-001,+3.70788921055E-001,-2.97619518224E-001,+7.08508499465E-001,
12.9e6,caps hf ps1 1 32 3 16,-6.42723258816E-001,+4.41778151249E-001,+4.32184382614E-001,+3.68336691965E-001,+4.32242469584E-001,+3.68417797700E-001,-2.90945353091E-001,+7.11429002369E-001,
12.9e6,caps hf ps1 1 32 3 31,-6.44896131133E-001,+4.40244429833E-001,+4.35258573136E-001,+3.61316689797E-001,+4.34731575349E-001,+3.62140044387E-001,-2.70841964591E-001,+7.20084846400E-001,
12.9e6,caps hf ps1 1 32 3 32,-6.45554249858E-001,+4.40694507645E-001,+4.36454413433E-001,+3.57631098401E-001,+4.36944623778E-001,+3.57871949131E-001,-2.59611341495E-001,+7.25622606111E-001,
12.9e6,caps hf ps1 1 32 3 47,-6.48213056904E-001,+4.39505512799E-001,+4.39647759369E-001,+3.51452638447E-001,+4.39411019800E-001,+3.51480926678E-001,-2.39671520839E-001,+7.33876841717E-001,
12.9e6,caps hf ps1 1 32 3 48,-6.49743447463E-001,+4.38922239558E-001,+4.40128697536E-001,+3.49043719317E-001,+4.40898364895E-001,+3.49846719386E-001,-2.34247114416E-001,+7.36586034086E-001,
12.9e6,caps hf ps1 1 32 3 63,-6.51425968192E-001,+4.39015728416E-001,+4.43167493148E-001,+3.42401530211E-001,+4.43187249267E-001,+3.43034190831E-001,-2.15008187696E-001,+7.44032396635E-001,
12.9e6,caps hf ps1 1 32 4 0,-6.52429702660E-001,+4.37956873456E-001,+4.43270906228E-001,+3.42528911371E-001,+4.43144374880E-001,+3.42050161108E-001,-2.13091588366E-001,+7.45486196479E-001,
12.9e6,caps hf ps1 1 32 4 15,-6.54025805539E-001,+4.37775266721E-001,+4.45417700277E-001,+3.36144388682E-001,+4.45719161408E-001,+3.36110881237E-001,-1.93595678245E-001,+7.51917196951E-001,
12.9e6,caps hf ps1 1 32 4 16,-6.54870878818E-001,+4.37504365566E-001,+4.46743784112E-001,+3.33975511836E-001,+4.46045935864E-001,+3.33567660412E-001,-1.87604840551E-001,+7.53381573677E-001,
12.9e6,caps hf ps1 1 32 4 31,-6.56362032070E-001,+4.37087077444E-001,+4.47992267054E-001,+3.27438539093E-001,+4.48134558397E-001,+3.27832688485E-001,-1.70163283814E-001,+7.59750737178E-001,
12.9e6,caps hf ps1 1 32 4 32,-6.57340994175E-001,+4.37094365583E-001,+4.48592879055E-001,+3.24190145105E-001,+4.49422990041E-001,+3.24591231317E-001,-1.61032897753E-001,+7.63022442495E-001,
12.9e6,caps hf ps1 1 32 4 47,-6.59338421073E-001,+4.36305416112E-001,+4.50581964964E-001,+3.18288999795E-001,+4.51256858974E-001,+3.18752989532E-001,-1.42720337333E-001,+7.67797613128E-001,
12.9e6,caps hf ps1 1 32 4 48,-6.60236353670E-001,+4.36767880977E-001,+4.51605647063E-001,+3.16812819525E-001,+4.51370309026E-001,+3.16843602870E-001,-1.37375745813E-001,+7.69622292324E-001,
12.9e6,caps hf ps1 1 32 4 63,-6.62034280452E-001,+4.35873369667E-001,+4.52698643934E-001,+3.10860942870E-001,+4.52678968936E-001,+3.11025520664E-001,-1.19841919101E-001,+7.73507916971E-001,
12.9e6,caps hf ps1 1 32 5 0,-6.62415728502E-001,+4.36062581598E-001,+4.53035824930E-001,+3.09970369976E-001,+4.53621942571E-001,+3.10192573877E-001,-1.18521082711E-001,+7.75132472436E-001,
12.9e6,caps hf ps1 1 32 5 15,-6.64441866973E-001,+4.35168355350E-001,+4.54205631930E-001,+3.03950805015E-001,+4.54726854490E-001,+3.04165248151E-001,-1.01350955937E-001,+7.79254944752E-001,
12.9e6,caps hf ps1 1 32 5 16,-6.65256056904E-001,+4.34861878123E-001,+4.54055559196E-001,+3.02941187871E-001,+4.54781446477E-001,+3.02567587954E-001,-9.63944916439E-002,+7.79856615970E-001,
12.9e6,caps hf ps1 1 32 5 31,-6.67032719892E-001,+4.34998662560E-001,+4.55799390346E-001,+2.97811204162E-001,+4.55904452552E-001,+2.97741576804E-001,-8.06698009521E-002,+7.83712199366E-001,
12.9e6,caps hf ps1 1 32 5 32,-6.67737600762E-001,+4.34832172842E-001,+4.56121327019E-001,+2.94666040930E-001,+4.56619329858E-001,+2.94541808766E-001,-7.24312662638E-002,+7.85302032290E-001,
12.9e6,caps hf ps1 1 32 5 47,-6.69055731746E-001,+4.34966406905E-001,+4.56569278222E-001,+2.89517317820E-001,+4.56841709346E-001,+2.89667739616E-001,-5.69035152069E-002,+7.87102157702E-001,
12.9e6,caps hf ps1 1 32 5 48,-6.70161521824E-001,+4.34909650463E-001,+4.57536974991E-001,+2.87658282439E-001,+4.57673137335E-001,+2.87518978407E-001,-5.19537064791E-002,+7.88799627022E-001,
12.9e6,caps hf ps1 1 32 5 63,-6.71004350615E-001,+4.34137592649E-001,+4.57692358361E-001,+2.82486518630E-001,+4.58471456705E-001,+2.81876201466E-001,-3.56560049062E-002,+7.91441405442E-001,
12.9e6,caps hf ps1 1 32 6 0,-6.71468747346E-001,+4.34445330899E-001,+4.57933168682E-001,+2.83723943372E-001,+4.58167134893E-001,+2.83305527026E-001,-3.94317708016E-002,+7.91076744231E-001,
12.9e6,caps hf ps1 1 32 6 15,-6.73123532773E-001,+4.33846056405E-001,+4.58857935698E-001,+2.78660440927E-001,+4.59296481184E-001,+2.78373019674E-001,-2.49931880457E-002,+7.94129492769E-001,
12.9e6,caps hf ps1 1 32 6 16,-6.73758706678E-001,+4.33990251181E-001,+4.58523157268E-001,+2.77272509538E-001,+4.59048503559E-001,+2.76734411807E-001,-1.99233806965E-002,+7.94098911532E-001,
12.9e6,caps hf ps1 1 32 6 31,-6.75719855502E-001,+4.33991226631E-001,+4.59237695588E-001,+2.71964393522E-001,+4.59465001090E-001,+2.72336118211E-001,-6.19631188245E-003,+7.95196961416E-001,
12.9e6,caps hf ps1 1 32 6 32,-6.76099622666E-001,+4.34177696809E-001,+4.60262428357E-001,+2.70318545910E-001,+4.60020307767E-001,+2.70075192998E-001,+1.49891662381E-004,+7.95903394746E-001,
12.9e6,caps hf ps1 1 32 6 47,-6.77685986121E-001,+4.34229354202E-001,+4.59926566181E-001,+2.65748797849E-001,+4.60595189227E-001,+2.65620944636E-001,+1.44700817427E-002,+7.97412945205E-001,
12.9e6,caps hf ps1 1 32 6 48,-6.77575515775E-001,+4.33830405855E-001,+4.59990607991E-001,+2.64137554991E-001,+4.60691674136E-001,+2.64099952240E-001,+1.81587645995E-002,+7.98048687487E-001,
12.9e6,caps hf ps1 1 32 6 63,-6.79475917890E-001,+4.33637328846E-001,+4.60435772576E-001,+2.59706415299E-001,+4.61130813014E-001,+2.59454465272E-001,+3.16806989570E-002,+7.99413402085E-001,
12.9e6,caps hf ps1 1 47 0 0,-5.95122519041E-001,+5.16594299669E-001,+3.08453128897E-001,+4.65867288770E-001,+3.07610620733E-001,+4.66632840946E-001,-6.83037643518E-001,+3.63259833998E-001,
12.9e6,caps hf ps1 1 47 0 15,-5.97037894791E-001,+5.13248451033E-001,+3.19417010486E-001,+4.59970207753E-001,+3.18614618939E-001,+4.59935994192E-001,-6.61751332719E-001,+3.98575773050E-001,
12.9e6,caps hf ps1 1 47 0 16,-5.97975662975E-001,+5.11315762625E-001,+3.22405276100E-001,+4.57716719237E-001,+3.22037999797E-001,+4.57890319647E-001,-6.55794424266E-001,+4.08662852617E-001,
12.9e6,caps hf ps1 1 47 0 31,-6.00408244516E-001,+5.08648547367E-001,+3.32007323740E-001,+4.50309225562E-001,+3.32153516083E-001,+4.50320576458E-001,-6.34114553490E-001,+4.41711803850E-001,
12.9e6,caps hf ps1 1 47 0 32,-6.02283797735E-001,+5.07515935291E-001,+3.36948669137E-001,+4.45924337627E-001,+3.37007653187E-001,+4.46976836907E-001,-6.22930062392E-001,+4.57921418468E-001,
12.9e6,caps hf ps1 1 47 0 47,-6.04269926215E-001,+5.04544224550E-001,+3.46000164992E-001,+4.38945145023E-001,+3.46459320693E-001,+4.39141206373E-001,-6.00557916979E-001,+4.87256677040E-001,
12.9e6,caps hf ps1 1 47 0 48,-6.04698573202E-001,+5.04389605906E-001,+3.47961682038E-001,+4.37351912338E-001,+3.48462092062E-001,+4.37340134438E-001,-5.93686311626E-001,+4.94470057931E-001,
12.9e6,caps hf ps1 1 47 0 63,-6.07265656917E-001,+5.01303021418E-001,+3.56408212896E-001,+4.29601297901E-001,+3.57467363707E-001,+4.29459266486E-001,-5.69722101199E-001,+5.22455405807E-001,
12.9e6,caps hf ps1 1 47 1 0,-6.08018643166E-001,+4.99969190019E-001,+3.58976656481E-001,+4.26919799677E-001,+3.59531641983E-001,+4.27202903906E-001,-5.63869753599E-001,+5.30501766808E-001,
12.9e6,caps hf ps1 1 47 1 15,-6.11155897757E-001,+4.97846830980E-001,+3.66909351595E-001,+4.19091602675E-001,+3.67700248471E-001,+4.19681122190E-001,-5.40006640282E-001,+5.55438882800E-001,
12.9e6,caps hf ps1 1 47 1 16,-6.11673627981E-001,+4.97507936733E-001,+3.69065085527E-001,+4.17027109715E-001,+3.69529441064E-001,+4.17118379432E-001,-5.32393948318E-001,+5.62702341197E-001,
12.9e6,caps hf ps1 1 47 1 31,-6.14405151343E-001,+4.95888164852E-001,+3.76865511970E-001,+4.09342995223E-001,+3.76260563164E-001,+4.09523943907E-001,-5.08775768269E-001,+5.85214555651E-001,
12.9e6,caps hf ps1 1 47 1 32,-6.16416468953E-001,+4.94780303939E-001,+3.79991673944E-001,+4.05547980401E-001,+3.79981256186E-001,+4.05594755209E-001,-4.96635438565E-001,+5.96508750906E-001,
12.9e6,caps hf ps1 1 47 1 47,-6.17844034353E-001,+4.93139753366E-001,+3.86108667121E-001,+3.97094154313E-001,+3.85663490670E-001,+3.98122039825E-001,-4.72540015182E-001,+6.16440477429E-001,
12.9e6,caps hf ps1 1 47 1 48,-6.18739202595E-001,+4.91743671398E-001,+3.87660102529E-001,+3.94881836848E-001,+3.87547303081E-001,+3.95437774150E-001,-4.65518289421E-001,+6.22826315191E-001,
12.9e6,caps hf ps1 1 47 1 63,-6.20529891270E-001,+4.90728248116E-001,+3.92752528388E-001,+3.86899181626E-001,+3.92810011922E-001,+3.87670539338E-001,-4.41002818166E-001,+6.40295533638E-001,
12.9e6,caps hf ps1 1 47 2 0,-6.22354475337E-001,+4.89603878959E-001,+3.95727607421E-001,+3.83581043593E-001,+3.95688536221E-001,+3.84319866070E-001,-4.31818148124E-001,+6.48771506414E-001,
12.9e6,caps hf ps1 1 47 2 15,-6.24885172490E-001,+4.87987460459E-001,+4.00265353882E-001,+3.76258775476E-001,+4.00838317789E-001,+3.76303932173E-001,-4.07693056836E-001,+6.65487621430E-001,
12.9e6,caps hf ps1 1 47 2 16,-6.25951888772E-001,+4.87796281929E-001,+4.02042448098E-001,+3.74372012893E-001,+4.02466242084E-001,+3.74261907549E-001,-4.00668322633E-001,+6.70612900718E-001,
12.9e6,caps hf ps1 1 47 2 31,-6.28193741610E-001,+4.87012029498E-001,+4.06470958958E-001,+3.66763713615E-001,+4.06850822266E-001,+3.66512506716E-001,-3.77065549625E-001,+6.85401448575E-001,
12.9e6,caps hf ps1 1 47 2 32,-6.29727353610E-001,+4.85901088499E-001,+4.08896016522E-001,+3.62650059551E-001,+4.08999310704E-001,+3.62837161340E-001,-3.65993212232E-001,+6.92264484227E-001,
12.9e6,caps hf ps1 1 47 2 47,-6.32483285324E-001,+4.85133652632E-001,+4.12963521445E-001,+3.55351187301E-001,+4.12903836406E-001,+3.55604338641E-001,-3.42478669683E-001,+7.05167714519E-001,
12.9e6,caps hf ps1 1 47 2 48,-6.32209733600E-001,+4.84383523730E-001,+4.13453749274E-001,+3.52785474596E-001,+4.14263706769E-001,+3.53417614435E-001,-3.36194606851E-001,+7.09497494227E-001,
12.9e6,caps hf ps1 1 47 2 63,-6.35574348139E-001,+4.83892593086E-001,+4.17318117669E-001,+3.46083742164E-001,+4.17474776223E-001,+3.46193389594E-001,-3.13057566519E-001,+7.21131580892E-001,
12.9e6,caps hf ps1 1 47 3 0,-6.35216473169E-001,+4.83207933607E-001,+4.18357171843E-001,+3.42678081748E-001,+4.18987824836E-001,+3.43047522361E-001,-3.04762957164E-001,+7.26086721261E-001,
12.9e6,caps hf ps1 1 47 3 15,-6.38441994910E-001,+4.82358620081E-001,+4.21370867907E-001,+3.36169902996E-001,+4.21744438734E-001,+3.36527639135E-001,-2.83065522439E-001,+7.36061168194E-001,
12.9e6,caps hf ps1 1 47 3 16,-6.38803587280E-001,+4.82031899297E-001,+4.22725024480E-001,+3.33987651746E-001,+4.22955205932E-001,+3.34176195107E-001,-2.76604794874E-001,+7.39310257054E-001,
12.9e6,caps hf ps1 1 47 3 31,-6.40218078358E-001,+4.81630068558E-001,+4.25155163798E-001,+3.26752735754E-001,+4.25349073245E-001,+3.27371699176E-001,-2.55202950286E-001,+7.48268063915E-001,
12.9e6,caps hf ps1 1 47 3 32,-6.42947344440E-001,+4.81371231248E-001,+4.26611826891E-001,+3.23982710098E-001,+4.26442917708E-001,+3.24122811230E-001,-2.44275247922E-001,+7.52457454385E-001,
12.9e6,caps hf ps1 1 47 3 47,-6.44359416387E-001,+4.80260406770E-001,+4.28884338184E-001,+3.16976548310E-001,+4.28966499518E-001,+3.17548264499E-001,-2.23649972671E-001,+7.60134494807E-001,
12.9e6,caps hf ps1 1 47 3 48,-6.45158273761E-001,+4.80338868129E-001,+4.29472823393E-001,+3.15246967385E-001,+4.30078995153E-001,+3.15493810742E-001,-2.17485836335E-001,+7.63493287135E-001,
12.9e6,caps hf ps1 1 47 3 63,-6.47512954357E-001,+4.79838192937E-001,+4.31609265180E-001,+3.09072371162E-001,+4.31681000366E-001,+3.09287233978E-001,-1.97795488665E-001,+7.69557299939E-001,
12.9e6,caps hf ps1 1 47 4 0,-6.47504947814E-001,+4.80307588255E-001,+4.32430659108E-001,+3.08203972604E-001,+4.32566984390E-001,+3.08051681081E-001,-1.95777207738E-001,+7.71374440006E-001,
12.9e6,caps hf ps1 1 47 4 15,-6.48728666008E-001,+4.78750011908E-001,+4.33141224830E-001,+3.01966225191E-001,+4.34268569142E-001,+3.02070413600E-001,-1.76640072187E-001,+7.76969701209E-001,
12.9e6,caps hf ps1 1 47 4 16,-6.50116924691E-001,+4.79022480725E-001,+4.33725468286E-001,+3.00267057693E-001,+4.34382338809E-001,+3.00210978060E-001,-1.70675205562E-001,+7.79273027700E-001,
12.9e6,caps hf ps1 1 47 4 31,-6.50940726007E-001,+4.79003184405E-001,+4.35460125067E-001,+2.94482356885E-001,+4.35563464353E-001,+2.94064216322E-001,-1.52064091379E-001,+7.83946287798E-001,
12.9e6,caps hf ps1 1 47 4 32,-6.52678297315E-001,+4.77849239924E-001,+4.35541036223E-001,+2.91231344202E-001,+4.36536803077E-001,+2.91605424019E-001,-1.43528540158E-001,+7.87155868032E-001,
12.9e6,caps hf ps1 1 47 4 47,-6.54320524093E-001,+4.78927158146E-001,+4.37373198278E-001,+2.85258408770E-001,+4.37531852776E-001,+2.85241354340E-001,-1.24214529882E-001,+7.90947576913E-001,
12.9e6,caps hf ps1 1 47 4 48,-6.55150065381E-001,+4.78310824546E-001,+4.38008049049E-001,+2.83739339049E-001,+4.38384243202E-001,+2.83664381831E-001,-1.19104665261E-001,+7.93230041463E-001,
12.9e6,caps hf ps1 1 47 4 63,-6.56924064547E-001,+4.78204205197E-001,+4.39402051007E-001,+2.77527702947E-001,+4.39594276735E-001,+2.78127368372E-001,-1.01308030963E-001,+7.96979972887E-001,
12.9e6,caps hf ps1 1 47 5 0,-6.57235063920E-001,+4.78012320403E-001,+4.39454219320E-001,+2.77360530436E-001,+4.39586692579E-001,+2.77196578158E-001,-9.91096455989E-002,+7.98098287614E-001,
12.9e6,caps hf ps1 1 47 5 15,-6.58423946403E-001,+4.78374833199E-001,+4.40539426013E-001,+2.71282921006E-001,+4.40256402870E-001,+2.71443170046E-001,-8.15686205049E-002,+8.01593703966E-001,
12.9e6,caps hf ps1 1 47 5 16,-6.59295136963E-001,+4.77852406699E-001,+4.40664508284E-001,+2.70008072179E-001,+4.41123739248E-001,+2.70125934193E-001,-7.65536968683E-002,+8.02000811716E-001,
12.9e6,caps hf ps1 1 47 5 31,-6.61095663663E-001,+4.77656579255E-001,+4.41290920542E-001,+2.64744228312E-001,+4.41670280851E-001,+2.64956006303E-001,-6.01864305870E-002,+8.05235388589E-001,
12.9e6,caps hf ps1 1 47 5 32,-6.62625126008E-001,+4.78085096406E-001,+4.41589809899E-001,+2.62270148908E-001,+4.41861659583E-001,+2.62690570308E-001,-5.33316258568E-002,+8.06411169241E-001,
12.9e6,caps hf ps1 1 47 5 47,-6.63357729931E-001,+4.77204423490E-001,+4.42050976140E-001,+2.57423093079E-001,+4.42626418922E-001,+2.57298096368E-001,-3.57026538108E-002,+8.09329918593E-001,
12.9e6,caps hf ps1 1 47 5 48,-6.63746099023E-001,+4.77488379248E-001,+4.42466429221E-001,+2.55821486461E-001,+4.42515831010E-001,+2.55701713734E-001,-3.19479998302E-002,+8.08826477061E-001,
12.9e6,caps hf ps1 1 47 5 63,-6.65915571149E-001,+4.77778857560E-001,+4.42875429103E-001,+2.51303044213E-001,+4.42558693654E-001,+2.51248253908E-001,-1.68531507792E-002,+8.10444697406E-001,
12.9e6,caps hf ps1 1 47 6 0,-6.65389745282E-001,+4.77141368760E-001,+4.42404741531E-001,+2.52388891878E-001,+4.43202797644E-001,+2.51396378861E-001,-1.85360385132E-002,+8.12479682382E-001,
12.9e6,caps hf ps1 1 47 6 15,-6.66980231552E-001,+4.77038821110E-001,+4.43157427300E-001,+2.47271809042E-001,+4.43495517521E-001,+2.46841149128E-001,-4.15700218549E-003,+8.12815611220E-001,
12.9e6,caps hf ps1 1 47 6 16,-6.67177283899E-001,+4.77376933976E-001,+4.43407496218E-001,+2.45336246913E-001,+4.43507230014E-001,+2.45632148096E-001,+3.44209715581E-004,+8.13354387003E-001,
12.9e6,caps hf ps1 1 47 6 31,-6.68056230926E-001,+4.77897632367E-001,+4.43775764318E-001,+2.40972008135E-001,+4.43713556969E-001,+2.40839016412E-001,+1.46016814515E-002,+8.15009426236E-001,
12.9e6,caps hf ps1 1 47 6 32,-6.69341871222E-001,+4.78127989947E-001,+4.43650127699E-001,+2.38877980069E-001,+4.43683999828E-001,+2.38586574017E-001,+2.15440262690E-002,+8.14705656178E-001,
12.9e6,caps hf ps1 1 47 6 47,-6.70367714200E-001,+4.77780514925E-001,+4.44150556997E-001,+2.34318250328E-001,+4.44071627940E-001,+2.34498132489E-001,+3.48695355833E-002,+8.16166696715E-001,
12.9e6,caps hf ps1 1 47 6 48,-6.71577636032E-001,+4.77518942214E-001,+4.43639006696E-001,+2.33074505678E-001,+4.43948865347E-001,+2.33126303470E-001,+3.94192140925E-002,+8.16256356293E-001,
12.9e6,caps hf ps1 1 47 6 63,-6.71682087136E-001,+4.77435054174E-001,+4.43534797366E-001,+2.28844307859E-001,+4.43981339090E-001,+2.28806233180E-001,+5.18885794520E-002,+8.16876344769E-001,
12.9e6,caps hf ps1 1 48 0 0,-5.95008748393E-001,+5.16860425656E-001,+3.08107547887E-001,+4.66218009954E-001,+3.07572636019E-001,+4.66403609582E-001,-6.82882035077E-001,+3.63695682494E-001,
12.9e6,caps hf ps1 1 48 0 15,-5.97049693428E-001,+5.13154452273E-001,+3.18496888156E-001,+4.59071147445E-001,+3.18819280768E-001,+4.59359482116E-001,-6.61839315020E-001,+3.98704296530E-001,
12.9e6,caps hf ps1 1 48 0 16,-5.97451660244E-001,+5.12390749880E-001,+3.22036534783E-001,+4.56858010993E-001,+3.21851265289E-001,+4.57335370253E-001,-6.56815461074E-001,+4.09274831715E-001,
12.9e6,caps hf ps1 1 48 0 31,-6.00411944882E-001,+5.09175893694E-001,+3.32344718086E-001,+4.50270653565E-001,+3.32073606280E-001,+4.50176284104E-001,-6.34414312983E-001,+4.42221023940E-001,
12.9e6,caps hf ps1 1 48 0 32,-6.00876087217E-001,+5.07981895097E-001,+3.36853062152E-001,+4.45961190832E-001,+3.36180268498E-001,+4.46560356739E-001,-6.23043338606E-001,+4.56839307040E-001,
12.9e6,caps hf ps1 1 48 0 47,-6.04046850177E-001,+5.05242785669E-001,+3.45663084632E-001,+4.38450427897E-001,+3.45670682525E-001,+4.38461451565E-001,-6.00203815937E-001,+4.86891557269E-001,
12.9e6,caps hf ps1 1 48 0 48,-6.04492365573E-001,+5.04309069855E-001,+3.48943253126E-001,+4.35692990142E-001,+3.48420184826E-001,+4.36638228660E-001,-5.94389632291E-001,+4.94832389205E-001,
12.9e6,caps hf ps1 1 48 0 63,-6.07304462961E-001,+5.01155082928E-001,+3.56542372701E-001,+4.28849171926E-001,+3.57187153839E-001,+4.29326968578E-001,-5.71293452054E-001,+5.22323313013E-001,
12.9e6,caps hf ps1 1 48 1 0,-6.07844166370E-001,+5.00999982780E-001,+3.59494003230E-001,+4.26229997990E-001,+3.59838467903E-001,+4.26417773209E-001,-5.63263392660E-001,+5.30850551320E-001,
12.9e6,caps hf ps1 1 48 1 15,-6.10934340772E-001,+4.98851330310E-001,+3.67076628931E-001,+4.18534809551E-001,+3.67400784643E-001,+4.18880486545E-001,-5.39742531194E-001,+5.55939904498E-001,
12.9e6,caps hf ps1 1 48 1 16,-6.11373747637E-001,+4.98149329380E-001,+3.69739799527E-001,+4.15780679615E-001,+3.69115425381E-001,+4.16600207583E-001,-5.32503144868E-001,+5.62604807948E-001,
12.9e6,caps hf ps1 1 48 1 31,-6.14554944523E-001,+4.95787126843E-001,+3.76197222124E-001,+4.08563056173E-001,+3.76327180667E-001,+4.08991145255E-001,-5.09176539452E-001,+5.85668254378E-001,
12.9e6,caps hf ps1 1 48 1 32,-6.14826106871E-001,+4.94517133513E-001,+3.79376579082E-001,+4.04106215405E-001,+3.79390882213E-001,+4.04811061030E-001,-4.96615967624E-001,+5.96407742115E-001,
12.9e6,caps hf ps1 1 48 1 47,-6.18257488832E-001,+4.93815325925E-001,+3.86627343824E-001,+3.96782642988E-001,+3.85687140512E-001,+3.96574959777E-001,-4.72181814051E-001,+6.16541629580E-001,
12.9e6,caps hf ps1 1 48 1 48,-6.18390815044E-001,+4.92698032573E-001,+3.87524944425E-001,+3.93961211283E-001,+3.87140430709E-001,+3.94869671261E-001,-4.65497614755E-001,+6.22596793145E-001,
12.9e6,caps hf ps1 1 48 1 63,-6.21271523674E-001,+4.91220617820E-001,+3.93235562764E-001,+3.86110412485E-001,+3.93549657024E-001,+3.87136996861E-001,-4.41587891338E-001,+6.41996481063E-001,
12.9e6,caps hf ps1 1 48 2 0,-6.22457517978E-001,+4.90528803926E-001,+3.95613693868E-001,+3.83367562355E-001,+3.95805871344E-001,+3.83818722119E-001,-4.31691165674E-001,+6.49303396735E-001,
12.9e6,caps hf ps1 1 48 2 15,-6.24590915487E-001,+4.89122322365E-001,+4.00479758876E-001,+3.75122068735E-001,+4.00666411224E-001,+3.76305459934E-001,-4.07993381021E-001,+6.66213490035E-001,
12.9e6,caps hf ps1 1 48 2 16,-6.26347912800E-001,+4.88561461016E-001,+4.02433800486E-001,+3.73723712850E-001,+4.02651569744E-001,+3.73878656154E-001,-4.00643704199E-001,+6.71030455620E-001,
12.9e6,caps hf ps1 1 48 2 31,-6.28031340791E-001,+4.86998658219E-001,+4.05824880889E-001,+3.65774261398E-001,+4.07033238966E-001,+3.66172142569E-001,-3.77701074137E-001,+6.85899442796E-001,
12.9e6,caps hf ps1 1 48 2 32,-6.29159134928E-001,+4.86807041737E-001,+4.08348915127E-001,+3.61673435225E-001,+4.08877466995E-001,+3.62488753927E-001,-3.65294188403E-001,+6.93464906069E-001,
12.9e6,caps hf ps1 1 48 2 47,-6.31994278536E-001,+4.85151007895E-001,+4.12810492782E-001,+3.54515490250E-001,+4.13024231595E-001,+3.55042267010E-001,-3.41998354777E-001,+7.05930338999E-001,
12.9e6,caps hf ps1 1 48 2 48,-6.33215471854E-001,+4.85029630679E-001,+4.13706316755E-001,+3.52786651588E-001,+4.14099679469E-001,+3.52688325230E-001,-3.35213818699E-001,+7.10609984307E-001,
12.9e6,caps hf ps1 1 48 2 63,-6.35044273932E-001,+4.85337853322E-001,+4.17405897055E-001,+3.45423440441E-001,+4.17229272774E-001,+3.45161976167E-001,-3.13325631145E-001,+7.21233348959E-001,
12.9e6,caps hf ps1 1 48 3 0,-6.36078463181E-001,+4.84397498432E-001,+4.18602579067E-001,+3.42419919635E-001,+4.18644945852E-001,+3.42836421577E-001,-3.05294197204E-001,+7.25460578831E-001,
12.9e6,caps hf ps1 1 48 3 15,-6.38484348759E-001,+4.83493791007E-001,+4.21792187857E-001,+3.35547578389E-001,+4.21682514593E-001,+3.36195992577E-001,-2.83141218687E-001,+7.36480455232E-001,
12.9e6,caps hf ps1 1 48 3 16,-6.38752108689E-001,+4.82549336907E-001,+4.22304147237E-001,+3.33115554993E-001,+4.22963358383E-001,+3.33368621044E-001,-2.75869422968E-001,+7.39814670295E-001,
12.9e6,caps hf ps1 1 48 3 31,-6.40476536195E-001,+4.82539568961E-001,+4.25067994424E-001,+3.25647749245E-001,+4.25470911611E-001,+3.27153411077E-001,-2.55449809980E-001,+7.48981590945E-001,
12.9e6,caps hf ps1 1 48 3 32,-6.42386891522E-001,+4.82241789519E-001,+4.26822249102E-001,+3.22987717994E-001,+4.26841553492E-001,+3.23157567587E-001,-2.44155157898E-001,+7.53206255134E-001,
12.9e6,caps hf ps1 1 48 3 47,-6.43965219824E-001,+4.81914219722E-001,+4.28956052752E-001,+3.16081255514E-001,+4.28386716402E-001,+3.16082180364E-001,-2.23030054458E-001,+7.60543798371E-001,
12.9e6,caps hf ps1 1 48 3 48,-6.44201782878E-001,+4.81376210154E-001,+4.29066426046E-001,+3.14348416032E-001,+4.29659452261E-001,+3.14810944171E-001,-2.17485542486E-001,+7.63764608487E-001,
12.9e6,caps hf ps1 1 48 3 63,-6.46710367174E-001,+4.80577194703E-001,+4.31182963630E-001,+3.08068519216E-001,+4.31255410753E-001,+3.08194471349E-001,-1.97537538100E-001,+7.70370871551E-001,
12.9e6,caps hf ps1 1 48 4 0,-6.48078070729E-001,+4.80950790369E-001,+4.32082860675E-001,+3.07904893437E-001,+4.32057357174E-001,+3.07931503290E-001,-1.95584138834E-001,+7.71371593117E-001,
12.9e6,caps hf ps1 1 48 4 15,-6.49984435561E-001,+4.80021462075E-001,+4.33970390690E-001,+3.01635972264E-001,+4.34064691698E-001,+3.01968910189E-001,-1.76892088858E-001,+7.78111653957E-001,
12.9e6,caps hf ps1 1 48 4 16,-6.50088247746E-001,+4.81054730232E-001,+4.34394087822E-001,+2.99261587391E-001,+4.34586678355E-001,+2.99918711766E-001,-1.70636825979E-001,+7.79216593351E-001,
12.9e6,caps hf ps1 1 48 4 31,-6.51732171166E-001,+4.79717178640E-001,+4.35288861878E-001,+2.93569679419E-001,+4.35511119542E-001,+2.94025551471E-001,-1.51963472669E-001,+7.84574877517E-001,
12.9e6,caps hf ps1 1 48 4 32,-6.52331697440E-001,+4.79959927023E-001,+4.36519468332E-001,+2.90636270497E-001,+4.36101220807E-001,+2.90389636302E-001,-1.41679490444E-001,+7.86907035405E-001,
12.9e6,caps hf ps1 1 48 4 47,-6.53884498664E-001,+4.80308019028E-001,+4.37692538009E-001,+2.84190229519E-001,+4.38307068362E-001,+2.84441636043E-001,-1.23395862972E-001,+7.92579419516E-001,
12.9e6,caps hf ps1 1 48 4 48,-6.55699963211E-001,+4.78413940541E-001,+4.38240417277E-001,+2.83573564450E-001,+4.37804892874E-001,+2.83176625817E-001,-1.18791115786E-001,+7.93241155977E-001,
12.9e6,caps hf ps1 1 48 4 63,-6.56932151220E-001,+4.79052210448E-001,+4.38935921582E-001,+2.77196965306E-001,+4.39254910308E-001,+2.77732507993E-001,-1.01495646449E-001,+7.97715524877E-001,
12.9e6,caps hf ps1 1 48 5 0,-6.56862464040E-001,+4.79072106677E-001,+4.38998834263E-001,+2.76123842518E-001,+4.39705011316E-001,+2.76624078914E-001,-9.82943509006E-002,+7.98344896308E-001,
12.9e6,caps hf ps1 1 48 5 15,-6.58951992859E-001,+4.78711176205E-001,+4.39614882972E-001,+2.71238722813E-001,+4.40525530427E-001,+2.70903422751E-001,-8.12440794113E-002,+8.02270161687E-001,
12.9e6,caps hf ps1 1 48 5 16,-6.59223074847E-001,+4.78705773771E-001,+4.40172497679E-001,+2.69293385791E-001,+4.41067034199E-001,+2.69687562964E-001,-7.66103943095E-002,+8.02909694838E-001,
12.9e6,caps hf ps1 1 48 5 31,-6.60538924369E-001,+4.78833067892E-001,+4.41359348497E-001,+2.64054732138E-001,+4.41084561734E-001,+2.64120695196E-001,-6.01613552386E-002,+8.05118030272E-001,
12.9e6,caps hf ps1 1 48 5 32,-6.61767126883E-001,+4.78151793014E-001,+4.41599899861E-001,+2.62093760858E-001,+4.41890131662E-001,+2.61682470849E-001,-5.22371462520E-002,+8.06895685824E-001,
12.9e6,caps hf ps1 1 48 5 47,-6.63489462601E-001,+4.78606061252E-001,+4.42335600236E-001,+2.56887670827E-001,+4.42457878563E-001,+2.56827216289E-001,-3.63081003687E-002,+8.09470250478E-001,
12.9e6,caps hf ps1 1 48 5 48,-6.63680586946E-001,+4.78694175757E-001,+4.42000890896E-001,+2.55063701348E-001,+4.42218764997E-001,+2.55712711472E-001,-3.21762931059E-002,+8.09601627847E-001,
12.9e6,caps hf ps1 1 48 5 63,-6.65061458756E-001,+4.78413971814E-001,+4.42436658003E-001,+2.50707602897E-001,+4.42653182658E-001,+2.50714891477E-001,-1.68037029661E-002,+8.11311142787E-001,
12.9e6,caps hf ps1 1 48 6 0,-6.65804161759E-001,+4.78474337437E-001,+4.43062922591E-001,+2.51156531784E-001,+4.42766338004E-001,+2.51167113881E-001,-1.92346529184E-002,+8.11866946145E-001,
12.9e6,caps hf ps1 1 48 6 15,-6.67141719127E-001,+4.78187936255E-001,+4.43126919351E-001,+2.46792186043E-001,+4.43040380167E-001,+2.46027558741E-001,-3.14661425124E-003,+8.12997984339E-001,
12.9e6,caps hf ps1 1 48 6 16,-6.67606989076E-001,+4.78261878588E-001,+4.43255294610E-001,+2.44623798913E-001,+4.42853473309E-001,+2.45070308233E-001,+8.00842344003E-004,+8.13305410775E-001,
12.9e6,caps hf ps1 1 48 6 31,-6.68965424605E-001,+4.78705772725E-001,+4.42947924080E-001,+2.40725605232E-001,+4.43984897177E-001,+2.40157006744E-001,+1.53392981926E-002,+8.14890355337E-001,
12.9e6,caps hf ps1 1 48 6 32,-6.68752619503E-001,+4.78132583835E-001,+4.43479313941E-001,+2.38704885721E-001,+4.43532292304E-001,+2.38468940523E-001,+2.13133783911E-002,+8.15552306114E-001,
12.9e6,caps hf ps1 1 48 6 47,-6.70300989297E-001,+4.78232522531E-001,+4.43338326763E-001,+2.34166591683E-001,+4.43548102736E-001,+2.34054324324E-001,+3.54774434451E-002,+8.15993442329E-001,
12.9e6,caps hf ps1 1 48 6 48,-6.71224675764E-001,+4.78091963041E-001,+4.44444656659E-001,+2.32918954304E-001,+4.43745170834E-001,+2.33048185887E-001,+3.84167322593E-002,+8.16198771426E-001,
12.9e6,caps hf ps1 1 48 6 63,-6.72357077777E-001,+4.78145280581E-001,+4.43424427648E-001,+2.28649077026E-001,+4.44201449406E-001,+2.28499937468E-001,+5.22327354433E-002,+8.17668062087E-001,
12.9e6,caps hf ps1 1 63 0 0,-5.90743027744E-001,+5.47388825672E-001,+3.07875959080E-001,+4.35141528809E-001,+3.07480417201E-001,+4.35768363253E-001,-6.86275952750E-001,+3.93013918158E-001,
12.9e6,caps hf ps1 1 63 0 15,-5.93235958626E-001,+5.44498725534E-001,+3.18103690135E-001,+4.27911480478E-001,+3.17959671553E-001,+4.28219185917E-001,-6.63380528887E-001,+4.29742127159E-001,
12.9e6,caps hf ps1 1 63 0 16,-5.93925349112E-001,+5.42866132696E-001,+3.20943067115E-001,+4.26171754578E-001,+3.20415204299E-001,+4.26355923897E-001,-6.57168536695E-001,+4.38870036222E-001,
12.9e6,caps hf ps1 1 63 0 31,-5.95823380990E-001,+5.41162877728E-001,+3.29954736476E-001,+4.17965514522E-001,+3.30644080588E-001,+4.19647943315E-001,-6.34479006987E-001,+4.72589573320E-001,
12.9e6,caps hf ps1 1 63 0 32,-5.97572653695E-001,+5.40068436444E-001,+3.34923995109E-001,+4.15185309216E-001,+3.34820389872E-001,+4.15831123046E-001,-6.22885398502E-001,+4.87988856983E-001,
12.9e6,caps hf ps1 1 63 0 47,-5.99549072614E-001,+5.36725175092E-001,+3.42474931967E-001,+4.07442368298E-001,+3.42983530145E-001,+4.07675531955E-001,-5.97705111192E-001,+5.17326531930E-001,
12.9e6,caps hf ps1 1 63 0 48,-6.01117795906E-001,+5.36281601185E-001,+3.45647379722E-001,+4.04843397778E-001,+3.45772895048E-001,+4.05519101858E-001,-5.91154827055E-001,+5.25836937593E-001,
12.9e6,caps hf ps1 1 63 0 63,-6.03154714196E-001,+5.34511620062E-001,+3.53035639191E-001,+3.97138626539E-001,+3.53183618197E-001,+3.98254451820E-001,-5.66720683674E-001,+5.52744614182E-001,
12.9e6,caps hf ps1 1 63 1 0,-6.04012815751E-001,+5.33315727233E-001,+3.55606034653E-001,+3.95140630441E-001,+3.55671742623E-001,+3.95751715255E-001,-5.59674433405E-001,+5.60589106781E-001,
12.9e6,caps hf ps1 1 63 1 15,-6.06118808662E-001,+5.32373539785E-001,+3.62863300230E-001,+3.86587095680E-001,+3.63236916100E-001,+3.87922190481E-001,-5.35168832431E-001,+5.86616483971E-001,
12.9e6,caps hf ps1 1 63 1 16,-6.07250513349E-001,+5.30474842347E-001,+3.64210435456E-001,+3.84462904859E-001,+3.64886888527E-001,+3.85341298427E-001,-5.27046748876E-001,+5.93334527366E-001,
12.9e6,caps hf ps1 1 63 1 31,-6.09563059763E-001,+5.29354966610E-001,+3.71122098436E-001,+3.77057511799E-001,+3.71179179029E-001,+3.77794355873E-001,-5.02291029566E-001,+6.15127431138E-001,
12.9e6,caps hf ps1 1 63 1 32,-6.11213039896E-001,+5.28532253680E-001,+3.73981643873E-001,+3.73367902464E-001,+3.74256855439E-001,+3.73082164011E-001,-4.88728389595E-001,+6.26879906298E-001,
12.9e6,caps hf ps1 1 63 1 47,-6.13983742200E-001,+5.27362886609E-001,+3.79489778347E-001,+3.65268898191E-001,+3.80024762962E-001,+3.65763143842E-001,-4.63872395163E-001,+6.46733660063E-001,
12.9e6,caps hf ps1 1 63 1 48,-6.14167340135E-001,+5.26594447914E-001,+3.81185360748E-001,+3.62683174725E-001,+3.81297131116E-001,+3.63578853657E-001,-4.56957481547E-001,+6.51846471243E-001,
12.9e6,caps hf ps1 1 63 1 63,-6.15672481047E-001,+5.25695434943E-001,+3.86464992635E-001,+3.54760592679E-001,+3.86204279635E-001,+3.55932552884E-001,-4.32112306174E-001,+6.69750841374E-001,
12.9e6,caps hf ps1 1 63 2 0,-6.18476121051E-001,+5.25108541687E-001,+3.88356661604E-001,+3.52007276061E-001,+3.88092624094E-001,+3.52076511117E-001,-4.20970419390E-001,+6.78019997998E-001,
12.9e6,caps hf ps1 1 63 2 15,-6.20002621367E-001,+5.23369700422E-001,+3.92672724647E-001,+3.44238884175E-001,+3.92967164074E-001,+3.44997238853E-001,-3.96818351682E-001,+6.93568661124E-001,
12.9e6,caps hf ps1 1 63 2 16,-6.21334479263E-001,+5.23633653688E-001,+3.94117723181E-001,+3.42164513441E-001,+3.94457049861E-001,+3.42674669781E-001,-3.89928696029E-001,+6.98340084425E-001,
12.9e6,caps hf ps1 1 63 2 31,-6.22949675520E-001,+5.22448567548E-001,+3.97781858663E-001,+3.34878065774E-001,+3.98142972727E-001,+3.35133682985E-001,-3.65096275577E-001,+7.12659967024E-001,
12.9e6,caps hf ps1 1 63 2 32,-6.24106674469E-001,+5.22489037574E-001,+4.00040649968E-001,+3.30557979714E-001,+3.99833677892E-001,+3.31002053362E-001,-3.52630322599E-001,+7.19677774407E-001,
12.9e6,caps hf ps1 1 63 2 47,-6.27161643011E-001,+5.20943064103E-001,+4.02941309771E-001,+3.24090923427E-001,+4.02499547324E-001,+3.23867746764E-001,-3.29122132802E-001,+7.31227242597E-001,
12.9e6,caps hf ps1 1 63 2 48,-6.28026084049E-001,+5.21361577766E-001,+4.04344981068E-001,+3.21593339388E-001,+4.04220117250E-001,+3.21810212281E-001,-3.21487313118E-001,+7.35486655053E-001,
12.9e6,caps hf ps1 1 63 2 63,-6.29580229086E-001,+5.20777656373E-001,+4.07421516884E-001,+3.14572029075E-001,+4.07164564999E-001,+3.14803140641E-001,-2.99143240028E-001,+7.46607745657E-001,
12.9e6,caps hf ps1 1 63 3 0,-6.30020545447E-001,+5.20335363948E-001,+4.08368307654E-001,+3.11646228565E-001,+4.08400109354E-001,+3.12279731070E-001,-2.91236988496E-001,+7.51109714115E-001,
12.9e6,caps hf ps1 1 63 3 15,-6.31973281288E-001,+5.19375082700E-001,+4.10820271608E-001,+3.04712288151E-001,+4.10978723059E-001,+3.04936808408E-001,-2.68196497337E-001,+7.60509584283E-001,
12.9e6,caps hf ps1 1 63 3 16,-6.32691746697E-001,+5.19334968626E-001,+4.11864056737E-001,+3.03005062112E-001,+4.11362648514E-001,+3.02860351285E-001,-2.61193571470E-001,+7.63255418242E-001,
12.9e6,caps hf ps1 1 63 3 31,-6.34939790953E-001,+5.18739939786E-001,+4.13620742614E-001,+2.96360019762E-001,+4.14052479219E-001,+2.96275230053E-001,-2.38985752255E-001,+7.72203056346E-001,
12.9e6,caps hf ps1 1 63 3 32,-6.35848169954E-001,+5.18547876295E-001,+4.15179136674E-001,+2.93057466797E-001,+4.15212778488E-001,+2.93116440284E-001,-2.28543884373E-001,+7.76510426157E-001,
12.9e6,caps hf ps1 1 63 3 47,-6.37226766280E-001,+5.18301238326E-001,+4.16851799214E-001,+2.85820671433E-001,+4.16774783377E-001,+2.86324646712E-001,-2.07608910514E-001,+7.83388605110E-001,
12.9e6,caps hf ps1 1 63 3 48,-6.38640950021E-001,+5.17530686057E-001,+4.17114727402E-001,+2.84838341875E-001,+4.18071369054E-001,+2.85270826349E-001,-2.01209342999E-001,+7.87122900760E-001,
12.9e6,caps hf ps1 1 63 3 63,-6.40459642871E-001,+5.17889692898E-001,+4.19198118265E-001,+2.78057661204E-001,+4.18830851973E-001,+2.78400317275E-001,-1.80592445499E-001,+7.91907300828E-001,
12.9e6,caps hf ps1 1 63 4 0,-6.40931183521E-001,+5.17965877355E-001,+4.19339531952E-001,+2.78150651946E-001,+4.19562350735E-001,+2.78533275601E-001,-1.79419152388E-001,+7.93549386862E-001,
12.9e6,caps hf ps1 1 63 4 15,-6.42181436726E-001,+5.17483144232E-001,+4.20500669781E-001,+2.71714046729E-001,+4.20887745464E-001,+2.71942679782E-001,-1.59794486487E-001,+7.99340032828E-001,
12.9e6,caps hf ps1 1 63 4 16,-6.43314370015E-001,+5.16959094133E-001,+4.20962305729E-001,+2.70335031754E-001,+4.20537850449E-001,+2.70202524722E-001,-1.53853131839E-001,+8.00440892945E-001,
12.9e6,caps hf ps1 1 63 4 31,-6.44321342041E-001,+5.17017241737E-001,+4.22276816919E-001,+2.63902856939E-001,+4.22232303908E-001,+2.64741225051E-001,-1.34310837460E-001,+8.05597279108E-001,
12.9e6,caps hf ps1 1 63 4 32,-6.46443900224E-001,+5.17316953238E-001,+4.22956973452E-001,+2.61388955031E-001,+4.23138756054E-001,+2.61575324769E-001,-1.24910041232E-001,+8.07815211878E-001,
12.9e6,caps hf ps1 1 63 4 47,-6.46507137624E-001,+5.17211057978E-001,+4.23373415443E-001,+2.55614856553E-001,+4.23811872763E-001,+2.55728227461E-001,-1.05811772719E-001,+8.12333305900E-001,
12.9e6,caps hf ps1 1 63 4 48,-6.47653279613E-001,+5.17030762077E-001,+4.23842618730E-001,+2.54090946439E-001,+4.23572032975E-001,+2.54153908781E-001,-1.00434514370E-001,+8.12436240929E-001,
12.9e6,caps hf ps1 1 63 4 63,-6.49673841646E-001,+5.17081815519E-001,+4.24198694143E-001,+2.48537233252E-001,+4.25107722686E-001,+2.49238739552E-001,-8.31190038364E-002,+8.16380067296E-001,
12.9e6,caps hf ps1 1 63 5 0,-6.49737513753E-001,+5.16710044248E-001,+4.24969284869E-001,+2.47921917036E-001,+4.24681086766E-001,+2.47948585487E-001,-8.06380103512E-002,+8.17321135062E-001,
12.9e6,caps hf ps1 1 63 5 15,-6.51142071304E-001,+5.16101547533E-001,+4.24732245285E-001,+2.42723770042E-001,+4.25522010987E-001,+2.42962643571E-001,-6.32175045540E-002,+8.19977567351E-001,
12.9e6,caps hf ps1 1 63 5 16,-6.52019947027E-001,+5.16882778026E-001,+4.25969158451E-001,+2.41106845226E-001,+4.25859899011E-001,+2.41302749856E-001,-5.75854025959E-002,+8.21192264305E-001,
12.9e6,caps hf ps1 1 63 5 31,-6.53225862824E-001,+5.15878278184E-001,+4.25759968520E-001,+2.36496702847E-001,+4.26537779270E-001,+2.36240747331E-001,-4.09979233390E-002,+8.23695476168E-001,
12.9e6,caps hf ps1 1 63 5 32,-6.53780924195E-001,+5.15870340099E-001,+4.26416152588E-001,+2.34368778573E-001,+4.26391196903E-001,+2.33812613506E-001,-3.32003293836E-002,+8.24421805938E-001,
12.9e6,caps hf ps1 1 63 5 47,-6.55427091292E-001,+5.16224930527E-001,+4.26169455303E-001,+2.29202063719E-001,+4.27168770507E-001,+2.29079406006E-001,-1.68016213216E-002,+8.27044597100E-001,
12.9e6,caps hf ps1 1 63 5 48,-6.55657061816E-001,+5.16742257438E-001,+4.26819168374E-001,+2.27385832605E-001,+4.26376731491E-001,+2.27720783701E-001,-1.26952880852E-002,+8.27048643072E-001,
12.9e6,caps hf ps1 1 63 5 63,-6.57182802003E-001,+5.15924474115E-001,+4.26721950607E-001,+2.23435563266E-001,+4.27307058027E-001,+2.23196101066E-001,+3.02241983454E-003,+8.28808738877E-001,
12.9e6,caps hf ps1 1 63 6 0,-6.57113050118E-001,+5.16790434268E-001,+4.27308178131E-001,+2.23513855477E-001,+4.27446584843E-001,+2.23907528218E-001,+4.12151765100E-004,+8.28947648522E-001,
12.9e6,caps hf ps1 1 63 6 15,-6.59013800615E-001,+5.16401555135E-001,+4.27179838237E-001,+2.19768230735E-001,+4.27599123869E-001,+2.18977686265E-001,+1.60552814084E-002,+8.29631040740E-001,
12.9e6,caps hf ps1 1 63 6 16,-6.58763617494E-001,+5.15978043502E-001,+4.26628943663E-001,+2.17831553999E-001,+4.27265144720E-001,+2.17994641013E-001,+2.01656753181E-002,+8.29476937604E-001,
12.9e6,caps hf ps1 1 63 6 31,-6.60318841317E-001,+5.17252097672E-001,+4.27270878426E-001,+2.13732512853E-001,+4.27368339210E-001,+2.13874807296E-001,+3.45429225248E-002,+8.30375541405E-001,
12.9e6,caps hf ps1 1 63 6 32,-6.60408820952E-001,+5.17290020213E-001,+4.26992372525E-001,+2.11583807630E-001,+4.27156166313E-001,+2.11243290659E-001,+4.09839345140E-002,+8.30804651742E-001,
12.9e6,caps hf ps1 1 63 6 47,-6.61258455825E-001,+5.17235689831E-001,+4.26592522344E-001,+2.07293884918E-001,+4.27242679673E-001,+2.07250144019E-001,+5.52911831846E-002,+8.31571629870E-001,
12.9e6,caps hf ps1 1 63 6 48,-6.62138652171E-001,+5.16702214059E-001,+4.26482188213E-001,+2.06190738332E-001,+4.27219888566E-001,+2.06269124104E-001,+5.90378577198E-002,+8.31934846297E-001,
12.9e6,caps hf ps1 1 63 6 63,-6.63779081824E-001,+5.16930440300E-001,+4.27031647387E-001,+2.02521276170E-001,+4.27427051793E-001,+2.02428925586E-001,+7.21693846038E-002,+8.31900648142E-001,
12.9e6,caps hf ps1 2 0 0 0,-5.90632260047E-001,+5.47680954691E-001,+3.07125807339E-001,+4.33966346008E-001,+3.07518772627E-001,+4.34154690792E-001,-6.85513523938E-001,+3.97027533871E-001,
12.9e6,caps hf ps1 2 0 0 15,-5.93607792132E-001,+5.44729476638E-001,+3.17565651469E-001,+4.27110481762E-001,+3.17851153540E-001,+4.27614317339E-001,-6.63685741783E-001,+4.32084298737E-001,
12.9e6,caps hf ps1 2 0 0 16,-5.94142498310E-001,+5.43991490716E-001,+3.20964936966E-001,+4.24899537952E-001,+3.20098285924E-001,+4.25178345206E-001,-6.56835524172E-001,+4.41441442628E-001,
12.9e6,caps hf ps1 2 0 0 31,-5.96700655675E-001,+5.41293022430E-001,+3.29908032236E-001,+4.17569838847E-001,+3.29526668472E-001,+4.18010187599E-001,-6.34290529238E-001,+4.73779913524E-001,
12.9e6,caps hf ps1 2 0 0 32,-5.96380060834E-001,+5.39731731471E-001,+3.34010658648E-001,+4.13049872245E-001,+3.33958219853E-001,+4.14335322236E-001,-6.21808030573E-001,+4.89639598764E-001,
12.9e6,caps hf ps1 2 0 0 47,-5.99297668994E-001,+5.37758246183E-001,+3.42683322959E-001,+4.06192902336E-001,+3.42148254144E-001,+4.07218802788E-001,-5.98047474258E-001,+5.18427335363E-001,
12.9e6,caps hf ps1 2 0 0 48,-6.00595088464E-001,+5.36130031867E-001,+3.44792956588E-001,+4.03969636140E-001,+3.45260780988E-001,+4.04066800076E-001,-5.90768883026E-001,+5.27515266301E-001,
12.9e6,caps hf ps1 2 0 0 63,-6.02059874954E-001,+5.34997467373E-001,+3.52358940564E-001,+3.96204252540E-001,+3.53159752395E-001,+3.96412305366E-001,-5.66343820369E-001,+5.53887884380E-001,
12.9e6,caps hf ps1 2 0 1 0,-6.03214142082E-001,+5.34674024441E-001,+3.55378828372E-001,+3.93746199697E-001,+3.55481076142E-001,+3.94633465735E-001,-5.58804863783E-001,+5.62162171455E-001,
12.9e6,caps hf ps1 2 0 1 15,-6.05468096619E-001,+5.32939726180E-001,+3.61676747479E-001,+3.85827885440E-001,+3.62147728715E-001,+3.86655336152E-001,-5.33589693257E-001,+5.87137100245E-001,
12.9e6,caps hf ps1 2 0 1 16,-6.06401207834E-001,+5.32197818647E-001,+3.63924562412E-001,+3.83574782979E-001,+3.63552231126E-001,+3.83640147676E-001,-5.25834638058E-001,+5.94366067032E-001,
12.9e6,caps hf ps1 2 0 1 31,-6.08536939874E-001,+5.30544348132E-001,+3.69931787889E-001,+3.75965281268E-001,+3.70848597692E-001,+3.76507994756E-001,-5.01882323364E-001,+6.16345701932E-001,
12.9e6,caps hf ps1 2 0 1 32,-6.10606276796E-001,+5.29914370720E-001,+3.73419350180E-001,+3.71582587924E-001,+3.73203868964E-001,+3.72582473789E-001,-4.88063131343E-001,+6.26889430745E-001,
12.9e6,caps hf ps1 2 0 1 47,-6.12779446266E-001,+5.28601183507E-001,+3.79012593971E-001,+3.64590010227E-001,+3.79063013816E-001,+3.65373903819E-001,-4.63881363032E-001,+6.46740775502E-001,
12.9e6,caps hf ps1 2 0 1 48,-6.12863885941E-001,+5.27905830538E-001,+3.80008017830E-001,+3.61787788254E-001,+3.80208604087E-001,+3.62220544462E-001,-4.55505199583E-001,+6.52954801486E-001,
12.9e6,caps hf ps1 2 0 1 63,-6.16066719409E-001,+5.26229218088E-001,+3.85052901299E-001,+3.54868436371E-001,+3.85129734432E-001,+3.55329755164E-001,-4.30296841305E-001,+6.70460638107E-001,
12.9e6,caps hf ps1 2 0 2 0,-6.16839345713E-001,+5.25640658736E-001,+3.87669916928E-001,+3.50986583831E-001,+3.87155045759E-001,+3.51749085685E-001,-4.20057875490E-001,+6.77632303145E-001,
12.9e6,caps hf ps1 2 0 2 15,-6.18614962651E-001,+5.24740026266E-001,+3.91758766371E-001,+3.44012635628E-001,+3.91810660530E-001,+3.44044135750E-001,-3.95240387661E-001,+6.93819116686E-001,
12.9e6,caps hf ps1 2 0 2 16,-6.19436270049E-001,+5.24120345062E-001,+3.92846749257E-001,+3.40768977040E-001,+3.93898347992E-001,+3.42522437390E-001,-3.89004968243E-001,+6.98587084384E-001,
12.9e6,caps hf ps1 2 0 2 31,-6.22132306205E-001,+5.23321080330E-001,+3.97412593755E-001,+3.34435667867E-001,+3.97095176184E-001,+3.34652540520E-001,-3.64459654326E-001,+7.12833257949E-001,
12.9e6,caps hf ps1 2 0 2 32,-6.22868342193E-001,+5.22595458512E-001,+3.98213377681E-001,+3.30891631568E-001,+3.99743348821E-001,+3.30617923687E-001,-3.52043710850E-001,+7.20152021673E-001,
12.9e6,caps hf ps1 2 0 2 47,-6.25734158123E-001,+5.21784178638E-001,+4.02014614281E-001,+3.23553118528E-001,+4.02556122040E-001,+3.23487946349E-001,-3.28452560891E-001,+7.31551899584E-001,
12.9e6,caps hf ps1 2 0 2 48,-6.26077499562E-001,+5.22005878921E-001,+4.03274348708E-001,+3.21375625202E-001,+4.03652154937E-001,+3.20927432746E-001,-3.21098739249E-001,+7.35755584393E-001,
12.9e6,caps hf ps1 2 0 2 63,-6.27355266778E-001,+5.20614648183E-001,+4.05699292126E-001,+3.14864701139E-001,+4.06153059250E-001,+3.13701440004E-001,-2.97688152797E-001,+7.46982173261E-001,
12.9e6,caps hf ps1 2 0 3 0,-6.29260550821E-001,+5.20458548972E-001,+4.06902649186E-001,+3.11331387437E-001,+4.07172626302E-001,+3.12147209486E-001,-2.90024338607E-001,+7.50825713891E-001,
12.9e6,caps hf ps1 2 0 3 15,-6.31222578227E-001,+5.20271097037E-001,+4.09548236650E-001,+3.04994225730E-001,+4.09905171280E-001,+3.05241978174E-001,-2.67543075696E-001,+7.60250520523E-001,
12.9e6,caps hf ps1 2 0 3 16,-6.31445841084E-001,+5.19953265377E-001,+4.10238680743E-001,+3.02276305120E-001,+4.10454360363E-001,+3.02486668482E-001,-2.60094206641E-001,+7.63579637148E-001,
12.9e6,caps hf ps1 2 0 3 31,-6.33860839407E-001,+5.18684466342E-001,+4.13136667760E-001,+2.96512426234E-001,+4.12612565309E-001,+2.96021503121E-001,-2.39124012040E-001,+7.71511138760E-001,
12.9e6,caps hf ps1 2 0 3 32,-6.34777293335E-001,+5.18776540372E-001,+4.14037100674E-001,+2.93223672105E-001,+4.14285510854E-001,+2.92889065506E-001,-2.28080459387E-001,+7.76742420025E-001,
12.9e6,caps hf ps1 2 0 3 47,-6.37367954839E-001,+5.19287364080E-001,+4.16174689155E-001,+2.86440512257E-001,+4.16603025118E-001,+2.87311590369E-001,-2.07320010460E-001,+7.83241323938E-001,
12.9e6,caps hf ps1 2 0 3 48,-6.37496921388E-001,+5.18701459617E-001,+4.16091404966E-001,+2.84933183621E-001,+4.16564005639E-001,+2.84780479303E-001,-2.00788312650E-001,+7.85744884825E-001,
12.9e6,caps hf ps1 2 0 3 63,-6.38954818605E-001,+5.18599419628E-001,+4.18140386678E-001,+2.78405236144E-001,+4.17920171131E-001,+2.78703997262E-001,-1.80835127241E-001,+7.92128092524E-001,
12.9e6,caps hf ps1 2 0 4 0,-6.39265288614E-001,+5.18205868114E-001,+4.18470832324E-001,+2.78226763626E-001,+4.18460785117E-001,+2.78344963203E-001,-1.78874198466E-001,+7.92874389956E-001,
12.9e6,caps hf ps1 2 0 4 15,-6.40721170806E-001,+5.17340459550E-001,+4.19239229167E-001,+2.71975442892E-001,+4.20639158192E-001,+2.72358272251E-001,-1.58940908114E-001,+7.99227886206E-001,
12.9e6,caps hf ps1 2 0 4 16,-6.41852567333E-001,+5.18902881952E-001,+4.20084493688E-001,+2.70440590073E-001,+4.20145361919E-001,+2.69940668327E-001,-1.52840116450E-001,+8.00258629771E-001,
12.9e6,caps hf ps1 2 0 4 31,-6.42614840835E-001,+5.18196890317E-001,+4.20829875109E-001,+2.64220041165E-001,+4.22118712941E-001,+2.64816894577E-001,-1.33768101106E-001,+8.05447645514E-001,
12.9e6,caps hf ps1 2 0 4 32,-6.44577012510E-001,+5.17403441390E-001,+4.21248540593E-001,+2.61470521838E-001,+4.21551205714E-001,+2.62222526896E-001,-1.24539686965E-001,+8.06103932991E-001,
12.9e6,caps hf ps1 2 0 4 47,-6.45416250730E-001,+5.17722303617E-001,+4.22345419597E-001,+2.55794627860E-001,+4.23221808457E-001,+2.56664791923E-001,-1.05941635431E-001,+8.11450510340E-001,
12.9e6,caps hf ps1 2 0 4 48,-6.46827840550E-001,+5.17199293723E-001,+4.23188191276E-001,+2.54981948744E-001,+4.23089753079E-001,+2.53975465422E-001,-1.00027649984E-001,+8.11760843953E-001,
12.9e6,caps hf ps1 2 0 4 63,-6.47916628923E-001,+5.17166894280E-001,+4.23706886105E-001,+2.49219917925E-001,+4.23644043418E-001,+2.49586158570E-001,-8.25604011614E-002,+8.15465738547E-001,
12.9e6,caps hf ps1 2 0 5 0,-6.48349970448E-001,+5.17353106163E-001,+4.23718452909E-001,+2.48478687967E-001,+4.24039447464E-001,+2.47953114401E-001,-8.05315517159E-002,+8.17385989718E-001,
12.9e6,caps hf ps1 2 0 5 15,-6.50216710064E-001,+5.17513961177E-001,+4.24784226233E-001,+2.43054461955E-001,+4.24700390147E-001,+2.42917861112E-001,-6.21154583477E-002,+8.19791399017E-001,
12.9e6,caps hf ps1 2 0 5 16,-6.50142893880E-001,+5.16566399054E-001,+4.24644688615E-001,+2.41851067865E-001,+4.24995461462E-001,+2.41642273495E-001,-5.79756069842E-002,+8.20308661174E-001,
12.9e6,caps hf ps1 2 0 5 31,-6.51839456849E-001,+5.16958294918E-001,+4.24857767440E-001,+2.36662726258E-001,+4.25848471032E-001,+2.36740834818E-001,-4.14912809855E-002,+8.23018338405E-001,
12.9e6,caps hf ps1 2 0 5 32,-6.52594492105E-001,+5.16313128334E-001,+4.24870564127E-001,+2.34489062231E-001,+4.25670918536E-001,+2.34865340713E-001,-3.39115549807E-002,+8.23627103602E-001,
12.9e6,caps hf ps1 2 0 5 47,-6.53806586061E-001,+5.17301803757E-001,+4.25113622446E-001,+2.28928437033E-001,+4.25650128137E-001,+2.29915132778E-001,-1.76259729128E-002,+8.24904732384E-001,
12.9e6,caps hf ps1 2 0 5 48,-6.54049209468E-001,+5.16768137597E-001,+4.24533788662E-001,+2.28265636751E-001,+4.26703861882E-001,+2.27783928081E-001,-1.22299919953E-002,+8.26703690855E-001,
12.9e6,caps hf ps1 2 0 5 63,-6.56143694833E-001,+5.16614673986E-001,+4.25867932587E-001,+2.23923109087E-001,+4.26259974619E-001,+2.24174976892E-001,+2.75179337022E-003,+8.27587354172E-001,
12.9e6,caps hf ps1 2 0 6 0,-6.55519838268E-001,+5.16850485970E-001,+4.26299079273E-001,+2.24460509997E-001,+4.25907017458E-001,+2.23785831185E-001,+4.18472382856E-004,+8.27735880161E-001,
12.9e6,caps hf ps1 2 0 6 15,-6.57094262488E-001,+5.17376208200E-001,+4.25218040621E-001,+2.19869062607E-001,+4.26890556192E-001,+2.19680292715E-001,+1.54002607510E-002,+8.29330469411E-001,
12.9e6,caps hf ps1 2 0 6 16,-6.56724111268E-001,+5.16704590386E-001,+4.25409081436E-001,+2.19067387544E-001,+4.27189274313E-001,+2.17739649637E-001,+2.06182068995E-002,+8.30497860383E-001,
12.9e6,caps hf ps1 2 0 6 31,-6.58936489533E-001,+5.16108241442E-001,+4.26373303733E-001,+2.15072489710E-001,+4.26270817292E-001,+2.14203592388E-001,+3.44030574178E-002,+8.29346397531E-001,
12.9e6,caps hf ps1 2 0 6 32,-6.59760198850E-001,+5.17056290634E-001,+4.26220532044E-001,+2.12526535704E-001,+4.26676333967E-001,+2.11807446007E-001,+4.16432131819E-002,+8.30046814683E-001,
12.9e6,caps hf ps1 2 0 6 47,-6.60286967738E-001,+5.17361749732E-001,+4.26033634445E-001,+2.08719792372E-001,+4.26240776069E-001,+2.07666037906E-001,+5.53166806608E-002,+8.30636590128E-001,
12.9e6,caps hf ps1 2 0 6 48,-6.60643605863E-001,+5.17396026730E-001,+4.26110426198E-001,+2.06811760642E-001,+4.26512200001E-001,+2.07419853199E-001,+5.83348191397E-002,+8.30673849633E-001,
12.9e6,caps hf ps1 2 0 6 63,-6.62146396477E-001,+5.17556539413E-001,+4.26476591684E-001,+2.03475236899E-001,+4.26860970388E-001,+2.02520763261E-001,+7.24064961364E-002,+8.30740382361E-001,
12.9e6,caps hf ps1 2 15 0 0,-5.85477112110E-001,+5.75502634035E-001,+3.05808259993E-001,+4.05053083399E-001,+3.05806738481E-001,+4.05981313853E-001,-6.86189065952E-001,+4.24796013767E-001,
12.9e6,caps hf ps1 2 15 0 15,-5.87671714198E-001,+5.73181677220E-001,+3.15099967774E-001,+3.98470123439E-001,+3.14954261312E-001,+3.99224142507E-001,-6.62794886493E-001,+4.60135997273E-001,
12.9e6,caps hf ps1 2 15 0 16,-5.88435135228E-001,+5.72332611520E-001,+3.18450674483E-001,+3.95915049061E-001,+3.17854738747E-001,+3.96311821471E-001,-6.55738150016E-001,+4.69788288425E-001,
12.9e6,caps hf ps1 2 15 0 31,-5.90302889195E-001,+5.70360036340E-001,+3.26843976428E-001,+3.88407727731E-001,+3.26514624451E-001,+3.89040721523E-001,-6.31528976253E-001,+5.02894135846E-001,
12.9e6,caps hf ps1 2 15 0 32,-5.91563163780E-001,+5.68997815620E-001,+3.30934118633E-001,+3.84663804892E-001,+3.30596426057E-001,+3.85261414776E-001,-6.18903942145E-001,+5.17395851304E-001,
12.9e6,caps hf ps1 2 15 0 47,-5.93623564572E-001,+5.66863458649E-001,+3.38433991812E-001,+3.77591788120E-001,+3.38908158385E-001,+3.77870121248E-001,-5.93578936275E-001,+5.47122229524E-001,
12.9e6,caps hf ps1 2 15 0 48,-5.94868553642E-001,+5.66425134009E-001,+3.40076830071E-001,+3.74826367198E-001,+3.40733432248E-001,+3.76093163385E-001,-5.86804374156E-001,+5.55574633929E-001,
12.9e6,caps hf ps1 2 15 0 63,-5.98611196582E-001,+5.64392460419E-001,+3.47929111007E-001,+3.67876010938E-001,+3.47663445532E-001,+3.68361070776E-001,-5.61133463864E-001,+5.81726146223E-001,
12.9e6,caps hf ps1 2 15 1 0,-5.97754799380E-001,+5.63944031334E-001,+3.49869828016E-001,+3.65014726290E-001,+3.49962967056E-001,+3.65806827802E-001,-5.53383965161E-001,+5.89685678422E-001,
12.9e6,caps hf ps1 2 15 1 15,-6.00917331163E-001,+5.62890313975E-001,+3.56300460304E-001,+3.57553760423E-001,+3.56352772797E-001,+3.58129294943E-001,-5.27483299328E-001,+6.14641869039E-001,
12.9e6,caps hf ps1 2 15 1 16,-6.01540650843E-001,+5.62348512459E-001,+3.58034451308E-001,+3.55144077903E-001,+3.58361099204E-001,+3.55175560165E-001,-5.18995591939E-001,+6.21158732681E-001,
12.9e6,caps hf ps1 2 15 1 31,-6.03081080473E-001,+5.60741711094E-001,+3.63352027033E-001,+3.47568028922E-001,+3.63882273750E-001,+3.48108825166E-001,-4.92866186990E-001,+6.42784462819E-001,
12.9e6,caps hf ps1 2 15 1 32,-6.04094861913E-001,+5.60292039897E-001,+3.66238979017E-001,+3.43006604308E-001,+3.66470407657E-001,+3.44085557628E-001,-4.79893341531E-001,+6.53281873282E-001,
12.9e6,caps hf ps1 2 15 1 47,-6.06532910297E-001,+5.58561592278E-001,+3.70949666900E-001,+3.35882937166E-001,+3.71436727912E-001,+3.36272008999E-001,-4.52890255881E-001,+6.73204967065E-001,
12.9e6,caps hf ps1 2 15 1 48,-6.07537685358E-001,+5.59215889364E-001,+3.72843805848E-001,+3.33436482460E-001,+3.73011094110E-001,+3.34175666042E-001,-4.46614009453E-001,+6.78546313655E-001,
12.9e6,caps hf ps1 2 15 1 63,-6.09261111027E-001,+5.57759885739E-001,+3.77119299271E-001,+3.26149138708E-001,+3.77792916569E-001,+3.26431473493E-001,-4.20191697671E-001,+6.96227601468E-001,
12.9e6,caps hf ps1 2 15 2 0,-6.11017465092E-001,+5.57593965600E-001,+3.79425422901E-001,+3.22888272018E-001,+3.79171303611E-001,+3.23406059193E-001,-4.09960470894E-001,+7.03403799104E-001,
12.9e6,caps hf ps1 2 15 2 15,-6.13005731329E-001,+5.55773150634E-001,+3.82653184214E-001,+3.15676448598E-001,+3.82832768089E-001,+3.15525034306E-001,-3.84083970172E-001,+7.18492882215E-001,
12.9e6,caps hf ps1 2 15 2 16,-6.13258311577E-001,+5.55998216129E-001,+3.84034993260E-001,+3.13582763054E-001,+3.84344184372E-001,+3.13445818851E-001,-3.76344330507E-001,+7.23394779970E-001,
12.9e6,caps hf ps1 2 15 2 31,-6.15618205762E-001,+5.55613603340E-001,+3.87158115583E-001,+3.05885850140E-001,+3.86844355241E-001,+3.06175220291E-001,-3.52033639994E-001,+7.36128807780E-001,
12.9e6,caps hf ps1 2 15 2 32,-6.16297616497E-001,+5.54492374530E-001,+3.88706073602E-001,+3.02788080802E-001,+3.89549044269E-001,+3.02660451067E-001,-3.39297541685E-001,+7.43660130710E-001,
12.9e6,caps hf ps1 2 15 2 47,-6.18207314813E-001,+5.53926766740E-001,+3.91912425131E-001,+2.95683062610E-001,+3.91383184806E-001,+2.95757365268E-001,-3.15083613577E-001,+7.54839386588E-001,
12.9e6,caps hf ps1 2 15 2 48,-6.18943107345E-001,+5.53811343566E-001,+3.92697430726E-001,+2.93414869864E-001,+3.92451082292E-001,+2.93904811857E-001,-3.07797070019E-001,+7.58658314793E-001,
12.9e6,caps hf ps1 2 15 2 63,-6.20878677881E-001,+5.53565551378E-001,+3.95270316739E-001,+2.85890462310E-001,+3.94591925522E-001,+2.87067153954E-001,-2.84256310175E-001,+7.68352588532E-001,
12.9e6,caps hf ps1 2 15 3 0,-6.22061655686E-001,+5.53415238991E-001,+3.96403381287E-001,+2.83857586370E-001,+3.96167842334E-001,+2.84094516099E-001,-2.75972740506E-001,+7.72970311459E-001,
12.9e6,caps hf ps1 2 15 3 15,-6.23631009949E-001,+5.52990790003E-001,+3.98374887496E-001,+2.77060758727E-001,+3.98321776382E-001,+2.77997634522E-001,-2.52770920069E-001,+7.82241395200E-001,
12.9e6,caps hf ps1 2 15 3 16,-6.24979341964E-001,+5.52935150053E-001,+3.98906755683E-001,+2.75469032157E-001,+3.99362883170E-001,+2.75545391594E-001,-2.46161477621E-001,+7.85751254301E-001,
12.9e6,caps hf ps1 2 15 3 31,-6.25654218323E-001,+5.52692146587E-001,+4.01050105778E-001,+2.68861906051E-001,+4.00884927303E-001,+2.69653074134E-001,-2.23523538893E-001,+7.93417075536E-001,
12.9e6,caps hf ps1 2 15 3 32,-6.26740692979E-001,+5.52136033873E-001,+4.01158795161E-001,+2.66043643008E-001,+4.02209239456E-001,+2.66176080171E-001,-2.12310521753E-001,+7.97126098912E-001,
12.9e6,caps hf ps1 2 15 3 47,-6.28792162873E-001,+5.51361137074E-001,+4.02767231687E-001,+2.60323509238E-001,+4.03447954948E-001,+2.59698272676E-001,-1.90611753261E-001,+8.03600433496E-001,
12.9e6,caps hf ps1 2 15 3 48,-6.29762678605E-001,+5.51890973820E-001,+4.03992692776E-001,+2.58457425806E-001,+4.03908022983E-001,+2.57853903281E-001,-1.84647066693E-001,+8.05502217225E-001,
12.9e6,caps hf ps1 2 15 3 63,-6.30466479927E-001,+5.50679703551E-001,+4.04707390565E-001,+2.52216959064E-001,+4.05371985978E-001,+2.51842414738E-001,-1.63899111669E-001,+8.10820572044E-001,
12.9e6,caps hf ps1 2 15 4 0,-6.31958436402E-001,+5.51859107422E-001,+4.05182257646E-001,+2.51524900206E-001,+4.05985562025E-001,+2.52055435273E-001,-1.62019589333E-001,+8.12166322251E-001,
12.9e6,caps hf ps1 2 15 4 15,-6.33467201956E-001,+5.52063066599E-001,+4.06868762941E-001,+2.45578878818E-001,+4.06468038713E-001,+2.46279769534E-001,-1.42844394716E-001,+8.17904623555E-001,
12.9e6,caps hf ps1 2 15 4 16,-6.33309221518E-001,+5.51016176945E-001,+4.06387077183E-001,+2.44098326104E-001,+4.06587980412E-001,+2.43970433022E-001,-1.35926412615E-001,+8.18752718880E-001,
12.9e6,caps hf ps1 2 15 4 31,-6.34608476868E-001,+5.50968902205E-001,+4.07108037389E-001,+2.38785857637E-001,+4.07182036972E-001,+2.38570655552E-001,-1.16036248749E-001,+8.22800932493E-001,
12.9e6,caps hf ps1 2 15 4 32,-6.36105939647E-001,+5.50972540247E-001,+4.07504232142E-001,+2.36619544799E-001,+4.07968585969E-001,+2.35816666554E-001,-1.06790174946E-001,+8.24636954029E-001,
12.9e6,caps hf ps1 2 15 4 47,-6.37265427646E-001,+5.51596690939E-001,+4.08074806548E-001,+2.30687412400E-001,+4.08465851433E-001,+2.30591755126E-001,-8.79681484090E-002,+8.28266323447E-001,
12.9e6,caps hf ps1 2 15 4 48,-6.37552148086E-001,+5.51074379930E-001,+4.08459630117E-001,+2.29093815880E-001,+4.08471718918E-001,+2.29158882009E-001,-8.29959832578E-002,+8.29341548044E-001,
12.9e6,caps hf ps1 2 15 4 63,-6.38708971429E-001,+5.51649104546E-001,+4.08529612592E-001,+2.23326038391E-001,+4.09475298620E-001,+2.23977585416E-001,-6.46874344724E-002,+8.32223321448E-001,
12.9e6,caps hf ps1 2 15 5 0,-6.38846883389E-001,+5.51352240872E-001,+4.09067618367E-001,+2.22464421507E-001,+4.09789340775E-001,+2.22448732425E-001,-6.24073980240E-002,+8.34156711071E-001,
12.9e6,caps hf ps1 2 15 5 15,-6.41060648036E-001,+5.50520312535E-001,+4.09720678003E-001,+2.18141241164E-001,+4.10116951023E-001,+2.17832544569E-001,-4.42465130433E-002,+8.35948452312E-001,
12.9e6,caps hf ps1 2 15 5 16,-6.41612108849E-001,+5.51018310517E-001,+4.10385482279E-001,+2.16816711734E-001,+4.10374306470E-001,+2.16175985328E-001,-3.96226210906E-002,+8.37173679238E-001,
12.9e6,caps hf ps1 2 15 5 31,-6.42691306633E-001,+5.51607146752E-001,+4.09443617138E-001,+2.11794541081E-001,+4.09750789054E-001,+2.12085542178E-001,-2.26346755400E-002,+8.37569052235E-001,
12.9e6,caps hf ps1 2 15 5 32,-6.43046121909E-001,+5.50640605209E-001,+4.09896327356E-001,+2.09385512994E-001,+4.09896699785E-001,+2.09387115636E-001,-1.47889905866E-002,+8.38803103093E-001,
12.9e6,caps hf ps1 2 15 5 47,-6.44347547998E-001,+5.51690596299E-001,+4.10174806804E-001,+2.04822579979E-001,+4.09633068068E-001,+2.04982528796E-001,+2.05620313010E-003,+8.40068005911E-001,
12.9e6,caps hf ps1 2 15 5 48,-6.44271480783E-001,+5.51647138733E-001,+4.10072228292E-001,+2.03650438609E-001,+4.10676628243E-001,+2.03246040974E-001,+6.89808168710E-003,+8.41344357494E-001,
12.9e6,caps hf ps1 2 15 5 63,-6.46586860884E-001,+5.51610070972E-001,+4.09882619994E-001,+1.99494507970E-001,+4.10380091154E-001,+1.99026535505E-001,+2.15642176552E-002,+8.41504447179E-001,
12.9e6,caps hf ps1 2 15 6 0,-6.46645859805E-001,+5.51584386053E-001,+4.10508636519E-001,+1.99816365269E-001,+4.10293454274E-001,+1.99618966024E-001,+1.86354557880E-002,+8.42025327830E-001,
12.9e6,caps hf ps1 2 15 6 15,-6.47394396925E-001,+5.52033705764E-001,+4.09966841966E-001,+1.95611532562E-001,+4.10838935092E-001,+1.95785681670E-001,+3.36622496299E-002,+8.42961690194E-001,
12.9e6,caps hf ps1 2 15 6 16,-6.47501769356E-001,+5.52215589347E-001,+4.10674426269E-001,+1.93987433165E-001,+4.10443819166E-001,+1.94431433298E-001,+3.79476964458E-002,+8.42973419856E-001,
12.9e6,caps hf ps1 2 15 6 31,-6.48413549240E-001,+5.52218362558E-001,+4.09969298115E-001,+1.90413718505E-001,+4.09886201110E-001,+1.89811988680E-001,+5.35748802910E-002,+8.43231251823E-001,
12.9e6,caps hf ps1 2 15 6 32,-6.48833666354E-001,+5.53412953564E-001,+4.09658325652E-001,+1.88745943013E-001,+4.10449313138E-001,+1.88355201682E-001,+6.00987474583E-002,+8.43585681334E-001,
12.9e6,caps hf ps1 2 15 6 47,-6.50196847068E-001,+5.52656732866E-001,+4.09337117320E-001,+1.84635838922E-001,+4.09767308896E-001,+1.83886909100E-001,+7.47242180376E-002,+8.43315471113E-001,
12.9e6,caps hf ps1 2 15 6 48,-6.51161761172E-001,+5.52989498846E-001,+4.09394250314E-001,+1.83585310626E-001,+4.09361380467E-001,+1.84012719487E-001,+7.68408823101E-002,+8.42630597806E-001,
12.9e6,caps hf ps1 2 15 6 63,-6.51786398457E-001,+5.53246480580E-001,+4.09442932336E-001,+1.79470502607E-001,+4.09924250703E-001,+1.79316180296E-001,+9.22255028121E-002,+8.43140912337E-001,
12.9e6,caps hf ps1 2 16 0 0,-5.85340334852E-001,+5.75777282497E-001,+3.06004950370E-001,+4.04953159559E-001,+3.05386447351E-001,+4.06027381043E-001,-6.87573176396E-001,+4.24118482763E-001,
12.9e6,caps hf ps1 2 16 0 15,-5.86525562470E-001,+5.73111563025E-001,+3.15499774526E-001,+3.98007246025E-001,+3.15139898857E-001,+3.99353605895E-001,-6.63415909388E-001,+4.60160778389E-001,
12.9e6,caps hf ps1 2 16 0 16,-5.87905868102E-001,+5.71932824083E-001,+3.17507139439E-001,+3.95762020443E-001,+3.17880568540E-001,+3.96957434826E-001,-6.56052426579E-001,+4.70283218498E-001,
12.9e6,caps hf ps1 2 16 0 31,-5.90379346892E-001,+5.69580870587E-001,+3.26599299627E-001,+3.88703745907E-001,+3.26077652768E-001,+3.89376541067E-001,-6.31562869261E-001,+5.02340868356E-001,
12.9e6,caps hf ps1 2 16 0 32,-5.92361148542E-001,+5.69537850443E-001,+3.30890499278E-001,+3.85902416888E-001,+3.30979931059E-001,+3.85978396544E-001,-6.19459992595E-001,+5.17627079692E-001,
12.9e6,caps hf ps1 2 16 0 47,-5.93609265433E-001,+5.67225306922E-001,+3.38425422305E-001,+3.76880661557E-001,+3.38700001424E-001,+3.77655680804E-001,-5.93922963704E-001,+5.47028457969E-001,
12.9e6,caps hf ps1 2 16 0 48,-5.95131853674E-001,+5.67053640983E-001,+3.40831381010E-001,+3.75518814410E-001,+3.40926747501E-001,+3.75577535912E-001,-5.86393561577E-001,+5.55496021206E-001,
12.9e6,caps hf ps1 2 16 0 63,-5.97006524494E-001,+5.64822154827E-001,+3.47451551117E-001,+3.66882840535E-001,+3.48215686273E-001,+3.68196994058E-001,-5.60484776359E-001,+5.81994868111E-001,
12.9e6,caps hf ps1 2 16 1 0,-5.97969175314E-001,+5.64870082252E-001,+3.50304259492E-001,+3.64909300817E-001,+3.49747828605E-001,+3.65959914219E-001,-5.53458316394E-001,+5.90111614055E-001,
12.9e6,caps hf ps1 2 16 1 15,-6.00334794282E-001,+5.62596090123E-001,+3.56205410519E-001,+3.57540489502E-001,+3.56096984057E-001,+3.57486905430E-001,-5.26567554795E-001,+6.14287577518E-001,
12.9e6,caps hf ps1 2 16 1 16,-6.00294916394E-001,+5.62146152352E-001,+3.57391264268E-001,+3.55231420992E-001,+3.57232601364E-001,+3.55043779580E-001,-5.19165162092E-001,+6.21366447501E-001,
12.9e6,caps hf ps1 2 16 1 31,-6.03242453073E-001,+5.60408313452E-001,+3.63712351313E-001,+3.47677401278E-001,+3.63423501275E-001,+3.48327574705E-001,-4.92928871335E-001,+6.43435803460E-001,
12.9e6,caps hf ps1 2 16 1 32,-6.04107565324E-001,+5.60223207845E-001,+3.66205910464E-001,+3.43359930301E-001,+3.66565098231E-001,+3.43708864307E-001,-4.79684535490E-001,+6.54031557978E-001,
12.9e6,caps hf ps1 2 16 1 47,-6.06850475770E-001,+5.59515490968E-001,+3.71708732385E-001,+3.36037727967E-001,+3.71146344697E-001,+3.36373787418E-001,-4.53921713524E-001,+6.72750424769E-001,
12.9e6,caps hf ps1 2 16 1 48,-6.07485250470E-001,+5.59249665267E-001,+3.73260617622E-001,+3.33209190237E-001,+3.72644944077E-001,+3.33637452403E-001,-4.45659292074E-001,+6.78338801746E-001,
12.9e6,caps hf ps1 2 16 1 63,-6.09765187581E-001,+5.57230914057E-001,+3.77248361099E-001,+3.26235731483E-001,+3.77816557475E-001,+3.26657572051E-001,-4.21040176087E-001,+6.95861969144E-001,
12.9e6,caps hf ps1 2 16 2 0,-6.10259249883E-001,+5.57403001014E-001,+3.79015164665E-001,+3.22799781352E-001,+3.79209389456E-001,+3.23210238335E-001,-4.09318197521E-001,+7.03200054673E-001,
12.9e6,caps hf ps1 2 16 2 15,-6.13051413572E-001,+5.56673428636E-001,+3.82907369616E-001,+3.15373725881E-001,+3.82912729327E-001,+3.15989051175E-001,-3.84816183941E-001,+7.18312195372E-001,
12.9e6,caps hf ps1 2 16 2 16,-6.13559847834E-001,+5.55650590222E-001,+3.83755513203E-001,+3.13772514387E-001,+3.84365272309E-001,+3.13625687139E-001,-3.76299892590E-001,+7.23311555728E-001,
12.9e6,caps hf ps1 2 16 2 31,-6.16453818512E-001,+5.54900405324E-001,+3.87239320444E-001,+3.06401719738E-001,+3.87812948796E-001,+3.07066758309E-001,-3.53040744573E-001,+7.36480016642E-001,
12.9e6,caps hf ps1 2 16 2 32,-6.16767554408E-001,+5.54561241766E-001,+3.89118892652E-001,+3.02380537129E-001,+3.89068588002E-001,+3.02889381251E-001,-3.39855697047E-001,+7.42862213772E-001,
12.9e6,caps hf ps1 2 16 2 47,-6.18149936888E-001,+5.54063975706E-001,+3.92069374864E-001,+2.95444585565E-001,+3.92590933980E-001,+2.95801617934E-001,-3.15562412328E-001,+7.55627875276E-001,
12.9e6,caps hf ps1 2 16 2 48,-6.18781385099E-001,+5.54332270261E-001,+3.93161517542E-001,+2.92929791912E-001,+3.92833535658E-001,+2.93669689966E-001,-3.08399310490E-001,+7.58612938846E-001,
12.9e6,caps hf ps1 2 16 2 63,-6.21295789890E-001,+5.52724844422E-001,+3.95898743312E-001,+2.87073621889E-001,+3.95162119509E-001,+2.86891582909E-001,-2.84526968529E-001,+7.68401280667E-001,
12.9e6,caps hf ps1 2 16 3 0,-6.22413058672E-001,+5.52798085815E-001,+3.96351273250E-001,+2.84339232430E-001,+3.96228261873E-001,+2.83982426698E-001,-2.75235473962E-001,+7.73165127681E-001,
12.9e6,caps hf ps1 2 16 3 15,-6.23531757602E-001,+5.52892241358E-001,+3.98123092583E-001,+2.77129615905E-001,+3.98559192747E-001,+2.77666443691E-001,-2.52491883779E-001,+7.82935052394E-001,
12.9e6,caps hf ps1 2 16 3 16,-6.24397960298E-001,+5.52965959165E-001,+3.98929366546E-001,+2.75091898312E-001,+3.98812169786E-001,+2.75799084488E-001,-2.45953179559E-001,+7.85006666936E-001,
12.9e6,caps hf ps1 2 16 3 31,-6.25763662414E-001,+5.53222397476E-001,+4.00845652751E-001,+2.68711322816E-001,+4.00356342674E-001,+2.69216660590E-001,-2.23854226940E-001,+7.92882482358E-001,
12.9e6,caps hf ps1 2 16 3 32,-6.26693859268E-001,+5.52602293335E-001,+4.00967952498E-001,+2.66428105232E-001,+4.01594812329E-001,+2.66395605143E-001,-2.13002990759E-001,+7.96719166121E-001,
12.9e6,caps hf ps1 2 16 3 47,-6.28867756559E-001,+5.52047225506E-001,+4.03482531678E-001,+2.59162744436E-001,+4.03470618773E-001,+2.59881500783E-001,-1.91012940275E-001,+8.03682602806E-001,
12.9e6,caps hf ps1 2 16 3 48,-6.29867002866E-001,+5.52401011354E-001,+4.03754249282E-001,+2.57641946255E-001,+4.03769026131E-001,+2.58272810225E-001,-1.85053239543E-001,+8.05220570476E-001,
12.9e6,caps hf ps1 2 16 3 63,-6.30495675138E-001,+5.52186535830E-001,+4.05496320235E-001,+2.51884914348E-001,+4.05150748192E-001,+2.51781334011E-001,-1.63236180541E-001,+8.11519370318E-001,
12.9e6,caps hf ps1 2 16 4 0,-6.30970278600E-001,+5.51599960801E-001,+4.05129650403E-001,+2.51246883428E-001,+4.05561710704E-001,+2.51605930457E-001,-1.62462979839E-001,+8.12512502397E-001,
12.9e6,caps hf ps1 2 16 4 15,-6.33244595246E-001,+5.51403441555E-001,+4.06520624099E-001,+2.45891146392E-001,+4.06662069260E-001,+2.46344799133E-001,-1.42298993137E-001,+8.17632890268E-001,
12.9e6,caps hf ps1 2 16 4 16,-6.33464324246E-001,+5.51792465712E-001,+4.06150503820E-001,+2.44177985894E-001,+4.07024746949E-001,+2.44129857922E-001,-1.35439868705E-001,+8.18695040322E-001,
12.9e6,caps hf ps1 2 16 4 31,-6.35150301658E-001,+5.52011799021E-001,+4.07458464192E-001,+2.38946310057E-001,+4.07805750499E-001,+2.38396903517E-001,-1.16119295095E-001,+8.23927877830E-001,
12.9e6,caps hf ps1 2 16 4 32,-6.35499564569E-001,+5.51819264379E-001,+4.07470739823E-001,+2.35402030574E-001,+4.07753976310E-001,+2.35966724472E-001,-1.07217962751E-001,+8.25276434055E-001,
12.9e6,caps hf ps1 2 16 4 47,-6.37421740282E-001,+5.50792493847E-001,+4.08358747199E-001,+2.30332592545E-001,+4.08098179811E-001,+2.30476497742E-001,-8.83628295052E-002,+8.27226444633E-001,
12.9e6,caps hf ps1 2 16 4 48,-6.37629389634E-001,+5.51331648270E-001,+4.08078569155E-001,+2.29107878065E-001,+4.07754118107E-001,+2.28711503021E-001,-8.25713170290E-002,+8.28821327001E-001,
12.9e6,caps hf ps1 2 16 4 63,-6.39457740513E-001,+5.51169908148E-001,+4.08905020559E-001,+2.23601634886E-001,+4.09287935002E-001,+2.24234064050E-001,-6.49983186748E-002,+8.32641619954E-001,
12.9e6,caps hf ps1 2 16 5 0,-6.39358529232E-001,+5.52099385038E-001,+4.08873494427E-001,+2.23096172904E-001,+4.09680456619E-001,+2.23142888751E-001,-6.17936312274E-002,+8.33737128312E-001,
12.9e6,caps hf ps1 2 16 5 15,-6.40680652729E-001,+5.51533108664E-001,+4.09438056442E-001,+2.17483961979E-001,+4.08956080357E-001,+2.17829720266E-001,-4.44630491633E-002,+8.34643093757E-001,
12.9e6,caps hf ps1 2 16 5 16,-6.41171685597E-001,+5.51463947237E-001,+4.10049085425E-001,+2.16558767117E-001,+4.09935643326E-001,+2.16662338809E-001,-3.97190708532E-002,+8.36181116114E-001,
12.9e6,caps hf ps1 2 16 5 31,-6.42258353751E-001,+5.51325789336E-001,+4.09503788307E-001,+2.12111849135E-001,+4.10267612710E-001,+2.11649492100E-001,-2.26092411713E-002,+8.38596360118E-001,
12.9e6,caps hf ps1 2 16 5 32,-6.43528047011E-001,+5.51690052083E-001,+4.10148261853E-001,+2.09864093619E-001,+4.09629403404E-001,+2.09773663705E-001,-1.48228172834E-002,+8.38769307103E-001,
12.9e6,caps hf ps1 2 16 5 47,-6.44643891979E-001,+5.51886486427E-001,+4.09930536861E-001,+2.05460428140E-001,+4.10282220864E-001,+2.05062092574E-001,+1.55092336352E-003,+8.40206523663E-001,
12.9e6,caps hf ps1 2 16 5 48,-6.44018729132E-001,+5.51056394864E-001,+4.09331482210E-001,+2.03524148968E-001,+4.10396195802E-001,+2.03781970594E-001,+5.71423638685E-003,+8.40291808923E-001,
12.9e6,caps hf ps1 2 16 5 63,-6.45959698458E-001,+5.51514451248E-001,+4.09924218307E-001,+1.99040770811E-001,+4.10092337586E-001,+1.99504369400E-001,+2.16724759326E-002,+8.41153472167E-001,
12.9e6,caps hf ps1 2 16 6 0,-6.46403302251E-001,+5.51986081708E-001,+4.10313731835E-001,+2.00411709495E-001,+4.10731711120E-001,+1.99841895912E-001,+1.95155310076E-002,+8.42054651448E-001,
12.9e6,caps hf ps1 2 16 6 15,-6.46369233092E-001,+5.52454989154E-001,+4.09629268798E-001,+1.95028079043E-001,+4.10325327065E-001,+1.95813314737E-001,+3.47561918289E-002,+8.42573328270E-001,
12.9e6,caps hf ps1 2 16 6 16,-6.48076257958E-001,+5.51709661232E-001,+4.10366280385E-001,+1.94607382765E-001,+4.09959043099E-001,+1.94455600352E-001,+3.86993848876E-002,+8.43210057682E-001,
12.9e6,caps hf ps1 2 16 6 31,-6.48244230532E-001,+5.51749994643E-001,+4.09895231973E-001,+1.90373965667E-001,+4.09507251119E-001,+1.90359502066E-001,+5.34504708360E-002,+8.42986428678E-001,
12.9e6,caps hf ps1 2 16 6 32,-6.49154344054E-001,+5.52040017587E-001,+4.09156761046E-001,+1.88377661071E-001,+4.10145849813E-001,+1.88114982417E-001,+6.00267510283E-002,+8.43242246849E-001,
12.9e6,caps hf ps1 2 16 6 47,-6.50124426427E-001,+5.52075218283E-001,+4.09579675891E-001,+1.84977284505E-001,+4.09849211895E-001,+1.83986685899E-001,+7.49742686036E-002,+8.43132926539E-001,
12.9e6,caps hf ps1 2 16 6 48,-6.50211374601E-001,+5.52129924177E-001,+4.09313686286E-001,+1.84423767673E-001,+4.09832944094E-001,+1.83430801280E-001,+7.73056987562E-002,+8.43052832922E-001,
12.9e6,caps hf ps1 2 16 6 63,-6.52022164765E-001,+5.51989595952E-001,+4.08824883444E-001,+1.80360379661E-001,+4.09651619603E-001,+1.79678143552E-001,+9.09748991605E-002,+8.43341585249E-001,
12.9e6,caps hf ps1 2 31 0 0,-5.79548485962E-001,+6.01259263508E-001,+3.02083068683E-001,+3.79791641191E-001,+3.02570740747E-001,+3.80500027087E-001,-6.85696449744E-001,+4.50682430466E-001,
12.9e6,caps hf ps1 2 31 0 15,-5.81728686252E-001,+5.98714165575E-001,+3.11139404701E-001,+3.72881558946E-001,+3.11397614676E-001,+3.72657387624E-001,-6.60331091951E-001,+4.85567466970E-001,
12.9e6,caps hf ps1 2 31 0 16,-5.82415256806E-001,+5.98919834076E-001,+3.13696789605E-001,+3.70140632452E-001,+3.14208053021E-001,+3.70963284108E-001,-6.53861040049E-001,+4.95828656804E-001,
12.9e6,caps hf ps1 2 31 0 31,-5.84543207601E-001,+5.96857238563E-001,+3.22169711568E-001,+3.63067411147E-001,+3.21952078323E-001,+3.63097966434E-001,-6.28134695228E-001,+5.28600455668E-001,
12.9e6,caps hf ps1 2 31 0 32,-5.85513992367E-001,+5.94722119589E-001,+3.25489293898E-001,+3.59278507700E-001,+3.25381975914E-001,+3.59194413931E-001,-6.15106542376E-001,+5.42719837257E-001,
12.9e6,caps hf ps1 2 31 0 47,-5.87962301503E-001,+5.93807647402E-001,+3.32888573558E-001,+3.51096373601E-001,+3.33406522311E-001,+3.51939832891E-001,-5.88372210310E-001,+5.73205099159E-001,
12.9e6,caps hf ps1 2 31 0 48,-5.87520743537E-001,+5.93421339237E-001,+3.35203057400E-001,+3.49047939923E-001,+3.34558513786E-001,+3.49546511512E-001,-5.81318869153E-001,+5.79900026360E-001,
12.9e6,caps hf ps1 2 31 0 63,-5.90245427501E-001,+5.91969585275E-001,+3.41946466939E-001,+3.41620679364E-001,+3.41419193419E-001,+3.41583038937E-001,-5.54241815201E-001,+6.06979208772E-001,
12.9e6,caps hf ps1 2 31 1 0,-5.90617641720E-001,+5.91045024382E-001,+3.43104277517E-001,+3.38449662031E-001,+3.43170605074E-001,+3.39565539948E-001,-5.46082199732E-001,+6.14327787118E-001,
12.9e6,caps hf ps1 2 31 1 15,-5.93620382724E-001,+5.89799133158E-001,+3.48702155615E-001,+3.31468314149E-001,+3.49372958579E-001,+3.31883080603E-001,-5.19549002966E-001,+6.38685834509E-001,
12.9e6,caps hf ps1 2 31 1 16,-5.93609395492E-001,+5.90137753990E-001,+3.51118756703E-001,+3.28798874115E-001,+3.50578073438E-001,+3.29490415807E-001,-5.11452927498E-001,+6.45400216945E-001,
12.9e6,caps hf ps1 2 31 1 31,-5.96236569721E-001,+5.88138714433E-001,+3.55460856783E-001,+3.21775729140E-001,+3.55766033354E-001,+3.22260873963E-001,-4.84155604862E-001,+6.66112471164E-001,
12.9e6,caps hf ps1 2 31 1 32,-5.96549260318E-001,+5.87899457333E-001,+3.58244165081E-001,+3.17244675255E-001,+3.58573527223E-001,+3.18093658005E-001,-4.70942402818E-001,+6.77529272245E-001,
12.9e6,caps hf ps1 2 31 1 47,-5.99860836445E-001,+5.87426711248E-001,+3.63130797350E-001,+3.10380670952E-001,+3.62965331046E-001,+3.10761496353E-001,-4.43774728496E-001,+6.96590104494E-001,
12.9e6,caps hf ps1 2 31 1 48,-6.00003840272E-001,+5.87395203885E-001,+3.64207356785E-001,+3.07757042048E-001,+3.64523087587E-001,+3.08505306515E-001,-4.36146873557E-001,+7.01380573272E-001,
12.9e6,caps hf ps1 2 31 1 63,-6.01912684350E-001,+5.85631127235E-001,+3.68426448997E-001,+3.00531486732E-001,+3.68149644914E-001,+3.00686423240E-001,-4.09886965401E-001,+7.18756892336E-001,
12.9e6,caps hf ps1 2 31 2 0,-6.02581865429E-001,+5.86203781828E-001,+3.69709570047E-001,+2.96997063777E-001,+3.69858256445E-001,+2.97641441389E-001,-3.98827070105E-001,+7.25891993165E-001,
12.9e6,caps hf ps1 2 31 2 15,-6.04386119875E-001,+5.84881127487E-001,+3.73021087507E-001,+2.90020428896E-001,+3.72993299025E-001,+2.90312750985E-001,-3.71972257788E-001,+7.40500065558E-001,
12.9e6,caps hf ps1 2 31 2 16,-6.05651814091E-001,+5.84551323102E-001,+3.73789343719E-001,+2.87910657257E-001,+3.74619139944E-001,+2.87835558437E-001,-3.64235976369E-001,+7.44862938214E-001,
12.9e6,caps hf ps1 2 31 2 31,-6.07210810897E-001,+5.84804573291E-001,+3.76813872277E-001,+2.80742681044E-001,+3.77161811219E-001,+2.80951111965E-001,-3.38755280396E-001,+7.58329252055E-001,
12.9e6,caps hf ps1 2 31 2 32,-6.07783363300E-001,+5.82812642830E-001,+3.78138922780E-001,+2.77073874278E-001,+3.78251305545E-001,+2.77665606729E-001,-3.26155627160E-001,+7.64782408097E-001,
12.9e6,caps hf ps1 2 31 2 47,-6.10390216550E-001,+5.84053439071E-001,+3.81085294523E-001,+2.70615570459E-001,+3.81396697322E-001,+2.70773572069E-001,-3.01162087422E-001,+7.76214398307E-001,
12.9e6,caps hf ps1 2 31 2 48,-6.10681570028E-001,+5.82892145514E-001,+3.81167523085E-001,+2.68439722317E-001,+3.81820444541E-001,+2.69133473171E-001,-2.94183895993E-001,+7.79475240192E-001,
12.9e6,caps hf ps1 2 31 2 63,-6.12802056540E-001,+5.82613606010E-001,+3.83616827677E-001,+2.61855587460E-001,+3.84050971721E-001,+2.62500161931E-001,-2.70782606421E-001,+7.88798112169E-001,
12.9e6,caps hf ps1 2 31 3 0,-6.14051772861E-001,+5.82188484870E-001,+3.84249322479E-001,+2.59934192607E-001,+3.84828520972E-001,+2.59765745583E-001,-2.60902402861E-001,+7.92970394381E-001,
12.9e6,caps hf ps1 2 31 3 15,-6.15195784340E-001,+5.82491813503E-001,+3.86252057157E-001,+2.53073807947E-001,+3.86417386326E-001,+2.53752556226E-001,-2.38416281248E-001,+8.01516735052E-001,
12.9e6,caps hf ps1 2 31 3 16,-6.15724220244E-001,+5.82628374173E-001,+3.87041653483E-001,+2.50839820226E-001,+3.86834032848E-001,+2.51002167464E-001,-2.30371622897E-001,+8.04094186159E-001,
12.9e6,caps hf ps1 2 31 3 31,-6.16807598224E-001,+5.82523366321E-001,+3.88273359562E-001,+2.44768063936E-001,+3.88576536899E-001,+2.45221966912E-001,-2.08273912288E-001,+8.11469887032E-001,
12.9e6,caps hf ps1 2 31 3 32,-6.18128932772E-001,+5.81875207387E-001,+3.88869937720E-001,+2.41783085213E-001,+3.89421120202E-001,+2.42277368322E-001,-1.97299136063E-001,+8.15029921861E-001,
12.9e6,caps hf ps1 2 31 3 47,-6.19986486466E-001,+5.82125472135E-001,+3.90790732501E-001,+2.35780806598E-001,+3.90564596282E-001,+2.35689163915E-001,-1.75026603825E-001,+8.21251908505E-001,
12.9e6,caps hf ps1 2 31 3 48,-6.21217302567E-001,+5.81979250092E-001,+3.91237552746E-001,+2.34657995212E-001,+3.90495192353E-001,+2.35192106067E-001,-1.69423567766E-001,+8.22775877332E-001,
12.9e6,caps hf ps1 2 31 3 63,-6.22411377739E-001,+5.81864705428E-001,+3.91557701407E-001,+2.28621472838E-001,+3.91621825931E-001,+2.28559154827E-001,-1.47987484880E-001,+8.27625286166E-001,
12.9e6,caps hf ps1 2 31 4 0,-6.22176296315E-001,+5.82075504677E-001,+3.92000435237E-001,+2.28027330385E-001,+3.91916201960E-001,+2.28143169567E-001,-1.46054821118E-001,+8.29085636043E-001,
12.9e6,caps hf ps1 2 31 4 15,-6.23354269950E-001,+5.82166023400E-001,+3.92358300834E-001,+2.22451130926E-001,+3.92825705525E-001,+2.22565107260E-001,-1.26129346347E-001,+8.34004947832E-001,
12.9e6,caps hf ps1 2 31 4 16,-6.24279082125E-001,+5.81639840786E-001,+3.92580169013E-001,+2.21028808217E-001,+3.92906255397E-001,+2.20917700832E-001,-1.20125778276E-001,+8.34939593903E-001,
12.9e6,caps hf ps1 2 31 4 31,-6.25821134995E-001,+5.81686334639E-001,+3.92920088295E-001,+2.16043089485E-001,+3.93584375225E-001,+2.15411882876E-001,-9.98456040817E-002,+8.38377410750E-001,
12.9e6,caps hf ps1 2 31 4 32,-6.26300667328E-001,+5.80886984194E-001,+3.93390843459E-001,+2.13137170991E-001,+3.93868323147E-001,+2.12671179826E-001,-8.96819972575E-002,+8.39402581539E-001,
12.9e6,caps hf ps1 2 31 4 47,-6.27308997163E-001,+5.81946352335E-001,+3.94165395436E-001,+2.07466460719E-001,+3.94436179038E-001,+2.08620225576E-001,-7.20352534740E-002,+8.43415138357E-001,
12.9e6,caps hf ps1 2 31 4 48,-6.27952621393E-001,+5.81757843385E-001,+3.94134585109E-001,+2.06490858864E-001,+3.94748551168E-001,+2.05985533713E-001,-6.58515202318E-002,+8.45159348925E-001,
12.9e6,caps hf ps1 2 31 4 63,-6.29187614858E-001,+5.81525010607E-001,+3.94475433933E-001,+2.01850726613E-001,+3.94326912545E-001,+2.00937614159E-001,-4.73368725242E-002,+8.45745214733E-001,
12.9e6,caps hf ps1 2 31 5 0,-6.29265738479E-001,+5.81849817915E-001,+3.94433364581E-001,+2.01161970937E-001,+3.94865961794E-001,+2.00576597332E-001,-4.49157413486E-002,+8.47914082190E-001,
12.9e6,caps hf ps1 2 31 5 15,-6.31053551931E-001,+5.82491390456E-001,+3.94802951767E-001,+1.95759229727E-001,+3.94596815661E-001,+1.95274173025E-001,-2.67611687074E-002,+8.49027357859E-001,
12.9e6,caps hf ps1 2 31 5 16,-6.31463362341E-001,+5.81967158952E-001,+3.94647401370E-001,+1.94457472360E-001,+3.94917387793E-001,+1.94652258297E-001,-2.23952289045E-002,+8.50275367158E-001,
12.9e6,caps hf ps1 2 31 5 31,-6.32330191064E-001,+5.82563100314E-001,+3.95043801200E-001,+1.89723499797E-001,+3.94834241903E-001,+1.90431748531E-001,-5.71134020554E-003,+8.51484158642E-001,
12.9e6,caps hf ps1 2 31 5 32,-6.32780577922E-001,+5.82297188991E-001,+3.94742152080E-001,+1.87452764561E-001,+3.94835296944E-001,+1.88055463552E-001,+2.77905453827E-003,+8.51531588910E-001,
12.9e6,caps hf ps1 2 31 5 47,-6.33810205357E-001,+5.82336109019E-001,+3.94619834988E-001,+1.83254442221E-001,+3.94964234621E-001,+1.83158061405E-001,+1.92260535870E-002,+8.53106336362E-001,
12.9e6,caps hf ps1 2 31 5 48,-6.34332339084E-001,+5.82282594386E-001,+3.94429306976E-001,+1.82296975314E-001,+3.94951878034E-001,+1.82066075658E-001,+2.39383507743E-002,+8.53581364061E-001,
12.9e6,caps hf ps1 2 31 5 63,-6.36290006277E-001,+5.81642779592E-001,+3.94792773031E-001,+1.78326193381E-001,+3.94088154499E-001,+1.78946563170E-001,+3.82886213129E-002,+8.53374150291E-001,
12.9e6,caps hf ps1 2 31 6 0,-6.35618031863E-001,+5.82943096145E-001,+3.94699793157E-001,+1.79031546681E-001,+3.94669811994E-001,+1.78996068846E-001,+3.63839155465E-002,+8.53779994190E-001,
12.9e6,caps hf ps1 2 31 6 15,-6.36012617280E-001,+5.81735508813E-001,+3.93623866918E-001,+1.74918991062E-001,+3.94103381975E-001,+1.74722916948E-001,+5.21041698111E-002,+8.53830457611E-001,
12.9e6,caps hf ps1 2 31 6 16,-6.36326671304E-001,+5.82645941766E-001,+3.93916652254E-001,+1.73492781263E-001,+3.93947532470E-001,+1.73968388082E-001,+5.61886394952E-002,+8.53550138802E-001,
12.9e6,caps hf ps1 2 31 6 31,-6.38070653021E-001,+5.83389797533E-001,+3.94617586272E-001,+1.69907893416E-001,+3.93946169041E-001,+1.69632295104E-001,+7.11001864651E-002,+8.54162741524E-001,
12.9e6,caps hf ps1 2 31 6 32,-6.38353307597E-001,+5.83046068825E-001,+3.93487140332E-001,+1.68131335804E-001,+3.93485118186E-001,+1.67437362318E-001,+7.75681793091E-002,+8.54523113977E-001,
12.9e6,caps hf ps1 2 31 6 47,-6.39888591712E-001,+5.83306594588E-001,+3.93388120575E-001,+1.64500798364E-001,+3.93476768319E-001,+1.63457991007E-001,+9.22576250855E-002,+8.53746467133E-001,
12.9e6,caps hf ps1 2 31 6 48,-6.39727192700E-001,+5.83191615167E-001,+3.93105116004E-001,+1.63352237329E-001,+3.93318256877E-001,+1.63363359579E-001,+9.46508248217E-002,+8.53542190350E-001,
12.9e6,caps hf ps1 2 31 6 63,-6.40322457743E-001,+5.83655430692E-001,+3.93094861806E-001,+1.59774529736E-001,+3.93089933389E-001,+1.59339618002E-001,+1.08858606483E-001,+8.52732849292E-001,
12.9e6,caps hf ps1 2 32 0 0,-5.76933116030E-001,+6.07899287915E-001,+3.02106345184E-001,+3.72218140183E-001,+3.01197608967E-001,+3.72554052370E-001,-6.84681862211E-001,+4.57616835922E-001,
12.9e6,caps hf ps1 2 32 0 15,-5.78857264733E-001,+6.06195395808E-001,+3.09716042086E-001,+3.65276723720E-001,+3.09108055265E-001,+3.66082482566E-001,-6.60038062388E-001,+4.93595866433E-001,
12.9e6,caps hf ps1 2 32 0 16,-5.79665673022E-001,+6.05792425928E-001,+3.12031566617E-001,+3.63270219073E-001,+3.12426352333E-001,+3.63652536113E-001,-6.52323855789E-001,+5.04048256203E-001,
12.9e6,caps hf ps1 2 32 0 31,-5.81566236295E-001,+6.03661358061E-001,+3.19641684116E-001,+3.55493927530E-001,+3.19891639139E-001,+3.55650119168E-001,-6.26097384578E-001,+5.34928189437E-001,
12.9e6,caps hf ps1 2 32 0 32,-5.82791446778E-001,+6.02628252302E-001,+3.24184377317E-001,+3.51129501796E-001,+3.24204066780E-001,+3.52342245530E-001,-6.12968110618E-001,+5.50677672431E-001,
12.9e6,caps hf ps1 2 32 0 47,-5.85266180984E-001,+6.00808701306E-001,+3.30697260862E-001,+3.43910140855E-001,+3.30870617728E-001,+3.44382892586E-001,-5.85952449379E-001,+5.79675343762E-001,
12.9e6,caps hf ps1 2 32 0 48,-5.86210075114E-001,+6.00770957391E-001,+3.32609504294E-001,+3.41683213147E-001,+3.32660967924E-001,+3.42141991213E-001,-5.79111767056E-001,+5.87351259497E-001,
12.9e6,caps hf ps1 2 32 0 63,-5.87723179935E-001,+5.98728196378E-001,+3.39040552850E-001,+3.33888760161E-001,+3.39703327293E-001,+3.34648628656E-001,-5.50743761422E-001,+6.13889826098E-001,
12.9e6,caps hf ps1 2 32 1 0,-5.88305567470E-001,+5.97822752601E-001,+3.40492906925E-001,+3.31549698605E-001,+3.40994834738E-001,+3.32489166633E-001,-5.43655318089E-001,+6.21683166439E-001,
12.9e6,caps hf ps1 2 32 1 15,-5.91442783471E-001,+5.98283424122E-001,+3.46590085955E-001,+3.24163223702E-001,+3.46349412722E-001,+3.24855170730E-001,-5.16546258312E-001,+6.45107432910E-001,
12.9e6,caps hf ps1 2 32 1 16,-5.90816818758E-001,+5.97114747884E-001,+3.48228074081E-001,+3.21508021266E-001,+3.48785564587E-001,+3.22517340390E-001,-5.08529472788E-001,+6.52867363131E-001,
12.9e6,caps hf ps1 2 32 1 31,-5.93307769576E-001,+5.96363326679E-001,+3.52715530149E-001,+3.14496748312E-001,+3.52887133299E-001,+3.14570244003E-001,-4.81161327181E-001,+6.73499079865E-001,
12.9e6,caps hf ps1 2 32 1 32,-5.94610840258E-001,+5.95431018064E-001,+3.55509289000E-001,+3.10317189799E-001,+3.55966955046E-001,+3.11255516192E-001,-4.66942992063E-001,+6.84335357110E-001,
12.9e6,caps hf ps1 2 32 1 47,-5.96722650586E-001,+5.94535591483E-001,+3.59656422136E-001,+3.03183853634E-001,+3.60174684750E-001,+3.03731607648E-001,-4.40027333953E-001,+7.02701477046E-001,
12.9e6,caps hf ps1 2 32 1 48,-5.97185872378E-001,+5.94164055800E-001,+3.60887729250E-001,+3.00300682010E-001,+3.61100964251E-001,+3.02024698723E-001,-4.32801396033E-001,+7.07688253718E-001,
12.9e6,caps hf ps1 2 32 1 63,-5.99018176766E-001,+5.93089700140E-001,+3.64575340906E-001,+2.93845932341E-001,+3.64819500800E-001,+2.94661657128E-001,-4.06609870954E-001,+7.23728537951E-001,
12.9e6,caps hf ps1 2 32 2 0,-6.00059006424E-001,+5.93543449070E-001,+3.66486040352E-001,+2.90225637044E-001,+3.66431346485E-001,+2.91215321726E-001,-3.94652006631E-001,+7.31483812179E-001,
12.9e6,caps hf ps1 2 32 2 15,-6.02079846212E-001,+5.92550389340E-001,+3.69595442772E-001,+2.83385964700E-001,+3.70043781162E-001,+2.83593891854E-001,-3.68515429007E-001,+7.46576468521E-001,
12.9e6,caps hf ps1 2 32 2 16,-6.03273726013E-001,+5.92224871873E-001,+3.70970874965E-001,+2.81248069320E-001,+3.70907741810E-001,+2.81907976841E-001,-3.61032558194E-001,+7.50449498698E-001,
12.9e6,caps hf ps1 2 32 2 31,-6.04922599957E-001,+5.91742689834E-001,+3.73569253688E-001,+2.74582121919E-001,+3.74044304407E-001,+2.74432653357E-001,-3.35384049551E-001,+7.63780697854E-001,
12.9e6,caps hf ps1 2 32 2 32,-6.05569859795E-001,+5.91343404721E-001,+3.75185198570E-001,+2.71017470318E-001,+3.75600543808E-001,+2.70695917425E-001,-3.21590390944E-001,+7.69996723298E-001,
12.9e6,caps hf ps1 2 32 2 47,-6.06948797921E-001,+5.90888069801E-001,+3.77497588926E-001,+2.63986193691E-001,+3.77612946190E-001,+2.64438770304E-001,-2.97430678322E-001,+7.81040914050E-001,
12.9e6,caps hf ps1 2 32 2 48,-6.08439449734E-001,+5.90925673990E-001,+3.78313089640E-001,+2.62371448459E-001,+3.78763240588E-001,+2.62017058849E-001,-2.89627459411E-001,+7.84574285950E-001,
12.9e6,caps hf ps1 2 32 2 63,-6.10275585630E-001,+5.91028224153E-001,+3.80499380910E-001,+2.55474833184E-001,+3.80287353520E-001,+2.55921630990E-001,-2.65971476691E-001,+7.93458221673E-001,
12.9e6,caps hf ps1 2 32 3 0,-6.10517853754E-001,+5.91013812731E-001,+3.80967921125E-001,+2.52655005286E-001,+3.80757622795E-001,+2.53047394440E-001,-2.57263982146E-001,+7.98076203615E-001,
12.9e6,caps hf ps1 2 32 3 15,-6.12810853381E-001,+5.90428342826E-001,+3.82011069726E-001,+2.46813350422E-001,+3.82307833909E-001,+2.46515959918E-001,-2.32727286447E-001,+8.06234216669E-001,
12.9e6,caps hf ps1 2 32 3 16,-6.12235152474E-001,+5.90518793653E-001,+3.83185377818E-001,+2.44593684942E-001,+3.83222103243E-001,+2.44921026060E-001,-2.25867830529E-001,+8.08859175390E-001,
12.9e6,caps hf ps1 2 32 3 31,-6.14249566157E-001,+5.90255110692E-001,+3.84687140512E-001,+2.39127478546E-001,+3.84748878624E-001,+2.39359137264E-001,-2.03996953217E-001,+8.15488821604E-001,
12.9e6,caps hf ps1 2 32 3 32,-6.15199502902E-001,+5.89882207528E-001,+3.84596988722E-001,+2.35779532348E-001,+3.85480375866E-001,+2.35098738015E-001,-1.91739328093E-001,+8.19522151455E-001,
12.9e6,caps hf ps1 2 32 3 47,-6.17012153312E-001,+5.89730129186E-001,+3.86132059246E-001,+2.30151770238E-001,+3.86243410381E-001,+2.29815366309E-001,-1.70375175756E-001,+8.24550017569E-001,
12.9e6,caps hf ps1 2 32 3 48,-6.17799815266E-001,+5.90179468862E-001,+3.86756658981E-001,+2.28244455826E-001,+3.86261229074E-001,+2.27836757320E-001,-1.63903901996E-001,+8.26426476851E-001,
12.9e6,caps hf ps1 2 32 3 63,-6.18513661526E-001,+5.90163631533E-001,+3.87476938980E-001,+2.22274979549E-001,+3.87735910307E-001,+2.22306314941E-001,-1.42505735794E-001,+8.31713201796E-001,
12.9e6,caps hf ps1 2 32 4 0,-6.18664993529E-001,+5.89954894480E-001,+3.87844215831E-001,+2.21607995555E-001,+3.87600796475E-001,+2.21858182089E-001,-1.40974766391E-001,+8.32903321901E-001,
12.9e6,caps hf ps1 2 32 4 15,-6.20867703407E-001,+5.89559430241E-001,+3.88433187545E-001,+2.16488667169E-001,+3.88540437086E-001,+2.16367282776E-001,-1.21052954240E-001,+8.37031116680E-001,
12.9e6,caps hf ps1 2 32 4 16,-6.20350742812E-001,+5.89250203749E-001,+3.88639290891E-001,+2.14920349394E-001,+3.89122280588E-001,+2.14761531421E-001,-1.15265638250E-001,+8.39242162025E-001,
12.9e6,caps hf ps1 2 32 4 31,-6.22229965017E-001,+5.89973149413E-001,+3.89048889346E-001,+2.09759461480E-001,+3.89300655049E-001,+2.09559735614E-001,-9.51439406674E-002,+8.42979133682E-001,
12.9e6,caps hf ps1 2 32 4 32,-6.22918792341E-001,+5.90017660015E-001,+3.89228403371E-001,+2.06966726391E-001,+3.89925587178E-001,+2.07131484677E-001,-8.58408072264E-002,+8.44546996030E-001,
12.9e6,caps hf ps1 2 32 4 47,-6.24274464388E-001,+5.89873941757E-001,+3.89925378309E-001,+2.02587489194E-001,+3.90099721379E-001,+2.01642891653E-001,-6.57538440056E-002,+8.47053442289E-001,
12.9e6,caps hf ps1 2 32 4 48,-6.23890524166E-001,+5.89473308231E-001,+3.89350253595E-001,+2.00676804669E-001,+3.89944552353E-001,+2.00499198011E-001,-6.08732329073E-002,+8.47266728840E-001,
12.9e6,caps hf ps1 2 32 4 63,-6.25846481317E-001,+5.89650256087E-001,+3.89539716019E-001,+1.95654997926E-001,+3.89466928505E-001,+1.95711595289E-001,-4.25197313511E-002,+8.49630476583E-001,
12.9e6,caps hf ps1 2 32 5 0,-6.26000791600E-001,+5.89359499719E-001,+3.90045419150E-001,+1.94988257398E-001,+3.90241865918E-001,+1.94717843660E-001,-3.97138689006E-002,+8.51322532014E-001,
12.9e6,caps hf ps1 2 32 5 15,-6.26645167870E-001,+5.90630718329E-001,+3.89803563254E-001,+1.90294948766E-001,+3.90296308385E-001,+1.90595036221E-001,-2.32181052662E-002,+8.52386373962E-001,
12.9e6,caps hf ps1 2 32 5 16,-6.27251214028E-001,+5.89945528146E-001,+3.89857656859E-001,+1.89426220610E-001,+3.90487582705E-001,+1.89117532398E-001,-1.72006174272E-002,+8.53880590969E-001,
12.9e6,caps hf ps1 2 32 5 31,-6.29050269701E-001,+5.90778081281E-001,+3.90310724517E-001,+1.84101273458E-001,+3.90439431017E-001,+1.84697205839E-001,-6.51472972206E-004,+8.54178456715E-001,
12.9e6,caps hf ps1 2 32 5 32,-6.29353496221E-001,+5.90344864487E-001,+3.90278168430E-001,+1.82554550149E-001,+3.90193866977E-001,+1.82664900551E-001,+6.99004568545E-003,+8.55355474298E-001,
12.9e6,caps hf ps1 2 32 5 47,-6.30516230619E-001,+5.90748902553E-001,+3.89893739105E-001,+1.78411926044E-001,+3.89929359401E-001,+1.78248010553E-001,+2.44119372388E-002,+8.55033597836E-001,
12.9e6,caps hf ps1 2 32 5 48,-6.30794221129E-001,+5.90795880236E-001,+3.89703540298E-001,+1.76707249443E-001,+3.89918596275E-001,+1.76807143740E-001,+2.84906755157E-002,+8.56655451028E-001,
12.9e6,caps hf ps1 2 32 5 63,-6.31823619729E-001,+5.91335920501E-001,+3.90402382805E-001,+1.73043105021E-001,+3.89270936606E-001,+1.72702402103E-001,+4.37313357856E-002,+8.55811081318E-001,
12.9e6,caps hf ps1 2 32 6 0,-6.31561903221E-001,+5.91411712578E-001,+3.89893144179E-001,+1.73024124098E-001,+3.90239564980E-001,+1.73285383054E-001,+4.06093572193E-002,+8.56627820924E-001,
12.9e6,caps hf ps1 2 32 6 15,-6.31415042082E-001,+5.90663365983E-001,+3.89611735009E-001,+1.69744535758E-001,+3.89896682304E-001,+1.69731656375E-001,+5.56627192806E-002,+8.57075858833E-001,
12.9e6,caps hf ps1 2 32 6 16,-6.32931227428E-001,+5.90589646708E-001,+3.88703791549E-001,+1.68381837656E-001,+3.90191667043E-001,+1.68066938314E-001,+6.05532835473E-002,+8.57902520035E-001,
12.9e6,caps hf ps1 2 32 6 31,-6.33862533075E-001,+5.91318399897E-001,+3.89358516382E-001,+1.64003418261E-001,+3.89348054400E-001,+1.64855443567E-001,+7.51489235514E-002,+8.56487972973E-001,
12.9e6,caps hf ps1 2 32 6 32,-6.33769433576E-001,+5.91409075549E-001,+3.89151400618E-001,+1.62122043363E-001,+3.89527610374E-001,+1.62304019091E-001,+8.22900403700E-002,+8.57295377050E-001,
12.9e6,caps hf ps1 2 32 6 47,-6.35238428165E-001,+5.92495510035E-001,+3.88503731814E-001,+1.59178740450E-001,+3.88544797486E-001,+1.59087316779E-001,+9.60088717262E-002,+8.56516903507E-001,
12.9e6,caps hf ps1 2 32 6 48,-6.34918866687E-001,+5.91522888774E-001,+3.88446168129E-001,+1.58471882405E-001,+3.88463315276E-001,+1.58141676755E-001,+1.00351665797E-001,+8.56138777619E-001,
12.9e6,caps hf ps1 2 32 6 63,-6.36189811596E-001,+5.91641474267E-001,+3.87503077501E-001,+1.54292798208E-001,+3.88390095462E-001,+1.54425220923E-001,+1.13440841410E-001,+8.55760130776E-001,
12.9e6,caps hf ps1 2 47 0 0,-5.69466273084E-001,+6.30131144355E-001,+2.96529498056E-001,+3.48998813070E-001,+2.96845781869E-001,+3.50023815284E-001,-6.83591977065E-001,+4.81226053948E-001,
12.9e6,caps hf ps1 2 47 0 15,-5.71107082120E-001,+6.28711061709E-001,+3.05013605697E-001,+3.41432996235E-001,+3.04865857026E-001,+3.42790525356E-001,-6.56478382014E-001,+5.15874330716E-001,
12.9e6,caps hf ps1 2 47 0 16,-5.72723811275E-001,+6.28334957412E-001,+3.06908417853E-001,+3.39451776944E-001,+3.06934192599E-001,+3.40547774444E-001,-6.48630703778E-001,+5.25588512410E-001,
12.9e6,caps hf ps1 2 47 0 31,-5.75055016137E-001,+6.26810719072E-001,+3.13770159843E-001,+3.32880409848E-001,+3.14146728666E-001,+3.32569704108E-001,-6.21354293320E-001,+5.58175575444E-001,
12.9e6,caps hf ps1 2 47 0 32,-5.75282798459E-001,+6.26431089778E-001,+3.18092197946E-001,+3.28346419838E-001,+3.17611706466E-001,+3.28876943062E-001,-6.07531946146E-001,+5.72965934929E-001,
12.9e6,caps hf ps1 2 47 0 47,-5.76969322195E-001,+6.24900303751E-001,+3.23888561641E-001,+3.20674930048E-001,+3.24166749815E-001,+3.21855636858E-001,-5.80209058022E-001,+6.02193776654E-001,
12.9e6,caps hf ps1 2 47 0 48,-5.78189300823E-001,+6.24334359386E-001,+3.26035773563E-001,+3.18455635045E-001,+3.25982308707E-001,+3.19208547016E-001,-5.72622389004E-001,+6.10369771956E-001,
12.9e6,caps hf ps1 2 47 0 63,-5.80308804599E-001,+6.22977591501E-001,+3.31744001988E-001,+3.11292238889E-001,+3.31973332197E-001,+3.11457284939E-001,-5.43841215541E-001,+6.35830925088E-001,
12.9e6,caps hf ps1 2 47 1 0,-5.80334661827E-001,+6.22619621494E-001,+3.33513576054E-001,+3.08678397148E-001,+3.33522848673E-001,+3.09070102998E-001,-5.35774153156E-001,+6.44140126300E-001,
12.9e6,caps hf ps1 2 47 1 15,-5.83082531890E-001,+6.22333985715E-001,+3.38963956070E-001,+3.01625346503E-001,+3.38311371824E-001,+3.01540043953E-001,-5.08262712689E-001,+6.67061820508E-001,
12.9e6,caps hf ps1 2 47 1 16,-5.83365692134E-001,+6.21702166867E-001,+3.40447708792E-001,+2.98927889153E-001,+3.40125972064E-001,+2.99417136969E-001,-4.99240721788E-001,+6.73285990572E-001,
12.9e6,caps hf ps1 2 47 1 31,-5.85810181323E-001,+6.20690213464E-001,+3.44672541778E-001,+2.91548518004E-001,+3.44575660149E-001,+2.92232959067E-001,-4.72006594009E-001,+6.94241260611E-001,
12.9e6,caps hf ps1 2 47 1 32,-5.87274736439E-001,+6.20064940917E-001,+3.46756588295E-001,+2.87772049446E-001,+3.46726070005E-001,+2.88011370884E-001,-4.57933326464E-001,+7.04158948081E-001,
12.9e6,caps hf ps1 2 47 1 47,-5.88154584686E-001,+6.19856332683E-001,+3.50720142522E-001,+2.80052953019E-001,+3.51022076719E-001,+2.81148986144E-001,-4.29599425674E-001,+7.23210370416E-001,
12.9e6,caps hf ps1 2 47 1 48,-5.89583640689E-001,+6.19209821462E-001,+3.51791980408E-001,+2.78655503167E-001,+3.52035609900E-001,+2.78887543483E-001,-4.20588521452E-001,+7.27964149159E-001,
12.9e6,caps hf ps1 2 47 1 63,-5.90916866736E-001,+6.18827546795E-001,+3.55040245570E-001,+2.71479433733E-001,+3.54981320054E-001,+2.71591247328E-001,-3.94304074417E-001,+7.43282893312E-001,
12.9e6,caps hf ps1 2 47 2 0,-5.91659826587E-001,+6.18554318974E-001,+3.56513297740E-001,+2.68026479357E-001,+3.56636934848E-001,+2.68549041440E-001,-3.83307685573E-001,+7.51433840757E-001,
12.9e6,caps hf ps1 2 47 2 15,-5.93525331756E-001,+6.17958865308E-001,+3.59439288711E-001,+2.61059895602E-001,+3.59416676491E-001,+2.61300040804E-001,-3.56127804860E-001,+7.65053694575E-001,
12.9e6,caps hf ps1 2 47 2 16,-5.93903238557E-001,+6.17476919857E-001,+3.60486155740E-001,+2.59041958617E-001,+3.60620133973E-001,+2.59607491359E-001,-3.49002390399E-001,+7.69640694342E-001,
12.9e6,caps hf ps1 2 47 2 31,-5.95453657921E-001,+6.17284501985E-001,+3.62892187736E-001,+2.52231831307E-001,+3.62833429206E-001,+2.52704855709E-001,-3.22380030034E-001,+7.81710629142E-001,
12.9e6,caps hf ps1 2 47 2 32,-5.96355772657E-001,+6.17471158513E-001,+3.63513662791E-001,+2.48670793547E-001,+3.63782664273E-001,+2.48989201653E-001,-3.09495349963E-001,+7.87599727611E-001,
12.9e6,caps hf ps1 2 47 2 47,-5.98689866214E-001,+6.16850907813E-001,+3.65676405516E-001,+2.42507232875E-001,+3.66567917932E-001,+2.42135255526E-001,-2.83745664267E-001,+7.98572842946E-001,
12.9e6,caps hf ps1 2 47 2 48,-5.98806666575E-001,+6.16506691116E-001,+3.66158986465E-001,+2.40823441463E-001,+3.66715850793E-001,+2.40818864865E-001,-2.76057420052E-001,+8.01887783687E-001,
12.9e6,caps hf ps1 2 47 2 63,-6.00931783131E-001,+6.16351046638E-001,+3.68063766511E-001,+2.34220665289E-001,+3.68100054710E-001,+2.34503708789E-001,-2.52456246268E-001,+8.09887787176E-001,
12.9e6,caps hf ps1 2 47 3 0,-6.00981958287E-001,+6.15981961329E-001,+3.68559731723E-001,+2.31510468264E-001,+3.69075507721E-001,+2.31724187334E-001,-2.43203863582E-001,+8.14290337196E-001,
12.9e6,caps hf ps1 2 47 3 15,-6.02558537711E-001,+6.16255817609E-001,+3.70261601533E-001,+2.25594615550E-001,+3.70443524756E-001,+2.25969474364E-001,-2.19261171224E-001,+8.21994078282E-001,
12.9e6,caps hf ps1 2 47 3 16,-6.03056609751E-001,+6.16472893817E-001,+3.71434545403E-001,+2.23883482186E-001,+3.70323372489E-001,+2.23696313266E-001,-2.11741453619E-001,+8.23696188045E-001,
12.9e6,caps hf ps1 2 47 3 31,-6.04545358825E-001,+6.15955521425E-001,+3.71496418862E-001,+2.17898922207E-001,+3.72231994376E-001,+2.18387855703E-001,-1.88908243065E-001,+8.31586017911E-001,
12.9e6,caps hf ps1 2 47 3 32,-6.05957903535E-001,+6.15875287744E-001,+3.72324000366E-001,+2.15204750770E-001,+3.72100348892E-001,+2.14891782964E-001,-1.77497932569E-001,+8.34081823105E-001,
12.9e6,caps hf ps1 2 47 3 47,-6.06904096894E-001,+6.15581049874E-001,+3.72865468928E-001,+2.09663154070E-001,+3.73277102009E-001,+2.10059019145E-001,-1.56354993165E-001,+8.40579393522E-001,
12.9e6,caps hf ps1 2 47 3 48,-6.06721851703E-001,+6.15838623932E-001,+3.73210094327E-001,+2.07815055548E-001,+3.73680327936E-001,+2.07827662129E-001,-1.48879429830E-001,+8.41701902641E-001,
12.9e6,caps hf ps1 2 47 3 63,-6.09623311359E-001,+6.16221221636E-001,+3.74945852980E-001,+2.02676398028E-001,+3.74385638695E-001,+2.02411410523E-001,-1.28112304365E-001,+8.46308689954E-001,
12.9e6,caps hf ps1 2 47 4 0,-6.09157536403E-001,+6.15736307617E-001,+3.74195131999E-001,+2.02057995063E-001,+3.74503351773E-001,+2.01648434796E-001,-1.26048024711E-001,+8.47113795387E-001,
12.9e6,caps hf ps1 2 47 4 15,-6.09602899217E-001,+6.15781438806E-001,+3.74266524026E-001,+1.96554387312E-001,+3.75202308098E-001,+1.96452052019E-001,-1.05127315307E-001,+8.50786884450E-001,
12.9e6,caps hf ps1 2 47 4 16,-6.10137982770E-001,+6.16653953890E-001,+3.75175844192E-001,+1.94836508594E-001,+3.74947648247E-001,+1.95395212327E-001,-9.95957367627E-002,+8.52093972632E-001,
12.9e6,caps hf ps1 2 47 4 31,-6.12155750886E-001,+6.16705019356E-001,+3.75444927057E-001,+1.90085968763E-001,+3.75052338152E-001,+1.90188941804E-001,-7.90036569294E-002,+8.54661481443E-001,
12.9e6,caps hf ps1 2 47 4 32,-6.12121843305E-001,+6.16908402746E-001,+3.75634658903E-001,+1.87507499644E-001,+3.75887512925E-001,+1.87400940249E-001,-6.95185031496E-002,+8.56988184185E-001,
12.9e6,caps hf ps1 2 47 4 47,-6.13329782112E-001,+6.16312085403E-001,+3.75395232308E-001,+1.82781484210E-001,+3.75711232028E-001,+1.82900654681E-001,-5.07448824490E-002,+8.59118267082E-001,
12.9e6,caps hf ps1 2 47 4 48,-6.14280426586E-001,+6.16247091813E-001,+3.75374938779E-001,+1.81358848478E-001,+3.75511157010E-001,+1.81382733822E-001,-4.45360275881E-002,+8.59678278522E-001,
12.9e6,caps hf ps1 2 47 4 63,-6.15139039478E-001,+6.16262480129E-001,+3.75782128013E-001,+1.77030700338E-001,+3.75746636294E-001,+1.76581648636E-001,-2.67492570996E-002,+8.62072341313E-001,
12.9e6,caps hf ps1 2 47 5 0,-6.15416742564E-001,+6.16413363840E-001,+3.75525044189E-001,+1.76134466222E-001,+3.75681676170E-001,+1.76391152842E-001,-2.44574592440E-002,+8.62500043350E-001,
12.9e6,caps hf ps1 2 47 5 15,-6.16885291429E-001,+6.16354853811E-001,+3.75303463948E-001,+1.72088277325E-001,+3.76132455631E-001,+1.71537153336E-001,-5.98493845096E-003,+8.65022189607E-001,
12.9e6,caps hf ps1 2 47 5 16,-6.16926754567E-001,+6.16194575520E-001,+3.75306993944E-001,+1.70610608060E-001,+3.75704742539E-001,+1.70348672008E-001,-1.69448306598E-003,+8.63806645880E-001,
12.9e6,caps hf ps1 2 47 5 31,-6.17936574836E-001,+6.16575844898E-001,+3.75355962535E-001,+1.66552775262E-001,+3.75874324674E-001,+1.65845646826E-001,+1.55925829598E-002,+8.65422297023E-001,
12.9e6,caps hf ps1 2 47 5 32,-6.18754318419E-001,+6.17222129436E-001,+3.75239989378E-001,+1.64357972462E-001,+3.74984710344E-001,+1.64485075148E-001,+2.31912498910E-002,+8.65232381085E-001,
12.9e6,caps hf ps1 2 47 5 47,-6.19266059692E-001,+6.16508128346E-001,+3.74385379705E-001,+1.59889787489E-001,+3.75117058670E-001,+1.60021076161E-001,+4.00140535296E-002,+8.65541958710E-001,
12.9e6,caps hf ps1 2 47 5 48,-6.19740388382E-001,+6.17314513078E-001,+3.74745470214E-001,+1.59008727141E-001,+3.74988861194E-001,+1.58458899509E-001,+4.46358173018E-002,+8.65701242228E-001,
12.9e6,caps hf ps1 2 47 5 63,-6.20452883170E-001,+6.17697921211E-001,+3.74264138651E-001,+1.55386081963E-001,+3.74717623415E-001,+1.54816548169E-001,+6.08826674834E-002,+8.66363837344E-001,
12.9e6,caps hf ps1 2 47 6 0,-6.19833217677E-001,+6.17575478771E-001,+3.74507051461E-001,+1.55509541434E-001,+3.74605040030E-001,+1.55228799468E-001,+5.82633930799E-002,+8.66108301207E-001,
12.9e6,caps hf ps1 2 47 6 15,-6.21294265500E-001,+6.17357557250E-001,+3.73895116067E-001,+1.52081240885E-001,+3.74685414074E-001,+1.51547377074E-001,+7.37677318891E-002,+8.66613349488E-001,
12.9e6,caps hf ps1 2 47 6 16,-6.21127392252E-001,+6.17829835890E-001,+3.74052024689E-001,+1.50580763203E-001,+3.74592231720E-001,+1.50239178579E-001,+7.82071646761E-002,+8.66387528650E-001,
12.9e6,caps hf ps1 2 47 6 31,-6.22115348918E-001,+6.17329217593E-001,+3.73327734709E-001,+1.47618349572E-001,+3.73793859128E-001,+1.47307548205E-001,+9.18097995682E-002,+8.65463465442E-001,
12.9e6,caps hf ps1 2 47 6 32,-6.22336553257E-001,+6.17845129626E-001,+3.72426054755E-001,+1.45065715947E-001,+3.73961265376E-001,+1.45730689817E-001,+9.82911504272E-002,+8.65690832877E-001,
12.9e6,caps hf ps1 2 47 6 47,-6.23815672277E-001,+6.18661760429E-001,+3.72745332234E-001,+1.42299876193E-001,+3.73190468586E-001,+1.42312378421E-001,+1.13154624465E-001,+8.64604184480E-001,
12.9e6,caps hf ps1 2 47 6 48,-6.23715432096E-001,+6.18522298588E-001,+3.72402042212E-001,+1.40529008664E-001,+3.72941716428E-001,+1.40748850716E-001,+1.16592532342E-001,+8.64488708856E-001,
12.9e6,caps hf ps1 2 47 6 63,-6.24912488976E-001,+6.18028039331E-001,+3.72262007566E-001,+1.37935390256E-001,+3.72623783731E-001,+1.37748734762E-001,+1.29912142576E-001,+8.63010086178E-001,
12.9e6,caps hf ps1 2 48 0 0,-5.69799850786E-001,+6.30921039091E-001,+2.96459727784E-001,+3.48948919337E-001,+2.96255963383E-001,+3.49495839738E-001,-6.82927228879E-001,+4.80671238325E-001,
12.9e6,caps hf ps1 2 48 0 15,-5.71428879539E-001,+6.29075144755E-001,+3.04603183880E-001,+3.41459566661E-001,+3.04621515358E-001,+3.42666146265E-001,-6.56942987825E-001,+5.16845975820E-001,
12.9e6,caps hf ps1 2 48 0 16,-5.72715106207E-001,+6.28088792222E-001,+3.06621487100E-001,+3.40074421238E-001,+3.07460596326E-001,+3.39576391005E-001,-6.47624561747E-001,+5.26421341039E-001,
12.9e6,caps hf ps1 2 48 0 31,-5.73765621259E-001,+6.26880725752E-001,+3.15114709950E-001,+3.32322242683E-001,+3.14111521738E-001,+3.32593962934E-001,-6.22428658671E-001,+5.58281922496E-001,
12.9e6,caps hf ps1 2 48 0 32,-5.74604590898E-001,+6.26614807008E-001,+3.17464387751E-001,+3.27687960003E-001,+3.17458659578E-001,+3.28342846076E-001,-6.08171176487E-001,+5.73042751426E-001,
12.9e6,caps hf ps1 2 48 0 47,-5.77536275826E-001,+6.24274559643E-001,+3.24161170551E-001,+3.20710944825E-001,+3.24078963261E-001,+3.20556845617E-001,-5.79308015154E-001,+6.02401100590E-001,
12.9e6,caps hf ps1 2 48 0 48,-5.77950887492E-001,+6.24375660068E-001,+3.25423668799E-001,+3.18590051307E-001,+3.25928615437E-001,+3.19134810170E-001,-5.72728226387E-001,+6.10500372493E-001,
12.9e6,caps hf ps1 2 48 0 63,-5.80274788927E-001,+6.23417810575E-001,+3.31880150605E-001,+3.11057843718E-001,+3.31871747058E-001,+3.11194808950E-001,-5.43546314846E-001,+6.36235363445E-001,
12.9e6,caps hf ps1 2 48 1 0,-5.80970365479E-001,+6.23139989619E-001,+3.33201115097E-001,+3.08329645972E-001,+3.33271406655E-001,+3.09091927188E-001,-5.35920381092E-001,+6.43661571731E-001,
12.9e6,caps hf ps1 2 48 1 15,-5.83587297558E-001,+6.22102230872E-001,+3.38690104783E-001,+3.01305174507E-001,+3.38596256437E-001,+3.01398217084E-001,-5.07732559024E-001,+6.66292304365E-001,
12.9e6,caps hf ps1 2 48 1 16,-5.83287291136E-001,+6.22394128559E-001,+3.40444189499E-001,+2.98840333858E-001,+3.40181355574E-001,+2.98731780335E-001,-4.98645026716E-001,+6.74572495939E-001,
12.9e6,caps hf ps1 2 48 1 31,-5.85826759263E-001,+6.20272617155E-001,+3.44539520268E-001,+2.91226158871E-001,+3.44842491930E-001,+2.91660807502E-001,-4.71756951309E-001,+6.94651234064E-001,
12.9e6,caps hf ps1 2 48 1 32,-5.86676817167E-001,+6.20624831476E-001,+3.46712440724E-001,+2.87911368419E-001,+3.47305983854E-001,+2.88125014165E-001,-4.57550520651E-001,+7.05413208608E-001,
12.9e6,caps hf ps1 2 48 1 47,-5.88517161423E-001,+6.19055659259E-001,+3.50522032379E-001,+2.80593310191E-001,+3.50281423470E-001,+2.80276487276E-001,-4.28903421525E-001,+7.22824067617E-001,
12.9e6,caps hf ps1 2 48 1 48,-5.89549636343E-001,+6.19118437112E-001,+3.51527498557E-001,+2.78222480069E-001,+3.52550575047E-001,+2.78439272380E-001,-4.20868028537E-001,+7.28931033182E-001,
12.9e6,caps hf ps1 2 48 1 63,-5.91439647319E-001,+6.18609148907E-001,+3.55131299858E-001,+2.71280557863E-001,+3.55204986263E-001,+2.71399064332E-001,-3.94072604728E-001,+7.44223153928E-001,
12.9e6,caps hf ps1 2 48 2 0,-5.92142112038E-001,+6.19772706761E-001,+3.56599373482E-001,+2.67887067634E-001,+3.57099157304E-001,+2.67625618720E-001,-3.82791121151E-001,+7.51576444067E-001,
12.9e6,caps hf ps1 2 48 2 15,-5.93541189840E-001,+6.18673405805E-001,+3.59465409482E-001,+2.60760797477E-001,+3.59989712640E-001,+2.61210967175E-001,-3.56495745167E-001,+7.65491905967E-001,
12.9e6,caps hf ps1 2 48 2 16,-5.93887944198E-001,+6.18098357509E-001,+3.60006373941E-001,+2.58679462845E-001,+3.60339568900E-001,+2.59005336179E-001,-3.48166948214E-001,+7.69953985080E-001,
12.9e6,caps hf ps1 2 48 2 31,-5.95075414737E-001,+6.17352576712E-001,+3.62600987117E-001,+2.51927148576E-001,+3.62635220588E-001,+2.52638870930E-001,-3.22592865417E-001,+7.81265652900E-001,
12.9e6,caps hf ps1 2 48 2 32,-5.97254654547E-001,+6.18270463190E-001,+3.64162105001E-001,+2.48841314291E-001,+3.64069139686E-001,+2.48713998936E-001,-3.08969658671E-001,+7.87901655161E-001,
12.9e6,caps hf ps1 2 48 2 47,-5.98549918500E-001,+6.17041738776E-001,+3.65935553802E-001,+2.42294272853E-001,+3.65958680126E-001,+2.42537942444E-001,-2.84222765092E-001,+7.98399696717E-001,
12.9e6,caps hf ps1 2 48 2 48,-5.98541806323E-001,+6.17317695869E-001,+3.66787188005E-001,+2.40135805720E-001,+3.66759045253E-001,+2.39895804407E-001,-2.75877067220E-001,+8.01443539844E-001,
12.9e6,caps hf ps1 2 48 2 63,-6.00519668165E-001,+6.16805599371E-001,+3.68241069807E-001,+2.33797842305E-001,+3.68731120138E-001,+2.34127972951E-001,-2.51971717117E-001,+8.10870400344E-001,
12.9e6,caps hf ps1 2 48 3 0,-6.01206730738E-001,+6.16070507923E-001,+3.68546982602E-001,+2.31620111716E-001,+3.68978600740E-001,+2.31586196009E-001,-2.42456787480E-001,+8.14218646501E-001,
12.9e6,caps hf ps1 2 48 3 15,-6.03276836464E-001,+6.16895406697E-001,+3.70096068153E-001,+2.25673931491E-001,+3.70613583682E-001,+2.25558643876E-001,-2.18903383141E-001,+8.22531946684E-001,
12.9e6,caps hf ps1 2 48 3 16,-6.03221778085E-001,+6.16486733513E-001,+3.70229152431E-001,+2.23081092354E-001,+3.70677566992E-001,+2.24056362802E-001,-2.12100427920E-001,+8.24124907688E-001,
12.9e6,caps hf ps1 2 48 3 31,-6.05149660039E-001,+6.16552620420E-001,+3.71909424144E-001,+2.17988124193E-001,+3.71857484799E-001,+2.18326178291E-001,-1.89112845061E-001,+8.30799193889E-001,
12.9e6,caps hf ps1 2 48 3 32,-6.05326892543E-001,+6.16565197034E-001,+3.71843161886E-001,+2.14880845675E-001,+3.72344451415E-001,+2.14885881850E-001,-1.77427181360E-001,+8.34830050674E-001,
12.9e6,caps hf ps1 2 48 3 47,-6.06679005952E-001,+6.16243551169E-001,+3.73153004360E-001,+2.09141017168E-001,+3.73539651218E-001,+2.08912726526E-001,-1.54886009292E-001,+8.40141926600E-001,
12.9e6,caps hf ps1 2 48 3 48,-6.06906162654E-001,+6.16240989837E-001,+3.72963217545E-001,+2.07566777760E-001,+3.73675534896E-001,+2.07127947735E-001,-1.48385328653E-001,+8.41976880100E-001,
12.9e6,caps hf ps1 2 48 3 63,-6.08736246962E-001,+6.15549584570E-001,+3.73714737478E-001,+2.02773733679E-001,+3.74111473110E-001,+2.02346394159E-001,-1.27722963739E-001,+8.46598729181E-001,
12.9e6,caps hf ps1 2 48 4 0,-6.09094752358E-001,+6.16266853366E-001,+3.74121187489E-001,+2.01605114202E-001,+3.74519207502E-001,+2.02046269383E-001,-1.26882959427E-001,+8.47036470766E-001,
12.9e6,caps hf ps1 2 48 4 15,-6.10159384812E-001,+6.16356556104E-001,+3.74777736492E-001,+1.96741530696E-001,+3.75320327712E-001,+1.96541654845E-001,-1.05710149827E-001,+8.51638596776E-001,
12.9e6,caps hf ps1 2 48 4 16,-6.10353827810E-001,+6.16408176667E-001,+3.74415102082E-001,+1.94911061458E-001,+3.74800194425E-001,+1.95260796322E-001,-9.93810095483E-002,+8.52359749619E-001,
12.9e6,caps hf ps1 2 48 4 31,-6.11937164511E-001,+6.16257873466E-001,+3.74949702074E-001,+1.89569295216E-001,+3.75371486342E-001,+1.89955396853E-001,-7.94117283672E-002,+8.55495268159E-001,
12.9e6,caps hf ps1 2 48 4 32,-6.12774385461E-001,+6.16331502481E-001,+3.75778976945E-001,+1.87493438191E-001,+3.75423911626E-001,+1.87134913190E-001,-6.94584410419E-002,+8.57068600543E-001,
12.9e6,caps hf ps1 2 48 4 47,-6.13775478113E-001,+6.16464730958E-001,+3.75303049007E-001,+1.82835060210E-001,+3.75356649771E-001,+1.82315005500E-001,-5.00976700493E-002,+8.59719658262E-001,
12.9e6,caps hf ps1 2 48 4 48,-6.13445404734E-001,+6.16493456318E-001,+3.75267186129E-001,+1.80976571883E-001,+3.75931826416E-001,+1.80690596176E-001,-4.42046665798E-002,+8.60164284479E-001,
12.9e6,caps hf ps1 2 48 4 63,-6.14492191630E-001,+6.17188667454E-001,+3.75146345465E-001,+1.76709563891E-001,+3.76019981796E-001,+1.76510939959E-001,-2.64936849768E-002,+8.62183247299E-001,
12.9e6,caps hf ps1 2 48 5 0,-6.14942724504E-001,+6.17059915006E-001,+3.75759127377E-001,+1.75488026246E-001,+3.76086503804E-001,+1.75622897006E-001,-2.41820202722E-002,+8.62601966379E-001,
12.9e6,caps hf ps1 2 48 5 15,-6.16352529174E-001,+6.16095029296E-001,+3.75111885834E-001,+1.71689181561E-001,+3.75763152537E-001,+1.71701077213E-001,-6.80807770407E-003,+8.63425146050E-001,
12.9e6,caps hf ps1 2 48 5 16,-6.16456789625E-001,+6.16927884479E-001,+3.75356031739E-001,+1.69992927273E-001,+3.75548795504E-001,+1.70102658570E-001,-1.29905455400E-003,+8.64438986715E-001,
12.9e6,caps hf ps1 2 48 5 31,-6.18318405344E-001,+6.16938662143E-001,+3.75289377560E-001,+1.66465961678E-001,+3.75267799548E-001,+1.65777756759E-001,+1.59702760000E-002,+8.65289410937E-001,
12.9e6,caps hf ps1 2 48 5 32,-6.18131703444E-001,+6.17482482909E-001,+3.74872150714E-001,+1.64211608361E-001,+3.75733894490E-001,+1.63461892367E-001,+2.39627102053E-002,+8.65688665249E-001,
12.9e6,caps hf ps1 2 48 5 47,-6.19952176741E-001,+6.17689503083E-001,+3.74881138667E-001,+1.59944159293E-001,+3.75406545023E-001,+1.59881175858E-001,+4.02282401952E-002,+8.66404533260E-001,
12.9e6,caps hf ps1 2 48 5 48,-6.19469968033E-001,+6.17099947195E-001,+3.74459088866E-001,+1.59090716969E-001,+3.75208503528E-001,+1.58646846680E-001,+4.46493466711E-002,+8.66553427127E-001,
12.9e6,caps hf ps1 2 48 5 63,-6.19780662812E-001,+6.17727483941E-001,+3.73951445880E-001,+1.54684742997E-001,+3.74474459384E-001,+1.54472246990E-001,+6.11063032739E-002,+8.66149020363E-001,
12.9e6,caps hf ps1 2 48 6 0,-6.20422984520E-001,+6.17658834613E-001,+3.74634257095E-001,+1.55706574791E-001,+3.74704136169E-001,+1.55247488337E-001,+5.77471125189E-002,+8.66979199398E-001,
12.9e6,caps hf ps1 2 48 6 15,-6.20888620920E-001,+6.18312368463E-001,+3.74229200629E-001,+1.51422710519E-001,+3.74288229104E-001,+1.51159983124E-001,+7.35309509950E-002,+8.65769306933E-001,
12.9e6,caps hf ps1 2 48 6 16,-6.21493137758E-001,+6.17877443996E-001,+3.73934139427E-001,+1.50454575708E-001,+3.74568068834E-001,+1.50976501130E-001,+7.72606354358E-002,+8.66391264273E-001,
12.9e6,caps hf ps1 2 48 6 31,-6.22136394971E-001,+6.18969953181E-001,+3.73509763635E-001,+1.46381201912E-001,+3.73951056270E-001,+1.47379014686E-001,+9.12196007540E-002,+8.66010851444E-001,
12.9e6,caps hf ps1 2 48 6 32,-6.22449091464E-001,+6.18395077344E-001,+3.73001371284E-001,+1.45198180774E-001,+3.73182727568E-001,+1.44909063550E-001,+9.86776133301E-002,+8.64986385265E-001,
12.9e6,caps hf ps1 2 48 6 47,-6.23729467849E-001,+6.18734831098E-001,+3.72537277066E-001,+1.41962408384E-001,+3.73171218053E-001,+1.41122854620E-001,+1.13816081419E-001,+8.65004963851E-001,
12.9e6,caps hf ps1 2 48 6 48,-6.23352817452E-001,+6.17787285149E-001,+3.72388569341E-001,+1.40687021626E-001,+3.73350404547E-001,+1.41256486840E-001,+1.16555078459E-001,+8.65033118754E-001,
12.9e6,caps hf ps1 2 48 6 63,-6.24259672258E-001,+6.19448582721E-001,+3.72194711814E-001,+1.37360112389E-001,+3.72000789422E-001,+1.37782883970E-001,+1.29387811512E-001,+8.64013246212E-001,
12.9e6,caps hf ps1 2 63 0 0,-5.62449705387E-001,+6.51424657328E-001,+2.91473257361E-001,+3.28238197775E-001,+2.91537692590E-001,+3.28415587412E-001,-6.79516730806E-001,+5.02974521544E-001,
12.9e6,caps hf ps1 2 63 0 15,-5.64096827541E-001,+6.49670931053E-001,+2.99037841810E-001,+3.20860744277E-001,+2.98753627124E-001,+3.21725758917E-001,-6.52891640263E-001,+5.36535581134E-001,
12.9e6,caps hf ps1 2 63 0 16,-5.64767782418E-001,+6.49553956711E-001,+3.00938783990E-001,+3.18567475725E-001,+3.01294173415E-001,+3.18636414341E-001,-6.43577151178E-001,+5.48499300705E-001,
12.9e6,caps hf ps1 2 63 0 31,-5.65806735558E-001,+6.48365019835E-001,+3.08135124701E-001,+3.11333922692E-001,+3.07903032523E-001,+3.11589328915E-001,-6.15782225903E-001,+5.79182486318E-001,
12.9e6,caps hf ps1 2 63 0 32,-5.67418062484E-001,+6.47458686754E-001,+3.11337949386E-001,+3.06988222389E-001,+3.11886184710E-001,+3.07600008353E-001,-6.01664593731E-001,+5.94912180538E-001,
12.9e6,caps hf ps1 2 63 0 47,-5.69609006003E-001,+6.46739700770E-001,+3.16460156794E-001,+3.00064888087E-001,+3.17282788535E-001,+3.00440084031E-001,-5.72894770705E-001,+6.22755904584E-001,
12.9e6,caps hf ps1 2 63 0 48,-5.70307727677E-001,+6.45494396161E-001,+3.18773465722E-001,+2.97733090826E-001,+3.18485345700E-001,+2.98415813996E-001,-5.65267826423E-001,+6.30547943481E-001,
12.9e6,caps hf ps1 2 63 0 63,-5.71971100797E-001,+6.45133673345E-001,+3.23927056214E-001,+2.90132795617E-001,+3.24000744890E-001,+2.90659553897E-001,-5.35996922679E-001,+6.56448538517E-001,
12.9e6,caps hf ps1 2 63 1 0,-5.72660383531E-001,+6.45215929293E-001,+3.25903975046E-001,+2.87881821361E-001,+3.25518474214E-001,+2.88024269113E-001,-5.27852682865E-001,+6.63533118042E-001,
12.9e6,caps hf ps1 2 63 1 15,-5.74222413028E-001,+6.43290566742E-001,+3.30142704230E-001,+2.80541297112E-001,+3.30345636191E-001,+2.80763242102E-001,-4.99284490370E-001,+6.86681934328E-001,
12.9e6,caps hf ps1 2 63 1 16,-5.74580039700E-001,+6.43456661719E-001,+3.31406244580E-001,+2.77983564500E-001,+3.31718516154E-001,+2.78514226445E-001,-4.90119839041E-001,+6.92927102167E-001,
12.9e6,caps hf ps1 2 63 1 31,-5.76753270116E-001,+6.43028612689E-001,+3.35871691030E-001,+2.70867830379E-001,+3.36224602043E-001,+2.71257171889E-001,-4.62257977729E-001,+7.13688660792E-001,
12.9e6,caps hf ps1 2 63 1 32,-5.77887882276E-001,+6.42819842954E-001,+3.37751432555E-001,+2.67197545805E-001,+3.38287663410E-001,+2.67776697366E-001,-4.47331758721E-001,+7.23655641156E-001,
12.9e6,caps hf ps1 2 63 1 47,-5.79451808903E-001,+6.41627144995E-001,+3.41278273864E-001,+2.59823116325E-001,+3.41309764468E-001,+2.60763447946E-001,-4.18985309550E-001,+7.41379187039E-001,
12.9e6,caps hf ps1 2 63 1 48,-5.80003189027E-001,+6.42397553355E-001,+3.42231666762E-001,+2.57742979119E-001,+3.42642429457E-001,+2.58471406798E-001,-4.10440117599E-001,+7.46225378912E-001,
12.9e6,caps hf ps1 2 63 1 63,-5.82169921471E-001,+6.40844030415E-001,+3.45274649494E-001,+2.51359167135E-001,+3.45478465926E-001,+2.51473657913E-001,-3.82237444607E-001,+7.61244323629E-001,
12.9e6,caps hf ps1 2 63 2 0,-5.82546302213E-001,+6.41966150014E-001,+3.46625712625E-001,+2.47992811396E-001,+3.46031963342E-001,+2.48234097030E-001,-3.71697883135E-001,+7.67314189625E-001,
12.9e6,caps hf ps1 2 63 2 15,-5.83652317382E-001,+6.40962936513E-001,+3.48822424160E-001,+2.41022551473E-001,+3.49088497030E-001,+2.41030119474E-001,-3.44139494026E-001,+7.82216606593E-001,
12.9e6,caps hf ps1 2 63 2 16,-5.83754089622E-001,+6.40706710021E-001,+3.49351968775E-001,+2.38747452442E-001,+3.49371039975E-001,+2.39651386320E-001,-3.36077600796E-001,+7.85788076900E-001,
12.9e6,caps hf ps1 2 63 2 31,-5.86317349104E-001,+6.40429402235E-001,+3.51601866135E-001,+2.32618480471E-001,+3.51743465362E-001,+2.33214990856E-001,-3.09601696765E-001,+7.97744757632E-001,
12.9e6,caps hf ps1 2 63 2 32,-5.86446780383E-001,+6.39744253819E-001,+3.52537638911E-001,+2.29248610824E-001,+3.53022086634E-001,+2.29849734243E-001,-2.96929935429E-001,+8.03813072100E-001,
12.9e6,caps hf ps1 2 63 2 47,-5.89063681404E-001,+6.39775027906E-001,+3.54307485127E-001,+2.23101691798E-001,+3.54789976855E-001,+2.23318955980E-001,-2.70783974794E-001,+8.14042976187E-001,
12.9e6,caps hf ps1 2 63 2 48,-5.88983555297E-001,+6.40378248708E-001,+3.55167076091E-001,+2.20792973324E-001,+3.54818897069E-001,+2.21378031226E-001,-2.62819591608E-001,+8.16998443913E-001,
12.9e6,caps hf ps1 2 63 2 63,-5.90962172760E-001,+6.40524919655E-001,+3.56236379420E-001,+2.14730585131E-001,+3.56761684999E-001,+2.15210992505E-001,-2.37992824166E-001,+8.25712534815E-001,
12.9e6,caps hf ps1 2 63 3 0,-5.91758715420E-001,+6.40344378726E-001,+3.57135719392E-001,+2.12699403035E-001,+3.57026229551E-001,+2.12909208680E-001,-2.29627202808E-001,+8.28539832544E-001,
12.9e6,caps hf ps1 2 63 3 15,-5.93082773424E-001,+6.39480851246E-001,+3.58138249403E-001,+2.06806646450E-001,+3.58414680651E-001,+2.07017759317E-001,-2.05096014871E-001,+8.36357770302E-001,
12.9e6,caps hf ps1 2 63 3 16,-5.92864874755E-001,+6.39025894935E-001,+3.58094466069E-001,+2.05262566271E-001,+3.58251626590E-001,+2.04893359264E-001,-1.97206947688E-001,+8.37291578689E-001,
12.9e6,caps hf ps1 2 63 3 31,-5.94619369858E-001,+6.39269973099E-001,+3.59373343649E-001,+1.99079013783E-001,+3.60287953035E-001,+1.99755487570E-001,-1.74844045776E-001,+8.45665651154E-001,
12.9e6,caps hf ps1 2 63 3 32,-5.95463635720E-001,+6.39579045730E-001,+3.59731264242E-001,+1.96778038788E-001,+3.60439149928E-001,+1.96778146496E-001,-1.63473475638E-001,+8.48573057050E-001,
12.9e6,caps hf ps1 2 63 3 47,-5.96870697879E-001,+6.39260344752E-001,+3.60035094768E-001,+1.91201619227E-001,+3.60813927519E-001,+1.91495591356E-001,-1.41120596157E-001,+8.52829754369E-001,
12.9e6,caps hf ps1 2 63 3 48,-5.96902625682E-001,+6.39358570251E-001,+3.60366582640E-001,+1.89925262769E-001,+3.60753229447E-001,+1.89781035267E-001,-1.34970986812E-001,+8.54618611097E-001,
12.9e6,caps hf ps1 2 63 3 63,-5.98324467976E-001,+6.39410188347E-001,+3.60700527515E-001,+1.84573496015E-001,+3.61306552911E-001,+1.84523346403E-001,-1.12917875751E-001,+8.58621141577E-001,
12.9e6,caps hf ps1 2 63 4 0,-5.98025098277E-001,+6.39675765233E-001,+3.61000274029E-001,+1.84064916036E-001,+3.61008903191E-001,+1.83677142382E-001,-1.11540474233E-001,+8.58947034568E-001,
12.9e6,caps hf ps1 2 63 4 15,-5.99818306953E-001,+6.39731384380E-001,+3.61172589042E-001,+1.79194819774E-001,+3.61594178279E-001,+1.79194177115E-001,-9.06215932388E-002,+8.62435674131E-001,
12.9e6,caps hf ps1 2 63 4 16,-5.99992451583E-001,+6.39153052533E-001,+3.61451213691E-001,+1.77742467445E-001,+3.61398422520E-001,+1.77471472491E-001,-8.48404623550E-002,+8.63325359113E-001,
12.9e6,caps hf ps1 2 63 4 31,-6.01098796782E-001,+6.40363963393E-001,+3.61432757818E-001,+1.72567284310E-001,+3.62175530276E-001,+1.72777731884E-001,-6.41411233831E-002,+8.66536505244E-001,
12.9e6,caps hf ps1 2 63 4 32,-6.01307695932E-001,+6.39859277713E-001,+3.61259529272E-001,+1.70115245396E-001,+3.61606228153E-001,+1.70644588428E-001,-5.43282689063E-002,+8.66993583201E-001,
12.9e6,caps hf ps1 2 63 4 47,-6.02842590832E-001,+6.40029437766E-001,+3.61592668488E-001,+1.65809563759E-001,+3.61836751129E-001,+1.65602565637E-001,-3.50016191106E-002,+8.69663687317E-001,
12.9e6,caps hf ps1 2 63 4 48,-6.02933110573E-001,+6.40139180703E-001,+3.61284785076E-001,+1.64347467682E-001,+3.61678498770E-001,+1.64419526796E-001,-2.99795818326E-002,+8.70364680198E-001,
12.9e6,caps hf ps1 2 63 4 63,-6.03775426564E-001,+6.39727319463E-001,+3.61390194132E-001,+1.60131453386E-001,+3.61956100578E-001,+1.59995075759E-001,-1.19626669502E-002,+8.71580930149E-001,
12.9e6,caps hf ps1 2 63 5 0,-6.04375578560E-001,+6.40751134244E-001,+3.62155380052E-001,+1.59683913970E-001,+3.61797429253E-001,+1.59226348087E-001,-8.70320142331E-003,+8.72864642716E-001,
12.9e6,caps hf ps1 2 63 5 15,-6.05355721770E-001,+6.39924105808E-001,+3.61174783392E-001,+1.55405461814E-001,+3.61474619454E-001,+1.54932115645E-001,+9.68037591010E-003,+8.73452585202E-001,
12.9e6,caps hf ps1 2 63 5 16,-6.05911709153E-001,+6.40723356484E-001,+3.61293761748E-001,+1.53854819623E-001,+3.61356908005E-001,+1.53799244032E-001,+1.46029056895E-002,+8.73228391175E-001,
12.9e6,caps hf ps1 2 63 5 31,-6.06686823770E-001,+6.40351454410E-001,+3.60686971573E-001,+1.49857156111E-001,+3.60894840083E-001,+1.49536217988E-001,+3.13292503542E-002,+8.74026411465E-001,
12.9e6,caps hf ps1 2 63 5 32,-6.06991160604E-001,+6.40971092827E-001,+3.60507284583E-001,+1.48004250519E-001,+3.60814147272E-001,+1.47904875685E-001,+3.88581409159E-002,+8.73971814089E-001,
12.9e6,caps hf ps1 2 63 5 47,-6.07982767416E-001,+6.40935849462E-001,+3.60553837393E-001,+1.43666253506E-001,+3.60218994375E-001,+1.44139115861E-001,+5.53549076786E-002,+8.74229491211E-001,
12.9e6,caps hf ps1 2 63 5 48,-6.07424694129E-001,+6.41877883405E-001,+3.59609098012E-001,+1.43061943063E-001,+3.60415051739E-001,+1.42828912276E-001,+5.97029879687E-002,+8.74771665517E-001,
12.9e6,caps hf ps1 2 63 5 63,-6.09536340560E-001,+6.41583073787E-001,+3.60118556043E-001,+1.39282139571E-001,+3.60291474161E-001,+1.38750776652E-001,+7.63197519699E-002,+8.74102983963E-001,
12.9e6,caps hf ps1 2 63 6 0,-6.08388090343E-001,+6.41299434546E-001,+3.59551438378E-001,+1.39343956451E-001,+3.59723022664E-001,+1.39648669200E-001,+7.34096523596E-002,+8.73869432969E-001,
12.9e6,caps hf ps1 2 63 6 15,-6.09797331383E-001,+6.41624901049E-001,+3.59252676703E-001,+1.36725886210E-001,+3.59610326513E-001,+1.36082873354E-001,+8.88599403142E-002,+8.74198846892E-001,
12.9e6,caps hf ps1 2 63 6 16,-6.10504434622E-001,+6.42096327391E-001,+3.59597095955E-001,+1.35312944498E-001,+3.59448564412E-001,+1.35076496310E-001,+9.31358779480E-002,+8.73948524196E-001,
12.9e6,caps hf ps1 2 63 6 31,-6.10464759176E-001,+6.41933410296E-001,+3.58848410847E-001,+1.31917523028E-001,+3.59271903298E-001,+1.31816728909E-001,+1.07407095308E-001,+8.73974291455E-001,
12.9e6,caps hf ps1 2 63 6 32,-6.11326091007E-001,+6.42008826333E-001,+3.58426061155E-001,+1.30151717757E-001,+3.58544900509E-001,+1.30026501340E-001,+1.14264857095E-001,+8.72231565539E-001,
12.9e6,caps hf ps1 2 63 6 47,-6.11632771333E-001,+6.42628600994E-001,+3.57737797531E-001,+1.26595240597E-001,+3.58148635384E-001,+1.27149763702E-001,+1.27394967995E-001,+8.72199915376E-001,
12.9e6,caps hf ps1 2 63 6 48,-6.11933143820E-001,+6.42117475746E-001,+3.57120269199E-001,+1.25950133033E-001,+3.57526705406E-001,+1.25919106560E-001,+1.31819570314E-001,+8.70948845115E-001,
12.9e6,caps hf ps1 2 63 6 63,-6.12310128051E-001,+6.43391182994E-001,+3.57098612464E-001,+1.22761925699E-001,+3.57128945091E-001,+1.22631062624E-001,+1.45512909686E-001,+8.70724457728E-001,
12.9e6,caps hf ps1 3 0 0 0,-5.60987565563E-001,+6.53482145310E-001,+2.90348365960E-001,+3.25190432530E-001,+2.90633433473E-001,+3.25223384919E-001,-6.78692725960E-001,+5.06027115241E-001,
12.9e6,caps hf ps1 3 0 0 15,-5.62566697004E-001,+6.52380331850E-001,+2.98334987311E-001,+3.17954442100E-001,+2.98097280777E-001,+3.18703071223E-001,-6.51726433194E-001,+5.40779951910E-001,
12.9e6,caps hf ps1 3 0 0 16,-5.63019154232E-001,+6.52194174182E-001,+3.00286319899E-001,+3.15880261466E-001,+3.00626377925E-001,+3.16449080143E-001,-6.43795925674E-001,+5.51258031427E-001,
12.9e6,caps hf ps1 3 0 0 31,-5.64782313564E-001,+6.50595686229E-001,+3.06411890103E-001,+3.08735463289E-001,+3.06743494671E-001,+3.09032398985E-001,-6.15712453368E-001,+5.81579374581E-001,
12.9e6,caps hf ps1 3 0 0 32,-5.64873522610E-001,+6.49643039346E-001,+3.10082568765E-001,+3.04459475909E-001,+3.09936437957E-001,+3.04592152534E-001,-6.01039126452E-001,+5.97348350519E-001,
12.9e6,caps hf ps1 3 0 0 47,-5.67914478468E-001,+6.47988035396E-001,+3.15927846904E-001,+2.96936315199E-001,+3.15871978761E-001,+2.98609002423E-001,-5.72495818429E-001,+6.24891356514E-001,
12.9e6,caps hf ps1 3 0 0 48,-5.68563203027E-001,+6.48230444599E-001,+3.17246574058E-001,+2.95366012468E-001,+3.17137770513E-001,+2.95900178252E-001,-5.65068884498E-001,+6.33048758736E-001,
12.9e6,caps hf ps1 3 0 0 63,-5.70639085734E-001,+6.46979322641E-001,+3.22633033456E-001,+2.88232851112E-001,+3.23014860045E-001,+2.88285502111E-001,-5.34949170758E-001,+6.58116259575E-001,
12.9e6,caps hf ps1 3 0 1 0,-5.72216773061E-001,+6.47047724133E-001,+3.24461468702E-001,+2.85736630284E-001,+3.24205446116E-001,+2.85842998076E-001,-5.27168372712E-001,+6.65656407068E-001,
12.9e6,caps hf ps1 3 0 1 15,-5.72450400456E-001,+6.46429100689E-001,+3.29157347955E-001,+2.78323414006E-001,+3.28847428314E-001,+2.79327371973E-001,-4.98503298682E-001,+6.88631541476E-001,
12.9e6,caps hf ps1 3 0 1 16,-5.73655274690E-001,+6.45468630135E-001,+3.30192183214E-001,+2.76365383062E-001,+3.30547273855E-001,+2.76212949630E-001,-4.89639935099E-001,+6.95239232072E-001,
12.9e6,caps hf ps1 3 0 1 31,-5.75362618047E-001,+6.45636144712E-001,+3.34513420348E-001,+2.68887948701E-001,+3.34340113855E-001,+2.68947430168E-001,-4.59626918728E-001,+7.14924509203E-001,
12.9e6,caps hf ps1 3 0 1 32,-5.76060937311E-001,+6.44498449416E-001,+3.35690141295E-001,+2.64988321135E-001,+3.36304674275E-001,+2.64637783286E-001,-4.45713943990E-001,+7.25206425469E-001,
12.9e6,caps hf ps1 3 0 1 47,-5.77888943278E-001,+6.45172106644E-001,+3.39528074237E-001,+2.58103440068E-001,+3.39394566425E-001,+2.58243864313E-001,-4.17993302091E-001,+7.42486836382E-001,
12.9e6,caps hf ps1 3 0 1 48,-5.78340339979E-001,+6.44283258397E-001,+3.40624261593E-001,+2.55851836455E-001,+3.40969116347E-001,+2.56380346575E-001,-4.09563132220E-001,+7.48224648064E-001,
12.9e6,caps hf ps1 3 0 1 63,-5.81155707807E-001,+6.43328894449E-001,+3.44033996349E-001,+2.49451385076E-001,+3.43786075178E-001,+2.49980383334E-001,-3.82438822398E-001,+7.63172517860E-001,
12.9e6,caps hf ps1 3 0 2 0,-5.80263872399E-001,+6.43195348198E-001,+3.44273653798E-001,+2.45779222322E-001,+3.45231689924E-001,+2.46457608830E-001,-3.70046791336E-001,+7.70090166052E-001,
12.9e6,caps hf ps1 3 0 2 15,-5.82742432152E-001,+6.43305025854E-001,+3.47248098972E-001,+2.39353052880E-001,+3.47345784833E-001,+2.39886465385E-001,-3.42641382494E-001,+7.84008721038E-001,
12.9e6,caps hf ps1 3 0 2 16,-5.82812593821E-001,+6.43048584617E-001,+3.47774958653E-001,+2.37349713976E-001,+3.48438654368E-001,+2.37725453186E-001,-3.35099826069E-001,+7.87919491302E-001,
12.9e6,caps hf ps1 3 0 2 31,-5.84534488290E-001,+6.42616023412E-001,+3.50013621202E-001,+2.30642352081E-001,+3.50171106341E-001,+2.31273829852E-001,-3.08570829928E-001,+7.98748253695E-001,
12.9e6,caps hf ps1 3 0 2 32,-5.86050821025E-001,+6.43273995629E-001,+3.50784968988E-001,+2.27493048765E-001,+3.50745119857E-001,+2.27651653228E-001,-2.94813581612E-001,+8.03616031261E-001,
12.9e6,caps hf ps1 3 0 2 47,-5.86695533479E-001,+6.41854833491E-001,+3.52440430299E-001,+2.22364682154E-001,+3.53317545670E-001,+2.21908948555E-001,-2.69826868677E-001,+8.13857039714E-001,
12.9e6,caps hf ps1 3 0 2 48,-5.87336252294E-001,+6.42330002507E-001,+3.52742396346E-001,+2.18926653936E-001,+3.53558214868E-001,+2.20244815943E-001,-2.62513877023E-001,+8.17226299955E-001,
12.9e6,caps hf ps1 3 0 2 63,-5.87833021188E-001,+6.41485372962E-001,+3.53909315624E-001,+2.13771189074E-001,+3.54376345800E-001,+2.14124680328E-001,-2.37213028873E-001,+8.24064890657E-001,
12.9e6,caps hf ps1 3 0 3 0,-5.89504690737E-001,+6.42016937498E-001,+3.55684273216E-001,+2.11235531206E-001,+3.55783721576E-001,+2.11355978077E-001,-2.27800444998E-001,+8.30202097636E-001,
12.9e6,caps hf ps1 3 0 3 15,-5.91002096792E-001,+6.41523184388E-001,+3.56356560475E-001,+2.05583347131E-001,+3.56697680133E-001,+2.05228730415E-001,-2.02600544693E-001,+8.36526446789E-001,
12.9e6,caps hf ps1 3 0 3 16,-5.91646433495E-001,+6.42301093848E-001,+3.57061651723E-001,+2.03526124853E-001,+3.56765346409E-001,+2.03273548137E-001,-1.95530094160E-001,+8.39422214472E-001,
12.9e6,caps hf ps1 3 0 3 31,-5.92619016923E-001,+6.42368437537E-001,+3.57908994035E-001,+1.98545078159E-001,+3.57878917216E-001,+1.98139834416E-001,-1.73373721177E-001,+8.45370771894E-001,
12.9e6,caps hf ps1 3 0 3 32,-5.92899504494E-001,+6.41926060561E-001,+3.57981371216E-001,+1.95683390874E-001,+3.57934361423E-001,+1.95705928220E-001,-1.61632088265E-001,+8.47940366054E-001,
12.9e6,caps hf ps1 3 0 3 47,-5.93979388400E-001,+6.41732459996E-001,+3.58208699124E-001,+1.89937671394E-001,+3.59180084819E-001,+1.89808008769E-001,-1.40187988709E-001,+8.53048139799E-001,
12.9e6,caps hf ps1 3 0 3 48,-5.94729187448E-001,+6.41995514424E-001,+3.57996718001E-001,+1.88407336846E-001,+3.58695753501E-001,+1.88758169976E-001,-1.33266367307E-001,+8.55003408284E-001,
12.9e6,caps hf ps1 3 0 3 63,-5.95967342705E-001,+6.42696138583E-001,+3.59217535979E-001,+1.83256478075E-001,+3.59086083508E-001,+1.83147597049E-001,-1.11546909608E-001,+8.57794963871E-001,
12.9e6,caps hf ps1 3 0 4 0,-5.96632776126E-001,+6.42904144790E-001,+3.59274541796E-001,+1.82583890268E-001,+3.59719987988E-001,+1.82648248662E-001,-1.10154770996E-001,+8.59223949351E-001,
12.9e6,caps hf ps1 3 0 4 15,-5.96887589909E-001,+6.42031699604E-001,+3.59128624472E-001,+1.78015320857E-001,+3.59738909433E-001,+1.78358565300E-001,-8.92321295661E-002,+8.62966823516E-001,
12.9e6,caps hf ps1 3 0 4 16,-5.97565413694E-001,+6.42524659292E-001,+3.59999574735E-001,+1.76690347732E-001,+3.59840249482E-001,+1.75950552645E-001,-8.29119467399E-002,+8.63905498367E-001,
12.9e6,caps hf ps1 3 0 4 31,-5.98398464361E-001,+6.42649625128E-001,+3.59494178514E-001,+1.72318801943E-001,+3.59738033844E-001,+1.71360142605E-001,-6.29727118160E-002,+8.66862470493E-001,
12.9e6,caps hf ps1 3 0 4 32,-5.99163922260E-001,+6.42535558748E-001,+3.59516688574E-001,+1.69466320727E-001,+3.60048448045E-001,+1.69287573632E-001,-5.36305071582E-002,+8.67647774699E-001,
12.9e6,caps hf ps1 3 0 4 47,-6.00850501039E-001,+6.42990285969E-001,+3.59648888853E-001,+1.65295476505E-001,+3.60040861844E-001,+1.65179965539E-001,-3.47693306445E-002,+8.69177275814E-001,
12.9e6,caps hf ps1 3 0 4 48,-6.00543741967E-001,+6.42176534131E-001,+3.59353713484E-001,+1.63516518906E-001,+3.59881971015E-001,+1.63348776050E-001,-2.88230140916E-002,+8.70539918558E-001,
12.9e6,caps hf ps1 3 0 4 63,-6.01735403091E-001,+6.42220252833E-001,+3.59479840140E-001,+1.59089123589E-001,+3.60099179796E-001,+1.59362903040E-001,-1.05365428015E-002,+8.71436336655E-001,
12.9e6,caps hf ps1 3 0 5 0,-6.01765276350E-001,+6.42818613525E-001,+3.59016360791E-001,+1.58451484108E-001,+3.60161021595E-001,+1.58270248093E-001,-7.99109201233E-003,+8.72223690308E-001,
12.9e6,caps hf ps1 3 0 5 15,-6.03037319343E-001,+6.43003630192E-001,+3.59711193062E-001,+1.53745964816E-001,+3.59699903514E-001,+1.54413339543E-001,+9.68267410645E-003,+8.73784542965E-001,
12.9e6,caps hf ps1 3 0 5 16,-6.02589999137E-001,+6.42440618756E-001,+3.59305124744E-001,+1.52696248986E-001,+3.60069757608E-001,+1.53020549499E-001,+1.57307070862E-002,+8.74144729395E-001,
12.9e6,caps hf ps1 3 0 5 31,-6.04130456233E-001,+6.43551685678E-001,+3.59583763985E-001,+1.49152595803E-001,+3.59606802725E-001,+1.49084691987E-001,+3.24903370872E-002,+8.74160288439E-001,
12.9e6,caps hf ps1 3 0 5 32,-6.04119872889E-001,+6.43299185293E-001,+3.58114459297E-001,+1.47282600758E-001,+3.59091321632E-001,+1.47094493070E-001,+4.00785897384E-002,+8.73365124120E-001,
12.9e6,caps hf ps1 3 0 5 47,-6.05440501647E-001,+6.44116163535E-001,+3.58770326425E-001,+1.43038583660E-001,+3.58344626824E-001,+1.43184674637E-001,+5.71319921520E-002,+8.73866033062E-001,
12.9e6,caps hf ps1 3 0 5 48,-6.05799033663E-001,+6.43936441695E-001,+3.58541398033E-001,+1.42076454413E-001,+3.58587205366E-001,+1.42175178555E-001,+6.12111739835E-002,+8.74383835256E-001,
12.9e6,caps hf ps1 3 0 5 63,-6.07011388999E-001,+6.43514846373E-001,+3.57751286534E-001,+1.38116058289E-001,+3.57746323202E-001,+1.38544965535E-001,+7.63783143568E-002,+8.73777885408E-001,
12.9e6,caps hf ps1 3 0 6 0,-6.06095542928E-001,+6.43567845139E-001,+3.58347162419E-001,+1.38604657420E-001,+3.58438019348E-001,+1.38816488578E-001,+7.42683502578E-002,+8.75180340253E-001,
12.9e6,caps hf ps1 3 0 6 15,-6.06970845736E-001,+6.43873153417E-001,+3.57329096001E-001,+1.35220644543E-001,+3.58032411536E-001,+1.35668552102E-001,+8.91646111374E-002,+8.74145812366E-001,
12.9e6,caps hf ps1 3 0 6 16,-6.07494038195E-001,+6.44729729287E-001,+3.57351311100E-001,+1.34416663118E-001,+3.58124016351E-001,+1.34440587443E-001,+9.40947810996E-002,+8.73974160302E-001,
12.9e6,caps hf ps1 3 0 6 31,-6.08100837884E-001,+6.43849716956E-001,+3.57084324876E-001,+1.31550537587E-001,+3.56849478176E-001,+1.30954823507E-001,+1.07645427347E-001,+8.72487219050E-001,
12.9e6,caps hf ps1 3 0 6 32,-6.08605663571E-001,+6.43910497779E-001,+3.57240758494E-001,+1.30142787412E-001,+3.57098620324E-001,+1.29523322471E-001,+1.15174924994E-001,+8.72606589899E-001,
12.9e6,caps hf ps1 3 0 6 47,-6.09182780464E-001,+6.44449545313E-001,+3.55894002677E-001,+1.26465550465E-001,+3.56149804680E-001,+1.26582067556E-001,+1.28534472889E-001,+8.70683624999E-001,
12.9e6,caps hf ps1 3 0 6 48,-6.09475835464E-001,+6.44623548312E-001,+3.56137785451E-001,+1.25832068199E-001,+3.55879831342E-001,+1.25229754077E-001,+1.32443856510E-001,+8.71422286017E-001,
12.9e6,caps hf ps1 3 0 6 63,-6.10049538395E-001,+6.44988696656E-001,+3.54873257943E-001,+1.21759147734E-001,+3.55252273114E-001,+1.22298902520E-001,+1.45658754009E-001,+8.69481046431E-001,
12.9e6,caps hf ps1 3 15 0 0,-5.52896243387E-001,+6.72556522738E-001,+2.84862264231E-001,+3.06112034555E-001,+2.85475399164E-001,+3.06031731913E-001,-6.75625367674E-001,+5.25726699227E-001,
12.9e6,caps hf ps1 3 15 0 15,-5.54692095551E-001,+6.70888926791E-001,+2.91618755220E-001,+2.98640250676E-001,+2.91491969879E-001,+2.98815678568E-001,-6.46452362981E-001,+5.59745079257E-001,
12.9e6,caps hf ps1 3 15 0 16,-5.54506681357E-001,+6.70523158210E-001,+2.94363681075E-001,+2.96266646008E-001,+2.93685054065E-001,+2.97007670244E-001,-6.38924582379E-001,+5.69745363580E-001,
12.9e6,caps hf ps1 3 15 0 31,-5.56778560319E-001,+6.69335541900E-001,+3.00447400266E-001,+2.88936046748E-001,+2.99689249480E-001,+2.90003542697E-001,-6.09643227596E-001,+6.00684891245E-001,
12.9e6,caps hf ps1 3 15 0 32,-5.58106408990E-001,+6.68864615558E-001,+3.03182064192E-001,+2.85497578908E-001,+3.03227596527E-001,+2.85919990900E-001,-5.94232049577E-001,+6.15543640813E-001,
12.9e6,caps hf ps1 3 15 0 47,-5.59313694478E-001,+6.68147000949E-001,+3.08153099635E-001,+2.77902759501E-001,+3.08024074322E-001,+2.78766187290E-001,-5.64819706866E-001,+6.43531476832E-001,
12.9e6,caps hf ps1 3 15 0 48,-5.59427711469E-001,+6.67632074244E-001,+3.09753227738E-001,+2.75776642343E-001,+3.09911281725E-001,+2.76753675936E-001,-5.56707152274E-001,+6.51572671262E-001,
12.9e6,caps hf ps1 3 15 0 63,-5.61094612928E-001,+6.66842176360E-001,+3.14309140418E-001,+2.68867568866E-001,+3.14523916806E-001,+2.68777539107E-001,-5.26115805226E-001,+6.75569788642E-001,
12.9e6,caps hf ps1 3 15 1 0,-5.62630384608E-001,+6.66720573860E-001,+3.16060536088E-001,+2.66593434281E-001,+3.16456792980E-001,+2.67386871899E-001,-5.18848341075E-001,+6.83699792505E-001,
12.9e6,caps hf ps1 3 15 1 15,-5.64227413242E-001,+6.65241452777E-001,+3.19765024555E-001,+2.59739154494E-001,+3.20256073980E-001,+2.60267943180E-001,-4.89172786340E-001,+7.06258891342E-001,
12.9e6,caps hf ps1 3 15 1 16,-5.64182067096E-001,+6.65727776129E-001,+3.21430153061E-001,+2.57181893438E-001,+3.21258649370E-001,+2.57397468253E-001,-4.80004843071E-001,+7.12372981538E-001,
12.9e6,caps hf ps1 3 15 1 31,-5.66601440530E-001,+6.64537739239E-001,+3.24969715031E-001,+2.50279356152E-001,+3.25497974164E-001,+2.50648030996E-001,-4.50571052772E-001,+7.32603507197E-001,
12.9e6,caps hf ps1 3 15 1 32,-5.67310375382E-001,+6.64492807924E-001,+3.26706067649E-001,+2.46642442429E-001,+3.26912139153E-001,+2.46940870971E-001,-4.36362975279E-001,+7.41560092961E-001,
12.9e6,caps hf ps1 3 15 1 47,-5.68872547538E-001,+6.64178589070E-001,+3.30073911008E-001,+2.39886472939E-001,+3.30240576695E-001,+2.40491541498E-001,-4.06849574582E-001,+7.59259331274E-001,
12.9e6,caps hf ps1 3 15 1 48,-5.69280414881E-001,+6.64370791984E-001,+3.30915078074E-001,+2.37831828033E-001,+3.30998876520E-001,+2.38561490632E-001,-3.99268765502E-001,+7.63972305855E-001,
12.9e6,caps hf ps1 3 15 1 63,-5.71031888552E-001,+6.64570684779E-001,+3.33143486474E-001,+2.31351918647E-001,+3.33065322684E-001,+2.31222188785E-001,-3.69889714301E-001,+7.77556266460E-001,
12.9e6,caps hf ps1 3 15 2 0,-5.72186902284E-001,+6.64119791134E-001,+3.34724936930E-001,+2.28352939248E-001,+3.34735300029E-001,+2.28542388538E-001,-3.58717842727E-001,+7.85252453958E-001,
12.9e6,caps hf ps1 3 15 2 15,-5.73325131035E-001,+6.63711073998E-001,+3.36781200803E-001,+2.22110280813E-001,+3.36803549216E-001,+2.22184032965E-001,-3.30473065953E-001,+7.98348058084E-001,
12.9e6,caps hf ps1 3 15 2 16,-5.74167768343E-001,+6.62971036790E-001,+3.37293793557E-001,+2.19538838069E-001,+3.38282905966E-001,+2.19813226217E-001,-3.22825499021E-001,+8.03168672721E-001,
12.9e6,caps hf ps1 3 15 2 31,-5.74908971721E-001,+6.63536749107E-001,+3.39289437492E-001,+2.13422107283E-001,+3.39489442645E-001,+2.13857650080E-001,-2.95914087568E-001,+8.13469361830E-001,
12.9e6,caps hf ps1 3 15 2 32,-5.75883195895E-001,+6.63259418957E-001,+3.40063599930E-001,+2.09799137688E-001,+3.40165839267E-001,+2.10762139748E-001,-2.82691167400E-001,+8.18599473458E-001,
12.9e6,caps hf ps1 3 15 2 47,-5.77153308891E-001,+6.63231241643E-001,+3.41112651372E-001,+2.03993794816E-001,+3.41410850774E-001,+2.04699963666E-001,-2.56659163655E-001,+8.27478281980E-001,
12.9e6,caps hf ps1 3 15 2 48,-5.77869616504E-001,+6.63308813854E-001,+3.41684775766E-001,+2.02657178400E-001,+3.42267477685E-001,+2.02901801464E-001,-2.48981505979E-001,+8.31031031611E-001,
12.9e6,caps hf ps1 3 15 2 63,-5.78396883734E-001,+6.62911719745E-001,+3.42504052388E-001,+1.96585673838E-001,+3.43385692503E-001,+1.97075193727E-001,-2.24338670278E-001,+8.39046649159E-001,
12.9e6,caps hf ps1 3 15 3 0,-5.80039573524E-001,+6.62756971557E-001,+3.43731163812E-001,+1.94210286624E-001,+3.43861155274E-001,+1.94141544269E-001,-2.14373708819E-001,+8.42464499232E-001,
12.9e6,caps hf ps1 3 15 3 15,-5.80615970394E-001,+6.62739436425E-001,+3.44496366200E-001,+1.88594997400E-001,+3.44533453763E-001,+1.88723494845E-001,-1.90652176662E-001,+8.49295665898E-001,
12.9e6,caps hf ps1 3 15 3 16,-5.80968889418E-001,+6.62708399920E-001,+3.44435001385E-001,+1.87130076621E-001,+3.44860399555E-001,+1.87038211585E-001,-1.82866966668E-001,+8.51422717068E-001,
12.9e6,caps hf ps1 3 15 3 31,-5.82684315318E-001,+6.63336523336E-001,+3.45586150841E-001,+1.81604902449E-001,+3.45096043963E-001,+1.81719184991E-001,-1.59668284331E-001,+8.57462888699E-001,
12.9e6,caps hf ps1 3 15 3 32,-5.82689308189E-001,+6.62933847341E-001,+3.45475878060E-001,+1.78909470000E-001,+3.45429725047E-001,+1.79263961027E-001,-1.48294771478E-001,+8.59372968011E-001,
12.9e6,caps hf ps1 3 15 3 47,-5.84174362304E-001,+6.63143005027E-001,+3.45822716277E-001,+1.74090345985E-001,+3.46003604517E-001,+1.74270363317E-001,-1.25453374198E-001,+8.63548384584E-001,
12.9e6,caps hf ps1 3 15 3 48,-5.84082124897E-001,+6.63505477206E-001,+3.46482978979E-001,+1.72287381727E-001,+3.46249258731E-001,+1.72727088414E-001,-1.19775366453E-001,+8.65220357977E-001,
12.9e6,caps hf ps1 3 15 3 63,-5.85536653896E-001,+6.63551655504E-001,+3.46364471836E-001,+1.67427342981E-001,+3.46065544170E-001,+1.67758190457E-001,-9.76660921755E-002,+8.68077578107E-001,
12.9e6,caps hf ps1 3 15 4 0,-5.85511694048E-001,+6.63245036441E-001,+3.46513598256E-001,+1.66960309630E-001,+3.46434066180E-001,+1.66983200257E-001,-9.61210165128E-002,+8.70067294101E-001,
12.9e6,caps hf ps1 3 15 4 15,-5.87079113569E-001,+6.63105369274E-001,+3.46278166478E-001,+1.62270717765E-001,+3.46648684844E-001,+1.62345472691E-001,-7.51774662842E-002,+8.73003532829E-001,
12.9e6,caps hf ps1 3 15 4 16,-5.87179927459E-001,+6.63388726432E-001,+3.46473030264E-001,+1.60942528301E-001,+3.46974954476E-001,+1.60893495815E-001,-6.84172597588E-002,+8.73860604288E-001,
12.9e6,caps hf ps1 3 15 4 31,-5.87236304682E-001,+6.62877290495E-001,+3.46202246730E-001,+1.56633111021E-001,+3.46960392599E-001,+1.56473529939E-001,-4.86915328456E-002,+8.76395949945E-001,
12.9e6,caps hf ps1 3 15 4 32,-5.88195066691E-001,+6.63770187878E-001,+3.46913981273E-001,+1.54401527520E-001,+3.47145501454E-001,+1.53998899592E-001,-3.89023483551E-002,+8.77173367922E-001,
12.9e6,caps hf ps1 3 15 4 47,-5.89054233316E-001,+6.63231172772E-001,+3.46389035005E-001,+1.49824265787E-001,+3.47134496942E-001,+1.49891935767E-001,-2.00239079031E-002,+8.78644857779E-001,
12.9e6,caps hf ps1 3 15 4 48,-5.89674033773E-001,+6.63973259570E-001,+3.46583312229E-001,+1.48641601620E-001,+3.46315915945E-001,+1.48793539939E-001,-1.48002113183E-002,+8.78623728273E-001,
12.9e6,caps hf ps1 3 15 4 63,-5.90481481423E-001,+6.63884050621E-001,+3.46117179212E-001,+1.44469217803E-001,+3.46472832801E-001,+1.45064578166E-001,+3.60360976122E-003,+8.80843049140E-001,
12.9e6,caps hf ps1 3 15 5 0,-5.90696426289E-001,+6.63826869865E-001,+3.45460347997E-001,+1.43605064598E-001,+3.46286084167E-001,+1.44146218364E-001,+6.02300721576E-003,+8.81477510045E-001,
12.9e6,caps hf ps1 3 15 5 15,-5.91689014464E-001,+6.64073586184E-001,+3.45485454839E-001,+1.39841849729E-001,+3.46327758218E-001,+1.39537809321E-001,+2.44390241585E-002,+8.82011809865E-001,
12.9e6,caps hf ps1 3 15 5 16,-5.92664839243E-001,+6.63999807082E-001,+3.45745634925E-001,+1.38502269068E-001,+3.45670608586E-001,+1.38983284342E-001,+2.89709287789E-002,+8.81428946266E-001,
12.9e6,caps hf ps1 3 15 5 31,-5.93234606492E-001,+6.64372321886E-001,+3.45876108571E-001,+1.34970372676E-001,+3.44795747850E-001,+1.34566033711E-001,+4.70473797625E-002,+8.81440958112E-001,
12.9e6,caps hf ps1 3 15 5 32,-5.92922671024E-001,+6.63994843388E-001,+3.44808437182E-001,+1.33142246660E-001,+3.45044965545E-001,+1.33194657400E-001,+5.44681764480E-002,+8.82086275908E-001,
12.9e6,caps hf ps1 3 15 5 47,-5.93404053293E-001,+6.65263498600E-001,+3.44509017218E-001,+1.29011578308E-001,+3.44737171124E-001,+1.28833845446E-001,+7.10980331944E-002,+8.81887847242E-001,
12.9e6,caps hf ps1 3 15 5 48,-5.94418015882E-001,+6.64653974959E-001,+3.44458574011E-001,+1.27954658856E-001,+3.44816309358E-001,+1.28423575847E-001,+7.52120949542E-002,+8.81039324490E-001,
12.9e6,caps hf ps1 3 15 5 63,-5.96233919433E-001,+6.65397060616E-001,+3.44187115945E-001,+1.24614237177E-001,+3.44387387365E-001,+1.24398816532E-001,+9.10292107974E-002,+8.81403442505E-001,
12.9e6,caps hf ps1 3 15 6 0,-5.94668267198E-001,+6.65082289821E-001,+3.44108059619E-001,+1.25094446471E-001,+3.43832943684E-001,+1.25058203330E-001,+8.89543181586E-002,+8.81539545750E-001,
12.9e6,caps hf ps1 3 15 6 15,-5.95485773852E-001,+6.64643428378E-001,+3.42967819856E-001,+1.22614539921E-001,+3.43360917922E-001,+1.21795083666E-001,+1.04339270248E-001,+8.79479510110E-001,
12.9e6,caps hf ps1 3 15 6 16,-5.95280575822E-001,+6.65260517028E-001,+3.43573219675E-001,+1.21028336545E-001,+3.43367277820E-001,+1.20758736297E-001,+1.08809118747E-001,+8.79676231076E-001,
12.9e6,caps hf ps1 3 15 6 31,-5.96765791221E-001,+6.65298372083E-001,+3.42529977045E-001,+1.17747037019E-001,+3.43140359251E-001,+1.17803563117E-001,+1.22316263912E-001,+8.79226006734E-001,
12.9e6,caps hf ps1 3 15 6 32,-5.96844617388E-001,+6.65958967847E-001,+3.42378600043E-001,+1.16258942876E-001,+3.42534921467E-001,+1.15759359385E-001,+1.30233947157E-001,+8.77963554930E-001,
12.9e6,caps hf ps1 3 15 6 47,-5.97254006363E-001,+6.66080670287E-001,+3.41321814732E-001,+1.12868886932E-001,+3.41702253991E-001,+1.12618035933E-001,+1.43992074215E-001,+8.77906378013E-001,
12.9e6,caps hf ps1 3 15 6 48,-5.97266860377E-001,+6.66011634585E-001,+3.41269889632E-001,+1.12434924105E-001,+3.41383545604E-001,+1.12501504627E-001,+1.46840615181E-001,+8.76898530568E-001,
12.9e6,caps hf ps1 3 15 6 63,-5.98718887410E-001,+6.65996109707E-001,+3.40857337180E-001,+1.09491665070E-001,+3.40884366283E-001,+1.09449294257E-001,+1.61006883185E-001,+8.75291187261E-001,
12.9e6,caps hf ps1 3 16 0 0,-5.52538954028E-001,+6.72196028161E-001,+2.85302076572E-001,+3.06012659645E-001,+2.85182972367E-001,+3.06242045017E-001,-6.74819695702E-001,+5.24983745268E-001,
12.9e6,caps hf ps1 3 16 0 15,-5.55241692686E-001,+6.70537774617E-001,+2.91571609671E-001,+2.98812764603E-001,+2.91969703080E-001,+2.98997332897E-001,-6.46386068023E-001,+5.59298948878E-001,
12.9e6,caps hf ps1 3 16 0 16,-5.54966700677E-001,+6.70739881220E-001,+2.94264290083E-001,+2.96661530332E-001,+2.93923652751E-001,+2.96980064347E-001,-6.38392375662E-001,+5.69646629548E-001,
12.9e6,caps hf ps1 3 16 0 31,-5.56452574277E-001,+6.69888489370E-001,+2.99885318083E-001,+2.88886294261E-001,+2.99821608696E-001,+2.90063978659E-001,-6.10406829969E-001,+6.00828423144E-001,
12.9e6,caps hf ps1 3 16 0 32,-5.57251606464E-001,+6.68981670067E-001,+3.03161782062E-001,+2.86011725937E-001,+3.02911108807E-001,+2.86110738920E-001,-5.95359008864E-001,+6.15352963332E-001,
12.9e6,caps hf ps1 3 16 0 47,-5.59713247914E-001,+6.68493159532E-001,+3.08440090402E-001,+2.78731760997E-001,+3.08617562490E-001,+2.78643392496E-001,-5.65845188288E-001,+6.43924442559E-001,
12.9e6,caps hf ps1 3 16 0 48,-5.60428361673E-001,+6.68155922496E-001,+3.10482041679E-001,+2.76459431562E-001,+3.10041390690E-001,+2.76697192343E-001,-5.56767609897E-001,+6.51594426241E-001,
12.9e6,caps hf ps1 3 16 0 63,-5.61700604264E-001,+6.67440857295E-001,+3.14786703813E-001,+2.69180664577E-001,+3.14773144533E-001,+2.69626575573E-001,-5.27096205276E-001,+6.75607528307E-001,
12.9e6,caps hf ps1 3 16 1 0,-5.61882275782E-001,+6.66769927139E-001,+3.16124962711E-001,+2.66390959604E-001,+3.16342238685E-001,+2.66642016075E-001,-5.18755120770E-001,+6.83580705773E-001,
12.9e6,caps hf ps1 3 16 1 15,-5.63947996731E-001,+6.66455813164E-001,+3.20310267139E-001,+2.59030299109E-001,+3.20373617581E-001,+2.59769551957E-001,-4.88533217309E-001,+7.05867205793E-001,
12.9e6,caps hf ps1 3 16 1 16,-5.64692276734E-001,+6.65277527773E-001,+3.21362455987E-001,+2.57554110897E-001,+3.22378737310E-001,+2.57888686250E-001,-4.79968094219E-001,+7.13139189857E-001,
12.9e6,caps hf ps1 3 16 1 31,-5.66037173138E-001,+6.64676457297E-001,+3.25279376071E-001,+2.50287881836E-001,+3.25530498003E-001,+2.50653277329E-001,-4.50720246644E-001,+7.32684280694E-001,
12.9e6,caps hf ps1 3 16 1 32,-5.68381048871E-001,+6.65351474447E-001,+3.27140634810E-001,+2.47097316434E-001,+3.27589934020E-001,+2.46849097730E-001,-4.35980159721E-001,+7.42465863991E-001,
12.9e6,caps hf ps1 3 16 1 47,-5.69083553700E-001,+6.65044370292E-001,+3.29993527252E-001,+2.39925517545E-001,+3.29874539538E-001,+2.40019760984E-001,-4.07511503182E-001,+7.59284328692E-001,
12.9e6,caps hf ps1 3 16 1 48,-5.68620220630E-001,+6.64160631679E-001,+3.30775866248E-001,+2.37412444820E-001,+3.31461487144E-001,+2.37874803738E-001,-3.97958932868E-001,+7.63841095652E-001,
12.9e6,caps hf ps1 3 16 1 63,-5.70880427343E-001,+6.64532729847E-001,+3.34192733217E-001,+2.31302418515E-001,+3.33775013207E-001,+2.31729092513E-001,-3.70998710593E-001,+7.78536495513E-001,
12.9e6,caps hf ps1 3 16 2 0,-5.71142406108E-001,+6.63918378563E-001,+3.33795979553E-001,+2.28089674477E-001,+3.34080860910E-001,+2.28702129625E-001,-3.58199253585E-001,+7.83491588248E-001,
12.9e6,caps hf ps1 3 16 2 15,-5.73286948179E-001,+6.63732985095E-001,+3.37088695565E-001,+2.21664517168E-001,+3.36823066132E-001,+2.22041903610E-001,-3.31161969275E-001,+7.97939287292E-001,
12.9e6,caps hf ps1 3 16 2 16,-5.73893117739E-001,+6.63163163354E-001,+3.37502135605E-001,+2.19559645214E-001,+3.37778278364E-001,+2.19745702459E-001,-3.23438681006E-001,+8.02330654204E-001,
12.9e6,caps hf ps1 3 16 2 31,-5.75124075040E-001,+6.62928929246E-001,+3.39167294982E-001,+2.13555248230E-001,+3.39523950810E-001,+2.13927176129E-001,-2.96258725310E-001,+8.13701756610E-001,
12.9e6,caps hf ps1 3 16 2 32,-5.75176977295E-001,+6.63746703811E-001,+3.39882631108E-001,+2.10233376369E-001,+3.40196524125E-001,+2.10190006460E-001,-2.82683322374E-001,+8.19009129959E-001,
12.9e6,caps hf ps1 3 16 2 47,-5.77910202225E-001,+6.63503321745E-001,+3.41656023573E-001,+2.03977294565E-001,+3.41893196008E-001,+2.04156973935E-001,-2.56340958385E-001,+8.28502102103E-001,
12.9e6,caps hf ps1 3 16 2 48,-5.77834821986E-001,+6.62401460783E-001,+3.42270195003E-001,+2.02782796464E-001,+3.42438531806E-001,+2.02768544956E-001,-2.49803095615E-001,+8.31566522043E-001,
12.9e6,caps hf ps1 3 16 2 63,-5.78357945070E-001,+6.63457900123E-001,+3.43148455714E-001,+1.96967853552E-001,+3.43351983655E-001,+1.97349313054E-001,-2.24536965555E-001,+8.38222783003E-001,
12.9e6,caps hf ps1 3 16 3 0,-5.79811063509E-001,+6.62928384736E-001,+3.43672780585E-001,+1.94328477781E-001,+3.44079274900E-001,+1.94506023081E-001,-2.14928985539E-001,+8.42585548858E-001,
12.9e6,caps hf ps1 3 16 3 15,-5.80923329350E-001,+6.64008627031E-001,+3.44378271642E-001,+1.88618840630E-001,+3.44559163135E-001,+1.88720882120E-001,-1.90822743048E-001,+8.49219880075E-001,
12.9e6,caps hf ps1 3 16 3 16,-5.81426393306E-001,+6.63440039282E-001,+3.44850950056E-001,+1.86807549906E-001,+3.44833989406E-001,+1.87428853324E-001,-1.83012338633E-001,+8.51311033223E-001,
12.9e6,caps hf ps1 3 16 3 31,-5.81948302374E-001,+6.63294044965E-001,+3.45549258346E-001,+1.82035453880E-001,+3.45830961549E-001,+1.82179303407E-001,-1.60596029202E-001,+8.57169800911E-001,
12.9e6,caps hf ps1 3 16 3 32,-5.82740752939E-001,+6.62938974666E-001,+3.45601099352E-001,+1.79026225229E-001,+3.46038022639E-001,+1.79320630378E-001,-1.48296962354E-001,+8.59596779991E-001,
12.9e6,caps hf ps1 3 16 3 47,-5.84761268195E-001,+6.63423607787E-001,+3.45876167551E-001,+1.73809947497E-001,+3.46534472818E-001,+1.74002904605E-001,-1.25918365575E-001,+8.64340571645E-001,
12.9e6,caps hf ps1 3 16 3 48,-5.85295566929E-001,+6.63401415446E-001,+3.46234868758E-001,+1.72557544565E-001,+3.46529367129E-001,+1.72628499113E-001,-1.19373008899E-001,+8.66532804926E-001,
12.9e6,caps hf ps1 3 16 3 63,-5.85660453595E-001,+6.63313783363E-001,+3.45891140932E-001,+1.67341911115E-001,+3.46690894777E-001,+1.67606369352E-001,-9.86186291286E-002,+8.69628415853E-001,
12.9e6,caps hf ps1 3 16 4 0,-5.85213113866E-001,+6.63726213494E-001,+3.46262670739E-001,+1.66872337264E-001,+3.46695272022E-001,+1.66933870626E-001,-9.59698112100E-002,+8.69828785809E-001,
12.9e6,caps hf ps1 3 16 4 15,-5.86198942688E-001,+6.63596542378E-001,+3.46321649090E-001,+1.62047042909E-001,+3.47123628673E-001,+1.62320760350E-001,-7.48833289947E-002,+8.73707186579E-001,
12.9e6,caps hf ps1 3 16 4 16,-5.86363143431E-001,+6.63089680129E-001,+3.46517588293E-001,+1.61015374040E-001,+3.47094794508E-001,+1.60871353367E-001,-6.91597122020E-002,+8.74200133667E-001,
12.9e6,caps hf ps1 3 16 4 31,-5.88223178318E-001,+6.63593709842E-001,+3.46635116846E-001,+1.56116097113E-001,+3.46969902123E-001,+1.56602591099E-001,-4.89094871075E-002,+8.75613728729E-001,
12.9e6,caps hf ps1 3 16 4 32,-5.88281465243E-001,+6.64103382006E-001,+3.46575935146E-001,+1.54342542401E-001,+3.47364720669E-001,+1.54321486396E-001,-3.94343011481E-002,+8.77592169930E-001,
12.9e6,caps hf ps1 3 16 4 47,-5.89654316373E-001,+6.63625876911E-001,+3.46505810421E-001,+1.50033616532E-001,+3.46507430920E-001,+1.49919688719E-001,-2.02051201018E-002,+8.78045062964E-001,
12.9e6,caps hf ps1 3 16 4 48,-5.89937339380E-001,+6.64022350088E-001,+3.46478172339E-001,+1.48310687619E-001,+3.46437446672E-001,+1.48992325786E-001,-1.46921335407E-002,+8.79021161556E-001,
12.9e6,caps hf ps1 3 16 4 63,-5.90316720058E-001,+6.64056363194E-001,+3.46082148519E-001,+1.44271815291E-001,+3.46827686922E-001,+1.44347515478E-001,+4.01019399307E-003,+8.80113346886E-001,
12.9e6,caps hf ps1 3 16 5 0,-5.90395468116E-001,+6.63777375130E-001,+3.45944585784E-001,+1.43951389347E-001,+3.46326953169E-001,+1.43659627261E-001,+7.07426489780E-003,+8.81089628778E-001,
12.9e6,caps hf ps1 3 16 5 15,-5.92143084224E-001,+6.64145273926E-001,+3.45803401285E-001,+1.40072770862E-001,+3.45917181793E-001,+1.39607420211E-001,+2.42859086354E-002,+8.81492012273E-001,
12.9e6,caps hf ps1 3 16 5 16,-5.91387520847E-001,+6.64697169208E-001,+3.45696663678E-001,+1.38453601237E-001,+3.46217866443E-001,+1.38550912848E-001,+2.94191035591E-002,+8.81941087006E-001,
12.9e6,caps hf ps1 3 16 5 31,-5.92285844093E-001,+6.64310054936E-001,+3.45513544243E-001,+1.34713771977E-001,+3.45675131941E-001,+1.34340179238E-001,+4.64231335788E-002,+8.82651582422E-001,
12.9e6,caps hf ps1 3 16 5 32,-5.93952726630E-001,+6.64743175338E-001,+3.45033061987E-001,+1.32886716361E-001,+3.45518632177E-001,+1.33289052983E-001,+5.40490298701E-002,+8.81349073085E-001,
12.9e6,caps hf ps1 3 16 5 47,-5.94465263589E-001,+6.64920227193E-001,+3.44645660400E-001,+1.29248626494E-001,+3.44677610118E-001,+1.28905556748E-001,+7.13472693168E-002,+8.81367297660E-001,
12.9e6,caps hf ps1 3 16 5 48,-5.94510644610E-001,+6.64763074019E-001,+3.44589621531E-001,+1.28508333563E-001,+3.44498477357E-001,+1.28655875122E-001,+7.50477489860E-002,+8.81467481793E-001,
12.9e6,caps hf ps1 3 16 5 63,-5.94485449655E-001,+6.64725810623E-001,+3.43605612074E-001,+1.24746476252E-001,+3.44587398947E-001,+1.25393228259E-001,+9.05306613045E-002,+8.81148280673E-001,
12.9e6,caps hf ps1 3 16 6 0,-5.94765901996E-001,+6.65109525304E-001,+3.43538816586E-001,+1.25433412272E-001,+3.44437197913E-001,+1.24803733086E-001,+8.88459337567E-002,+8.82401935159E-001,
12.9e6,caps hf ps1 3 16 6 15,-5.95704561504E-001,+6.65571841690E-001,+3.43308944966E-001,+1.21783654231E-001,+3.43543970357E-001,+1.21476463780E-001,+1.04553153764E-001,+8.81297954772E-001,
12.9e6,caps hf ps1 3 16 6 16,-5.96434313167E-001,+6.65040616815E-001,+3.43355550207E-001,+1.20685120343E-001,+3.43564413922E-001,+1.21360316761E-001,+1.07809140863E-001,+8.80488907503E-001,
12.9e6,caps hf ps1 3 16 6 31,-5.96723752270E-001,+6.65432593050E-001,+3.43099324227E-001,+1.17759717549E-001,+3.43066550626E-001,+1.17560678599E-001,+1.23299839052E-001,+8.79204094912E-001,
12.9e6,caps hf ps1 3 16 6 32,-5.96900838201E-001,+6.66153859269E-001,+3.42280520212E-001,+1.16665035427E-001,+3.42657823655E-001,+1.16451772032E-001,+1.29651810150E-001,+8.78497120067E-001,
12.9e6,caps hf ps1 3 16 6 47,-5.97045684948E-001,+6.66124830809E-001,+3.41350667489E-001,+1.13457785435E-001,+3.42125092500E-001,+1.13148309063E-001,+1.43556865259E-001,+8.77910005939E-001,
12.9e6,caps hf ps1 3 16 6 48,-5.98930633398E-001,+6.66810071671E-001,+3.42069582603E-001,+1.12205173613E-001,+3.42138642536E-001,+1.12170479636E-001,+1.47028969163E-001,+8.77646848716E-001,
12.9e6,caps hf ps1 3 16 6 63,-5.98302106275E-001,+6.66557207852E-001,+3.41017845928E-001,+1.09306238057E-001,+3.40601186887E-001,+1.09332357580E-001,+1.59984947846E-001,+8.74889664275E-001,
12.9e6,caps hf ps1 3 31 0 0,-5.44550443572E-001,+6.89017764866E-001,+2.78657078455E-001,+2.88140557587E-001,+2.78951448959E-001,+2.88588949494E-001,-6.70626313414E-001,+5.43290259402E-001,
12.9e6,caps hf ps1 3 31 0 15,-5.45383660812E-001,+6.88120346920E-001,+2.85487755325E-001,+2.80694281221E-001,+2.85291492436E-001,+2.81522404591E-001,-6.41996830751E-001,+5.77284416766E-001,
12.9e6,caps hf ps1 3 31 0 16,-5.47026640861E-001,+6.87009986892E-001,+2.87163805360E-001,+2.78690396257E-001,+2.87502897449E-001,+2.79341234636E-001,-6.33273431457E-001,+5.87676740337E-001,
12.9e6,caps hf ps1 3 31 0 31,-5.48143172553E-001,+6.86783820614E-001,+2.92554999006E-001,+2.71672417164E-001,+2.93368601788E-001,+2.72507554355E-001,-6.02753480982E-001,+6.18726325725E-001,
12.9e6,caps hf ps1 3 31 0 32,-5.49569120151E-001,+6.86086078329E-001,+2.95648122284E-001,+2.67830084249E-001,+2.95835468996E-001,+2.68711849126E-001,-5.88749532018E-001,+6.33337320639E-001,
12.9e6,caps hf ps1 3 31 0 47,-5.50984193889E-001,+6.85492037831E-001,+3.01247808491E-001,+2.60604022478E-001,+3.00387912163E-001,+2.61548247796E-001,-5.58546310344E-001,+6.60580150491E-001,
12.9e6,caps hf ps1 3 31 0 48,-5.51885149843E-001,+6.85577281274E-001,+3.01728138289E-001,+2.59156789821E-001,+3.02529163113E-001,+2.59390785499E-001,-5.50216548076E-001,+6.68771586072E-001,
12.9e6,caps hf ps1 3 31 0 63,-5.53622924986E-001,+6.84861530752E-001,+3.05792247100E-001,+2.52042745326E-001,+3.06673795155E-001,+2.52439438827E-001,-5.18923315852E-001,+6.92417597996E-001,
12.9e6,caps hf ps1 3 31 1 0,-5.53410022332E-001,+6.83532382040E-001,+3.07455478255E-001,+2.49234677913E-001,+3.08188614975E-001,+2.49950429561E-001,-5.10405080603E-001,+7.00304638151E-001,
12.9e6,caps hf ps1 3 31 1 15,-5.55505892932E-001,+6.83922610748E-001,+3.11581805566E-001,+2.42468758669E-001,+3.12109325463E-001,+2.43029193669E-001,-4.80446364435E-001,+7.22225030578E-001,
12.9e6,caps hf ps1 3 31 1 16,-5.56099677824E-001,+6.83568840421E-001,+3.12879251187E-001,+2.40502629993E-001,+3.12904315210E-001,+2.40740175436E-001,-4.70915374094E-001,+7.28237539438E-001,
12.9e6,caps hf ps1 3 31 1 31,-5.57678791352E-001,+6.83357070889E-001,+3.15941000624E-001,+2.33458083998E-001,+3.16034304415E-001,+2.33448331775E-001,-4.41551210684E-001,+7.47899322156E-001,
12.9e6,caps hf ps1 3 31 1 32,-5.58318055264E-001,+6.82248166540E-001,+3.17579164669E-001,+2.30049898791E-001,+3.18190679793E-001,+2.30114131016E-001,-4.26399430201E-001,+7.57300873578E-001,
12.9e6,caps hf ps1 3 31 1 47,-5.59975952297E-001,+6.82025548670E-001,+3.20461463102E-001,+2.23438626282E-001,+3.20565060727E-001,+2.23790031439E-001,-3.97420574089E-001,+7.73108843338E-001,
12.9e6,caps hf ps1 3 31 1 48,-5.60551421268E-001,+6.82065060750E-001,+3.21175043523E-001,+2.21007385765E-001,+3.21419046548E-001,+2.21620252299E-001,-3.88388160908E-001,+7.78576353928E-001,
12.9e6,caps hf ps1 3 31 1 63,-5.61298267823E-001,+6.82003449435E-001,+3.23567132439E-001,+2.14643523916E-001,+3.23128766097E-001,+2.14533952200E-001,-3.59363394073E-001,+7.92198858625E-001,
12.9e6,caps hf ps1 3 31 2 0,-5.62579626190E-001,+6.82683377636E-001,+3.24586858611E-001,+2.12180274601E-001,+3.24449423375E-001,+2.12150748287E-001,-3.47999184816E-001,+7.98760184936E-001,
12.9e6,caps hf ps1 3 31 2 15,-5.63957044352E-001,+6.81659533540E-001,+3.26478300213E-001,+2.05436691418E-001,+3.26850205929E-001,+2.05996180152E-001,-3.20280756954E-001,+8.12166654286E-001,
12.9e6,caps hf ps1 3 31 2 16,-5.64690090061E-001,+6.81973544607E-001,+3.26855092982E-001,+2.03847243587E-001,+3.27133225235E-001,+2.03903851387E-001,-3.11382863426E-001,+8.15444869700E-001,
12.9e6,caps hf ps1 3 31 2 31,-5.65121402238E-001,+6.82500370963E-001,+3.28289289458E-001,+1.97540432237E-001,+3.28899559599E-001,+1.98296622998E-001,-2.85081593056E-001,+8.26059800210E-001,
12.9e6,caps hf ps1 3 31 2 32,-5.66393019240E-001,+6.82295612175E-001,+3.29360838749E-001,+1.94588573011E-001,+3.29444784251E-001,+1.95184684855E-001,-2.71347634736E-001,+8.31311347199E-001,
12.9e6,caps hf ps1 3 31 2 47,-5.67428054176E-001,+6.81682568867E-001,+3.30517903490E-001,+1.88720932764E-001,+3.30901207994E-001,+1.89114252233E-001,-2.44439076148E-001,+8.40618286365E-001,
12.9e6,caps hf ps1 3 31 2 48,-5.68219528552E-001,+6.81104100258E-001,+3.30749093963E-001,+1.87338025853E-001,+3.31337318249E-001,+1.87254632264E-001,-2.37156741449E-001,+8.43654855223E-001,
12.9e6,caps hf ps1 3 31 2 63,-5.68355803912E-001,+6.81828945699E-001,+3.31598338115E-001,+1.81437097502E-001,+3.31788105597E-001,+1.81788021564E-001,-2.11729327173E-001,+8.49880905216E-001,
12.9e6,caps hf ps1 3 31 3 0,-5.69806077726E-001,+6.81624195833E-001,+3.31804675390E-001,+1.79493716108E-001,+3.32380164353E-001,+1.79340315911E-001,-2.02300494676E-001,+8.53502313738E-001,
12.9e6,caps hf ps1 3 31 3 15,-5.71113642622E-001,+6.82361536857E-001,+3.32299838651E-001,+1.73745339181E-001,+3.32873871578E-001,+1.74315901212E-001,-1.77674360241E-001,+8.58693076061E-001,
12.9e6,caps hf ps1 3 31 3 16,-5.70637336841E-001,+6.82605571541E-001,+3.32802000553E-001,+1.71939536889E-001,+3.33525279173E-001,+1.72447901529E-001,-1.70475672052E-001,+8.63006592076E-001,
12.9e6,caps hf ps1 3 31 3 31,-5.71782362182E-001,+6.82402093371E-001,+3.33481740491E-001,+1.67198899565E-001,+3.33290299978E-001,+1.67141099431E-001,-1.46038104337E-001,+8.65181089696E-001,
12.9e6,caps hf ps1 3 31 3 32,-5.72488740311E-001,+6.81851523855E-001,+3.33635504721E-001,+1.64522436357E-001,+3.34206927042E-001,+1.64754096895E-001,-1.35161183323E-001,+8.69749925373E-001,
12.9e6,caps hf ps1 3 31 3 47,-5.74289863862E-001,+6.82485958686E-001,+3.33816774520E-001,+1.59552398969E-001,+3.33606145343E-001,+1.59416184226E-001,-1.12747734667E-001,+8.73862335074E-001,
12.9e6,caps hf ps1 3 31 3 48,-5.74209180464E-001,+6.82426650602E-001,+3.34092709202E-001,+1.57918529574E-001,+3.34099805932E-001,+1.58401463372E-001,-1.05798063772E-001,+8.74738134956E-001,
12.9e6,caps hf ps1 3 31 3 63,-5.75543851133E-001,+6.82416002393E-001,+3.34590350108E-001,+1.53608570493E-001,+3.34621233058E-001,+1.54114780624E-001,-8.52335479780E-002,+8.78343957862E-001,
12.9e6,caps hf ps1 3 31 4 0,-5.75372145061E-001,+6.82981997838E-001,+3.34446272942E-001,+1.53134160267E-001,+3.34499592237E-001,+1.53277168509E-001,-8.33859462165E-002,+8.79458481422E-001,
12.9e6,caps hf ps1 3 31 4 15,-5.75724304917E-001,+6.82421503947E-001,+3.34311977935E-001,+1.47826459014E-001,+3.34344147994E-001,+1.48487742882E-001,-6.17222820592E-002,+8.81957318697E-001,
12.9e6,caps hf ps1 3 31 4 16,-5.76853082475E-001,+6.81855410474E-001,+3.34483735099E-001,+1.47490686543E-001,+3.34119952952E-001,+1.47151481910E-001,-5.58491516903E-002,+8.81798278354E-001,
12.9e6,caps hf ps1 3 31 4 31,-5.77234409377E-001,+6.82764919600E-001,+3.33877718807E-001,+1.42702896601E-001,+3.35084383241E-001,+1.42723325466E-001,-3.55820903850E-002,+8.85338897026E-001,
12.9e6,caps hf ps1 3 31 4 32,-5.77745900745E-001,+6.82637078548E-001,+3.33850772009E-001,+1.40600874138E-001,+3.34503028153E-001,+1.41297991778E-001,-2.65081552437E-002,+8.85743190644E-001,
12.9e6,caps hf ps1 3 31 4 47,-5.78843248636E-001,+6.82776712830E-001,+3.33921981919E-001,+1.36398964316E-001,+3.33968404402E-001,+1.36489724596E-001,-6.98136816821E-003,+8.86318476377E-001,
12.9e6,caps hf ps1 3 31 4 48,-5.79562828334E-001,+6.82616959072E-001,+3.33397093524E-001,+1.35193796845E-001,+3.33991664076E-001,+1.35547641158E-001,-1.38084497381E-003,+8.87522644611E-001,
12.9e6,caps hf ps1 3 31 4 63,-5.80062363552E-001,+6.83721864218E-001,+3.33346624602E-001,+1.30940982769E-001,+3.33435885842E-001,+1.31631691278E-001,+1.75400695495E-002,+8.88017807845E-001,
12.9e6,caps hf ps1 3 31 5 0,-5.80193922056E-001,+6.83591115450E-001,+3.33375340039E-001,+1.31012653387E-001,+3.33285227878E-001,+1.30607334370E-001,+2.03864148407E-002,+8.87952776311E-001,
12.9e6,caps hf ps1 3 31 5 15,-5.80847957926E-001,+6.83386651608E-001,+3.32694159921E-001,+1.26538109633E-001,+3.33248570638E-001,+1.27070421080E-001,+3.79112168326E-002,+8.88122292457E-001,
12.9e6,caps hf ps1 3 31 5 16,-5.80882292047E-001,+6.83413040247E-001,+3.32658892756E-001,+1.25561697928E-001,+3.33000310680E-001,+1.25819715134E-001,+4.28342802105E-002,+8.89305038568E-001,
12.9e6,caps hf ps1 3 31 5 31,-5.81625294519E-001,+6.82679595585E-001,+3.31987560446E-001,+1.22575122917E-001,+3.31953740580E-001,+1.22351831827E-001,+6.01002833603E-002,+8.87941514682E-001,
12.9e6,caps hf ps1 3 31 5 32,-5.82239913916E-001,+6.83768435993E-001,+3.31680499438E-001,+1.20091907844E-001,+3.32127312234E-001,+1.20715940136E-001,+6.79963584042E-002,+8.88271606019E-001,
12.9e6,caps hf ps1 3 31 5 47,-5.83452765796E-001,+6.84018252298E-001,+3.31655736713E-001,+1.17181267638E-001,+3.31373600494E-001,+1.17044100709E-001,+8.46314781506E-002,+8.87428472447E-001,
12.9e6,caps hf ps1 3 31 5 48,-5.82509169502E-001,+6.84195571960E-001,+3.31246298624E-001,+1.16153190620E-001,+3.31023075255E-001,+1.16005794202E-001,+8.95824660667E-002,+8.87097822996E-001,
12.9e6,caps hf ps1 3 31 5 63,-5.84427120078E-001,+6.84613986724E-001,+3.30754997835E-001,+1.12661678323E-001,+3.30489566642E-001,+1.12847877900E-001,+1.04348693034E-001,+8.86454111103E-001,
12.9e6,caps hf ps1 3 31 6 0,-5.84267767613E-001,+6.83642285935E-001,+3.30696240498E-001,+1.13608934889E-001,+3.31036000611E-001,+1.12995318564E-001,+1.01838443677E-001,+8.87058319703E-001,
12.9e6,caps hf ps1 3 31 6 15,-5.84688279829E-001,+6.84571449725E-001,+3.30168983040E-001,+1.10297015918E-001,+3.30579618012E-001,+1.09687964283E-001,+1.17909830025E-001,+8.86550881446E-001,
12.9e6,caps hf ps1 3 31 6 16,-5.84315322949E-001,+6.84429380720E-001,+3.29866005625E-001,+1.09089626117E-001,+3.30190383809E-001,+1.09255410750E-001,+1.21769715202E-001,+8.86332749262E-001,
12.9e6,caps hf ps1 3 31 6 31,-5.85149754977E-001,+6.85124209332E-001,+3.29307707704E-001,+1.06205703560E-001,+3.29422579678E-001,+1.06386636017E-001,+1.35499179453E-001,+8.84872790508E-001,
12.9e6,caps hf ps1 3 31 6 32,-5.84261725883E-001,+6.84982601948E-001,+3.28445053081E-001,+1.04912739268E-001,+3.29210868888E-001,+1.04964914712E-001,+1.42658133806E-001,+8.83422593366E-001,
12.9e6,caps hf ps1 3 31 6 47,-5.86463383784E-001,+6.85465669480E-001,+3.28096051536E-001,+1.01566094412E-001,+3.28516802996E-001,+1.01961353475E-001,+1.56861545424E-001,+8.81653911700E-001,
12.9e6,caps hf ps1 3 31 6 48,-5.85975201199E-001,+6.86023877162E-001,+3.27235616327E-001,+1.00177314195E-001,+3.27989635816E-001,+1.00463708054E-001,+1.61060848756E-001,+8.82118467370E-001,
12.9e6,caps hf ps1 3 31 6 63,-5.86927621573E-001,+6.85067451032E-001,+3.26945583505E-001,+9.86262847034E-002,+3.27633214515E-001,+9.82337907845E-002,+1.73563722090E-001,+8.79917616256E-001,
12.9e6,caps hf ps1 3 32 0 0,-5.42408335997E-001,+6.93481054019E-001,+2.77269499988E-001,+2.82674275236E-001,+2.76534120679E-001,+2.83729587050E-001,-6.69065469002E-001,+5.48329048474E-001,
12.9e6,caps hf ps1 3 32 0 15,-5.43877937651E-001,+6.93417393776E-001,+2.83145258610E-001,+2.76326415537E-001,+2.83899805580E-001,+2.76354450203E-001,-6.39223218503E-001,+5.83238498041E-001,
12.9e6,caps hf ps1 3 32 0 16,-5.44850097660E-001,+6.92738604434E-001,+2.84576255624E-001,+2.73784907372E-001,+2.84842249916E-001,+2.74037724820E-001,-6.30724718967E-001,+5.92351023132E-001,
12.9e6,caps hf ps1 3 32 0 31,-5.45985106164E-001,+6.91403747315E-001,+2.90793358097E-001,+2.67774443357E-001,+2.90856540034E-001,+2.67288396366E-001,-6.00600236900E-001,+6.23708004306E-001,
12.9e6,caps hf ps1 3 32 0 32,-5.46344386204E-001,+6.91456271401E-001,+2.93379127415E-001,+2.63777150171E-001,+2.93644939085E-001,+2.63881524508E-001,-5.86186162182E-001,+6.38269266997E-001,
12.9e6,caps hf ps1 3 32 0 47,-5.48326867091E-001,+6.90241177569E-001,+2.97880718535E-001,+2.55635413937E-001,+2.98283627556E-001,+2.56847836761E-001,-5.54965929289E-001,+6.65238556197E-001,
12.9e6,caps hf ps1 3 32 0 48,-5.49456677827E-001,+6.89480024460E-001,+2.99286620055E-001,+2.54275053915E-001,+3.00267132382E-001,+2.54504207206E-001,-5.46619915737E-001,+6.74264899490E-001,
12.9e6,caps hf ps1 3 32 0 63,-5.50528206418E-001,+6.89902058089E-001,+3.03906787218E-001,+2.47446593369E-001,+3.03662028120E-001,+2.48056463273E-001,-5.16926682690E-001,+6.96233660329E-001,
12.9e6,caps hf ps1 3 32 1 0,-5.51695030550E-001,+6.88820739982E-001,+3.05566377634E-001,+2.44753977078E-001,+3.05767546276E-001,+2.44887220980E-001,-5.07583570597E-001,+7.05201694693E-001,
12.9e6,caps hf ps1 3 32 1 15,-5.52616042845E-001,+6.88408695520E-001,+3.08931206694E-001,+2.37971126764E-001,+3.09263762269E-001,+2.38457787099E-001,-4.77607056088E-001,+7.26240753515E-001,
12.9e6,caps hf ps1 3 32 1 16,-5.52789142835E-001,+6.88490136712E-001,+3.10073815611E-001,+2.35429622838E-001,+3.10267637130E-001,+2.36243200344E-001,-4.68461679810E-001,+7.33068866034E-001,
12.9e6,caps hf ps1 3 32 1 31,-5.54538816567E-001,+6.87837883321E-001,+3.13510108958E-001,+2.28749806058E-001,+3.13681129495E-001,+2.29718510333E-001,-4.38296720289E-001,+7.52269913440E-001,
12.9e6,caps hf ps1 3 32 1 32,-5.55468916995E-001,+6.87937137211E-001,+3.15034717904E-001,+2.25763974309E-001,+3.14740528115E-001,+2.25882527345E-001,-4.22855297991E-001,+7.60779120960E-001,
12.9e6,caps hf ps1 3 32 1 47,-5.57519910294E-001,+6.87472924171E-001,+3.17187549722E-001,+2.18753882576E-001,+3.17550253765E-001,+2.19192459609E-001,-3.92908760095E-001,+7.77273642209E-001,
12.9e6,caps hf ps1 3 32 1 48,-5.57501711475E-001,+6.87341551228E-001,+3.18298400587E-001,+2.16807718153E-001,+3.17989920216E-001,+2.17578190748E-001,-3.85329514433E-001,+7.82141164835E-001,
12.9e6,caps hf ps1 3 32 1 63,-5.58494128780E-001,+6.87186060883E-001,+3.20486411346E-001,+2.10501025202E-001,+3.20315757398E-001,+2.10740373578E-001,-3.56368190137E-001,+7.96350480080E-001,
12.9e6,caps hf ps1 3 32 2 0,-5.60143779667E-001,+6.87398197814E-001,+3.21431520606E-001,+2.08332803168E-001,+3.21314843532E-001,+2.07628803231E-001,-3.44493883086E-001,+8.01662343337E-001,
12.9e6,caps hf ps1 3 32 2 15,-5.60868495862E-001,+6.86809491028E-001,+3.22943456972E-001,+2.01792758842E-001,+3.23722517863E-001,+2.01930763117E-001,-3.16074931472E-001,+8.14954185187E-001,
12.9e6,caps hf ps1 3 32 2 16,-5.60878183116E-001,+6.86705555722E-001,+3.23793930996E-001,+1.99438984334E-001,+3.23763602694E-001,+2.00042465646E-001,-3.08133724229E-001,+8.18500222598E-001,
12.9e6,caps hf ps1 3 32 2 31,-5.62675371613E-001,+6.86936637003E-001,+3.25503886503E-001,+1.93882565694E-001,+3.24983640013E-001,+1.94174737221E-001,-2.80945076165E-001,+8.28779254288E-001,
12.9e6,caps hf ps1 3 32 2 32,-5.63057584530E-001,+6.86636002477E-001,+3.25665679007E-001,+1.90634335193E-001,+3.26240960199E-001,+1.90620284827E-001,-2.66741399142E-001,+8.34176729036E-001,
12.9e6,caps hf ps1 3 32 2 47,-5.64428804714E-001,+6.86805317716E-001,+3.27314618364E-001,+1.84877125642E-001,+3.27401062057E-001,+1.84738748635E-001,-2.40338233246E-001,+8.43644442133E-001,
12.9e6,caps hf ps1 3 32 2 48,-5.64812926376E-001,+6.86525515394E-001,+3.27474663324E-001,+1.83183240594E-001,+3.27284208555E-001,+1.83058984479E-001,-2.33241334166E-001,+8.45923023355E-001,
12.9e6,caps hf ps1 3 32 2 63,-5.65318397474E-001,+6.87130621577E-001,+3.28551911131E-001,+1.77828954043E-001,+3.28728936181E-001,+1.77752257864E-001,-2.07404605524E-001,+8.53075353179E-001,
12.9e6,caps hf ps1 3 32 3 0,-5.66064385221E-001,+6.86377858357E-001,+3.28766093023E-001,+1.75502346844E-001,+3.29344869308E-001,+1.75461827137E-001,-1.98677924060E-001,+8.56898490412E-001,
12.9e6,caps hf ps1 3 32 3 15,-5.67480465358E-001,+6.86927325540E-001,+3.29588706513E-001,+1.70528141370E-001,+3.29035303702E-001,+1.70168228149E-001,-1.74019740496E-001,+8.62376566021E-001,
12.9e6,caps hf ps1 3 32 3 16,-5.67941883862E-001,+6.86376104722E-001,+3.29343510400E-001,+1.68157515349E-001,+3.29612441293E-001,+1.68326486653E-001,-1.66336307587E-001,+8.64378113921E-001,
12.9e6,caps hf ps1 3 32 3 31,-5.68929751839E-001,+6.86921433536E-001,+3.29853738758E-001,+1.63732362978E-001,+3.30396481996E-001,+1.63354792065E-001,-1.43154856297E-001,+8.70183181573E-001,
12.9e6,caps hf ps1 3 32 3 32,-5.69510119429E-001,+6.86549056590E-001,+3.29708104191E-001,+1.61211824543E-001,+3.30256455913E-001,+1.60488823974E-001,-1.31281480210E-001,+8.73108886647E-001,
12.9e6,caps hf ps1 3 32 3 47,-5.71041824897E-001,+6.87181630555E-001,+3.30004105044E-001,+1.56485813376E-001,+3.30836077419E-001,+1.56474915008E-001,-1.09968603914E-001,+8.75717501737E-001,
12.9e6,caps hf ps1 3 32 3 48,-5.70706120556E-001,+6.87037469672E-001,+3.30406717661E-001,+1.54576754067E-001,+3.30926183922E-001,+1.54744155636E-001,-1.02050128666E-001,+8.77601218503E-001,
12.9e6,caps hf ps1 3 32 3 63,-5.71927980588E-001,+6.86640367062E-001,+3.30286734359E-001,+1.50526319968E-001,+3.30770510136E-001,+1.50256504723E-001,-8.04668224496E-002,+8.80211943072E-001,
12.9e6,caps hf ps1 3 32 4 0,-5.72139564278E-001,+6.87644008472E-001,+3.31163779428E-001,+1.49516380089E-001,+3.31223482710E-001,+1.49453796519E-001,-7.94081556080E-002,+8.81721824309E-001,
12.9e6,caps hf ps1 3 32 4 15,-5.72950431324E-001,+6.87677281674E-001,+3.30289661546E-001,+1.45331496718E-001,+3.30767138934E-001,+1.45378378973E-001,-5.86513377510E-002,+8.83857230745E-001,
12.9e6,caps hf ps1 3 32 4 16,-5.73421114266E-001,+6.87582806209E-001,+3.30971030219E-001,+1.43851024474E-001,+3.30534956015E-001,+1.43474021305E-001,-5.18249638701E-002,+8.84162980721E-001,
12.9e6,caps hf ps1 3 32 4 31,-5.73706852443E-001,+6.87895921687E-001,+3.30615533124E-001,+1.39124547652E-001,+3.30457265542E-001,+1.39456070532E-001,-3.15213879790E-002,+8.86403324011E-001,
12.9e6,caps hf ps1 3 32 4 32,-5.74381754878E-001,+6.87347449805E-001,+3.30758628458E-001,+1.37324205573E-001,+3.30472550081E-001,+1.37652703515E-001,-2.24428421446E-002,+8.86808972677E-001,
12.9e6,caps hf ps1 3 32 4 47,-5.75450004323E-001,+6.88082536518E-001,+3.30300395933E-001,+1.33069008131E-001,+3.30512838167E-001,+1.33630631701E-001,-2.29600144052E-003,+8.88804548239E-001,
12.9e6,caps hf ps1 3 32 4 48,-5.75489774510E-001,+6.88025883960E-001,+3.29603421385E-001,+1.32477799909E-001,+3.30036836355E-001,+1.31763210445E-001,+2.52393933591E-003,+8.88989588091E-001,
12.9e6,caps hf ps1 3 32 4 63,-5.75614760561E-001,+6.87782855744E-001,+3.29785508377E-001,+1.28529415541E-001,+3.30072960297E-001,+1.28138019363E-001,+2.08374926927E-002,+8.89442789144E-001,
12.9e6,caps hf ps1 3 32 5 0,-5.76666706225E-001,+6.88734857892E-001,+3.29444639325E-001,+1.27557930190E-001,+3.29713850057E-001,+1.27589107456E-001,+2.44426274969E-002,+8.90139503763E-001,
12.9e6,caps hf ps1 3 32 5 15,-5.77091599332E-001,+6.88139005551E-001,+3.29127042774E-001,+1.23817222947E-001,+3.29226032113E-001,+1.23654084394E-001,+4.17971294747E-002,+8.90206652378E-001,
12.9e6,caps hf ps1 3 32 5 16,-5.77555170943E-001,+6.88687437806E-001,+3.28687823325E-001,+1.22887569446E-001,+3.29115849657E-001,+1.22479514048E-001,+4.71359933865E-002,+8.89618492603E-001,
12.9e6,caps hf ps1 3 32 5 31,-5.78515825040E-001,+6.88456377023E-001,+3.28321873926E-001,+1.19122878983E-001,+3.28235597970E-001,+1.18753963912E-001,+6.43778474291E-002,+8.89890702564E-001,
12.9e6,caps hf ps1 3 32 5 32,-5.78618341523E-001,+6.89053514224E-001,+3.27858438732E-001,+1.17450200622E-001,+3.28247704552E-001,+1.17400593671E-001,+7.15092033850E-002,+8.89955129182E-001,
12.9e6,caps hf ps1 3 32 5 47,-5.78929556964E-001,+6.89454826223E-001,+3.27038179177E-001,+1.13925634146E-001,+3.27018225138E-001,+1.14300779311E-001,+8.83577585733E-002,+8.85286966302E-001,
12.9e6,caps hf ps1 3 32 5 48,-5.80611179968E-001,+6.89907611004E-001,+3.27443579293E-001,+1.13241815548E-001,+3.27528243474E-001,+1.13307434876E-001,+9.24695628393E-002,+8.88171158239E-001,
12.9e6,caps hf ps1 3 32 5 63,-5.79736675444E-001,+6.89645282558E-001,+3.27136713540E-001,+1.09415209278E-001,+3.26854944877E-001,+1.09886483828E-001,+1.07942706539E-001,+8.87323286482E-001,
12.9e6,caps hf ps1 3 32 6 0,-5.80437222184E-001,+6.90002386880E-001,+3.27503908456E-001,+1.09915562432E-001,+3.27087438116E-001,+1.10317020556E-001,+1.05937862682E-001,+8.88561516534E-001,
12.9e6,caps hf ps1 3 32 6 15,-5.81054235759E-001,+6.89481993652E-001,+3.26356480325E-001,+1.07002390769E-001,+3.26592799354E-001,+1.07441855251E-001,+1.20567951085E-001,+8.87219913830E-001,
12.9e6,caps hf ps1 3 32 6 16,-5.81506191408E-001,+6.89391061227E-001,+3.26296329330E-001,+1.06311623632E-001,+3.26103698135E-001,+1.06108326044E-001,+1.24575604349E-001,+8.86974358301E-001,
12.9e6,caps hf ps1 3 32 6 31,-5.81844005300E-001,+6.90405107049E-001,+3.26024489348E-001,+1.03011977556E-001,+3.25510296012E-001,+1.03271940406E-001,+1.39524059644E-001,+8.85013166094E-001,
12.9e6,caps hf ps1 3 32 6 32,-5.81877664122E-001,+6.89608450383E-001,+3.25353884597E-001,+1.01843639492E-001,+3.25074273580E-001,+1.02082629099E-001,+1.46521261841E-001,+8.84451211908E-001,
12.9e6,caps hf ps1 3 32 6 47,-5.82507284812E-001,+6.89658332470E-001,+3.24495613546E-001,+9.91673239720E-002,+3.24540314850E-001,+9.91257773038E-002,+1.60096474369E-001,+8.84105435822E-001,
12.9e6,caps hf ps1 3 32 6 48,-5.82886738231E-001,+6.90286400814E-001,+3.23757437009E-001,+9.89534388648E-002,+3.24414730944E-001,+9.82424970295E-002,+1.63717964029E-001,+8.82519006705E-001,
12.9e6,caps hf ps1 3 32 6 63,-5.82683633616E-001,+6.91289200389E-001,+3.23210151046E-001,+9.56132018848E-002,+3.23432605980E-001,+9.56080488338E-002,+1.77823211726E-001,+8.80094163923E-001,
12.9e6,caps hf ps1 3 47 0 0,-5.33883139664E-001,+7.09080024287E-001,+2.70584146717E-001,+2.66751557558E-001,+2.70585102688E-001,+2.67723659932E-001,-6.63902959117E-001,+5.65037449906E-001,
12.9e6,caps hf ps1 3 47 0 15,-5.35649787905E-001,+7.08274701967E-001,+2.76379106272E-001,+2.60496894781E-001,+2.76209744479E-001,+2.61014883669E-001,-6.34387245529E-001,+5.98315225092E-001,
12.9e6,caps hf ps1 3 47 0 16,-5.35604336758E-001,+7.07801668994E-001,+2.78368155197E-001,+2.58442968039E-001,+2.78384212007E-001,+2.58500535327E-001,-6.25387530904E-001,+6.08398298746E-001,
12.9e6,caps hf ps1 3 47 0 31,-5.38033798402E-001,+7.06939891543E-001,+2.83266520893E-001,+2.51433574255E-001,+2.83448725461E-001,+2.51482172617E-001,-5.94728795925E-001,+6.38685404044E-001,
12.9e6,caps hf ps1 3 47 0 32,-5.38027601133E-001,+7.06123987597E-001,+2.85828087732E-001,+2.47922654181E-001,+2.85951883746E-001,+2.47632481693E-001,-5.78835554121E-001,+6.53732737037E-001,
12.9e6,caps hf ps1 3 47 0 47,-5.40295683306E-001,+7.06083798585E-001,+2.90440448393E-001,+2.40775424897E-001,+2.90845991224E-001,+2.41144314453E-001,-5.47530727618E-001,+6.80524207240E-001,
12.9e6,caps hf ps1 3 47 0 48,-5.40135186202E-001,+7.05287253678E-001,+2.91626440602E-001,+2.38694143641E-001,+2.92227387083E-001,+2.39317477536E-001,-5.39017208783E-001,+6.88618276785E-001,
12.9e6,caps hf ps1 3 47 0 63,-5.42029114552E-001,+7.05312229700E-001,+2.95667305022E-001,+2.31950149988E-001,+2.95345760879E-001,+2.31865603706E-001,-5.07697842203E-001,+7.11831408015E-001,
12.9e6,caps hf ps1 3 47 1 0,-5.42311153853E-001,+7.04782432343E-001,+2.97239142204E-001,+2.29862212644E-001,+2.96815545890E-001,+2.29636343733E-001,-4.99192310048E-001,+7.18914341957E-001,
12.9e6,caps hf ps1 3 47 1 15,-5.43613748116E-001,+7.04956523491E-001,+3.00560225577E-001,+2.22685429376E-001,+3.00850774684E-001,+2.23356446726E-001,-4.68258842327E-001,+7.40996301757E-001,
12.9e6,caps hf ps1 3 47 1 16,-5.43940796934E-001,+7.04308700279E-001,+3.01315088099E-001,+2.20497817485E-001,+3.01346135044E-001,+2.21436063206E-001,-4.59705711333E-001,+7.46791864814E-001,
12.9e6,caps hf ps1 3 47 1 31,-5.46421638007E-001,+7.04060209270E-001,+3.04166100588E-001,+2.14348048865E-001,+3.04383961839E-001,+2.14170516122E-001,-4.28467399349E-001,+7.65185600382E-001,
12.9e6,caps hf ps1 3 47 1 32,-5.46490091346E-001,+7.03852874874E-001,+3.05580917429E-001,+2.10543714988E-001,+3.05487147384E-001,+2.11516094220E-001,-4.13188716541E-001,+7.74282609866E-001,
12.9e6,caps hf ps1 3 47 1 47,-5.48091466556E-001,+7.03902812344E-001,+3.08022397015E-001,+2.04594169577E-001,+3.08350129939E-001,+2.05054288571E-001,-3.83909738387E-001,+7.90137577770E-001,
12.9e6,caps hf ps1 3 47 1 48,-5.48066804297E-001,+7.03677702404E-001,+3.08026999756E-001,+2.02544940449E-001,+3.08408312718E-001,+2.02629751109E-001,-3.74378705918E-001,+7.94579111206E-001,
12.9e6,caps hf ps1 3 47 1 63,-5.49411200362E-001,+7.03522622314E-001,+3.10905159377E-001,+1.96692378352E-001,+3.11030655325E-001,+1.96229720560E-001,-3.45320516238E-001,+8.09087662083E-001,
12.9e6,caps hf ps1 3 47 2 0,-5.49789951801E-001,+7.03585611419E-001,+3.11540115976E-001,+1.93314589159E-001,+3.11420449579E-001,+1.94269041786E-001,-3.34398774720E-001,+8.13714152788E-001,
12.9e6,caps hf ps1 3 47 2 15,-5.51690675093E-001,+7.03265630288E-001,+3.12874833664E-001,+1.87578941600E-001,+3.12870678772E-001,+1.87554079365E-001,-3.05501928857E-001,+8.25997650545E-001,
12.9e6,caps hf ps1 3 47 2 16,-5.52089106190E-001,+7.03085104196E-001,+3.13427661562E-001,+1.85495213474E-001,+3.13495238907E-001,+1.85417325562E-001,-2.96458602155E-001,+8.29595292508E-001,
12.9e6,caps hf ps1 3 47 2 31,-5.53191202227E-001,+7.03234218675E-001,+3.14877093021E-001,+1.80299832520E-001,+3.15181685805E-001,+1.80172385019E-001,-2.69754991137E-001,+8.41255554755E-001,
12.9e6,caps hf ps1 3 47 2 32,-5.53453173565E-001,+7.03062980052E-001,+3.15570180959E-001,+1.77050723375E-001,+3.15517968659E-001,+1.77196300596E-001,-2.56021799112E-001,+8.45261500499E-001,
12.9e6,caps hf ps1 3 47 2 47,-5.54371783593E-001,+7.03348389441E-001,+3.16259903109E-001,+1.71049011836E-001,+3.16296087990E-001,+1.71421771690E-001,-2.29096612267E-001,+8.54108054199E-001,
12.9e6,caps hf ps1 3 47 2 48,-5.54368690372E-001,+7.02768347342E-001,+3.16191039202E-001,+1.69842711800E-001,+3.16368232656E-001,+1.70102310396E-001,-2.21274731667E-001,+8.55141465206E-001,
12.9e6,caps hf ps1 3 47 2 63,-5.56326027490E-001,+7.02648089014E-001,+3.17110580423E-001,+1.64389075930E-001,+3.17274702047E-001,+1.65074773319E-001,-1.96563596818E-001,+8.63053917672E-001,
12.9e6,caps hf ps1 3 47 3 0,-5.57037799081E-001,+7.02894693957E-001,+3.17718334699E-001,+1.62405258298E-001,+3.17547745246E-001,+1.62162339005E-001,-1.86498944925E-001,+8.66230881907E-001,
12.9e6,caps hf ps1 3 47 3 15,-5.58297124806E-001,+7.03935946807E-001,+3.18392028875E-001,+1.57108626521E-001,+3.18307947203E-001,+1.57427834099E-001,-1.61754494752E-001,+8.71975599661E-001,
12.9e6,caps hf ps1 3 47 3 16,-5.58887284946E-001,+7.02584510891E-001,+3.18339542224E-001,+1.55883895121E-001,+3.18636100274E-001,+1.55888175458E-001,-1.54385201883E-001,+8.74040511582E-001,
12.9e6,caps hf ps1 3 47 3 31,-5.58971050764E-001,+7.03260212649E-001,+3.18260665074E-001,+1.50658026783E-001,+3.18093202570E-001,+1.50571445024E-001,-1.30842252013E-001,+8.76802854452E-001,
12.9e6,caps hf ps1 3 47 3 32,-5.59903529816E-001,+7.03695972896E-001,+3.18817772004E-001,+1.48404265776E-001,+3.19238168423E-001,+1.48683167615E-001,-1.19292625453E-001,+8.81054300021E-001,
12.9e6,caps hf ps1 3 47 3 47,-5.60245958468E-001,+7.03586791613E-001,+3.18451570958E-001,+1.43768668307E-001,+3.18583027234E-001,+1.43839330378E-001,-9.64020071746E-002,+8.83894947676E-001,
12.9e6,caps hf ps1 3 47 3 48,-5.60481415653E-001,+7.04045118002E-001,+3.18803340680E-001,+1.42066657318E-001,+3.18682509678E-001,+1.42641748933E-001,-8.98201677766E-002,+8.85422888696E-001,
12.9e6,caps hf ps1 3 47 3 63,-5.61745876025E-001,+7.03842696682E-001,+3.18801800547E-001,+1.38118546933E-001,+3.19259274844E-001,+1.38072709463E-001,-6.79980753590E-002,+8.88448456402E-001,
12.9e6,caps hf ps1 3 47 4 0,-5.61382033038E-001,+7.04562677768E-001,+3.19204924285E-001,+1.37166866788E-001,+3.19733355597E-001,+1.37567263965E-001,-6.73089692696E-002,+8.88881743268E-001,
12.9e6,caps hf ps1 3 47 4 15,-5.62682434966E-001,+7.03762242062E-001,+3.18583495297E-001,+1.33142570984E-001,+3.19116513231E-001,+1.33306444872E-001,-4.55338702106E-002,+8.91275990966E-001,
12.9e6,caps hf ps1 3 47 4 16,-5.63273419696E-001,+7.04890771725E-001,+3.18803301418E-001,+1.32279358269E-001,+3.18642063702E-001,+1.31852039586E-001,-3.93445815115E-002,+8.92107093798E-001,
12.9e6,caps hf ps1 3 47 4 31,-5.63716540108E-001,+7.03746429282E-001,+3.18358291699E-001,+1.27897891581E-001,+3.18410282866E-001,+1.27734415515E-001,-1.88313050146E-002,+8.92926038505E-001,
12.9e6,caps hf ps1 3 47 4 32,-5.63999510666E-001,+7.04705711370E-001,+3.17979957153E-001,+1.25730726741E-001,+3.17910385505E-001,+1.25498944867E-001,-9.69076419985E-003,+8.93673051635E-001,
12.9e6,caps hf ps1 3 47 4 47,-5.64813685022E-001,+7.04293585809E-001,+3.18020019929E-001,+1.21576942094E-001,+3.18576279514E-001,+1.21824719144E-001,+9.81011520927E-003,+8.95017392804E-001,
12.9e6,caps hf ps1 3 47 4 48,-5.64626344620E-001,+7.05107527096E-001,+3.17644497677E-001,+1.20816572626E-001,+3.18032890307E-001,+1.20718518766E-001,+1.54304465095E-002,+8.94420342655E-001,
12.9e6,caps hf ps1 3 47 4 63,-5.65440298785E-001,+7.04517583799E-001,+3.17268179679E-001,+1.17218522935E-001,+3.17231747665E-001,+1.17012396590E-001,+3.40340794193E-002,+8.94789171082E-001,
12.9e6,caps hf ps1 3 47 5 0,-5.66446783591E-001,+7.04544489781E-001,+3.17376140072E-001,+1.16683826827E-001,+3.17331613473E-001,+1.16509575430E-001,+3.57695061074E-002,+8.95659601667E-001,
12.9e6,caps hf ps1 3 47 5 15,-5.67468688375E-001,+7.05394673638E-001,+3.17138380745E-001,+1.12917274334E-001,+3.16561453835E-001,+1.12869008585E-001,+5.36730221324E-002,+8.95503694531E-001,
12.9e6,caps hf ps1 3 47 5 16,-5.66436787658E-001,+7.05413034079E-001,+3.16439105682E-001,+1.11495379657E-001,+3.16829505071E-001,+1.11426928292E-001,+5.99505717501E-002,+8.95384413360E-001,
12.9e6,caps hf ps1 3 47 5 31,-5.67123421013E-001,+7.05380243448E-001,+3.16187164805E-001,+1.08200533927E-001,+3.15572477843E-001,+1.08456013592E-001,+7.60623421804E-002,+8.94741312723E-001,
12.9e6,caps hf ps1 3 47 5 32,-5.68068055511E-001,+7.04965756853E-001,+3.15827113683E-001,+1.07252105407E-001,+3.15944339368E-001,+1.06677476973E-001,+8.42991870030E-002,+8.94966953544E-001,
12.9e6,caps hf ps1 3 47 5 47,-5.69120363608E-001,+7.05605677113E-001,+3.15003290446E-001,+1.03589627050E-001,+3.15168436867E-001,+1.03469142238E-001,+1.00868373271E-001,+8.93414142842E-001,
12.9e6,caps hf ps1 3 47 5 48,-5.68751138237E-001,+7.05776022156E-001,+3.14690559377E-001,+1.02621084630E-001,+3.14826322303E-001,+1.02933805456E-001,+1.04679894343E-001,+8.93372150947E-001,
12.9e6,caps hf ps1 3 47 5 63,-5.69252584993E-001,+7.05993527229E-001,+3.13764176675E-001,+1.00071202708E-001,+3.14400001337E-001,+9.89055993416E-002,+1.20842143464E-001,+8.92439959546E-001,
12.9e6,caps hf ps1 3 47 6 0,-5.69377779935E-001,+7.05593613365E-001,+3.14342926343E-001,+1.00453378518E-001,+3.14341058263E-001,+1.00088350368E-001,+1.17630174597E-001,+8.93070745935E-001,
12.9e6,caps hf ps1 3 47 6 15,-5.69728412556E-001,+7.06132350851E-001,+3.13604596336E-001,+9.68635851757E-002,+3.14057427420E-001,+9.72927890424E-002,+1.32852040803E-001,+8.91886895660E-001,
12.9e6,caps hf ps1 3 47 6 16,-5.70081785106E-001,+7.06760106035E-001,+3.14030029988E-001,+9.61195091361E-002,+3.13522527415E-001,+9.59587791233E-002,+1.37270541787E-001,+8.91150294517E-001,
12.9e6,caps hf ps1 3 47 6 31,-5.69978751630E-001,+7.06007660026E-001,+3.12579491588E-001,+9.30882694206E-002,+3.12925996655E-001,+9.30504803368E-002,+1.52648849662E-001,+8.89372340596E-001,
12.9e6,caps hf ps1 3 47 6 32,-5.71251091933E-001,+7.06713588731E-001,+3.12774673557E-001,+9.20283562625E-002,+3.12295328362E-001,+9.19410690759E-002,+1.58796232733E-001,+8.88601208036E-001,
12.9e6,caps hf ps1 3 47 6 47,-5.71409668324E-001,+7.06900052083E-001,+3.11893509906E-001,+8.93762753993E-002,+3.11602143063E-001,+8.92206513197E-002,+1.71741863037E-001,+8.86368973345E-001,
12.9e6,caps hf ps1 3 47 6 48,-5.71660219315E-001,+7.06600108428E-001,+3.11608476737E-001,+8.86198832941E-002,+3.11473711707E-001,+8.84091795602E-002,+1.76056179721E-001,+8.86881032390E-001,
12.9e6,caps hf ps1 3 47 6 63,-5.72306735837E-001,+7.07734734850E-001,+3.10570740058E-001,+8.61995476836E-002,+3.11073475470E-001,+8.54504737360E-002,+1.89946380970E-001,+8.84254861598E-001,
12.9e6,caps hf ps1 3 48 0 0,-5.34376985184E-001,+7.09334454340E-001,+2.69793087799E-001,+2.67257367885E-001,+2.70259125836E-001,+2.67428953115E-001,-6.63952873754E-001,+5.64616097526E-001,
12.9e6,caps hf ps1 3 48 0 15,-5.35511565771E-001,+7.07490082064E-001,+2.76982495241E-001,+2.60641173260E-001,+2.76600742391E-001,+2.60554704953E-001,-6.33212354786E-001,+5.98661601828E-001,
12.9e6,caps hf ps1 3 48 0 16,-5.36312920630E-001,+7.07952924290E-001,+2.77648534163E-001,+2.57997418371E-001,+2.78277229685E-001,+2.58786618503E-001,-6.25348267756E-001,+6.08274906777E-001,
12.9e6,caps hf ps1 3 48 0 31,-5.37463374602E-001,+7.06426465398E-001,+2.83493837382E-001,+2.51128590448E-001,+2.84015372782E-001,+2.51881626822E-001,-5.94652883319E-001,+6.39257702083E-001,
12.9e6,caps hf ps1 3 48 0 32,-5.37743274016E-001,+7.06528043407E-001,+2.86654164101E-001,+2.47541151282E-001,+2.86645330046E-001,+2.47831054420E-001,-5.79034068705E-001,+6.53863168233E-001,
12.9e6,caps hf ps1 3 48 0 47,-5.39918269735E-001,+7.05632983009E-001,+2.90745835932E-001,+2.40369177126E-001,+2.90307002173E-001,+2.41205403931E-001,-5.49087058000E-001,+6.80991423048E-001,
12.9e6,caps hf ps1 3 48 0 48,-5.40283413284E-001,+7.04940557917E-001,+2.91369862911E-001,+2.38596204628E-001,+2.92197716653E-001,+2.39049156461E-001,-5.39535093045E-001,+6.88227327874E-001,
12.9e6,caps hf ps1 3 48 0 63,-5.41535091948E-001,+7.05012672839E-001,+2.95196950151E-001,+2.32215285590E-001,+2.95805180503E-001,+2.32045594563E-001,-5.08407729500E-001,+7.11911796055E-001,
12.9e6,caps hf ps1 3 48 1 0,-5.42185321278E-001,+7.05149507175E-001,+2.96984761088E-001,+2.29811332175E-001,+2.97103711162E-001,+2.29522980488E-001,-4.98852342277E-001,+7.19152041755E-001,
12.9e6,caps hf ps1 3 48 1 15,-5.44028620111E-001,+7.05387919454E-001,+3.00647748900E-001,+2.22748877751E-001,+3.00776481722E-001,+2.22642007887E-001,-4.68930793985E-001,+7.40843048501E-001,
12.9e6,caps hf ps1 3 48 1 16,-5.43856116312E-001,+7.05052777378E-001,+3.01666961135E-001,+2.20478718350E-001,+3.01691882785E-001,+2.20901751209E-001,-4.59331398072E-001,+7.46762203144E-001,
12.9e6,caps hf ps1 3 48 1 31,-5.45941181164E-001,+7.04368218037E-001,+3.04428337835E-001,+2.14106796316E-001,+3.04475801364E-001,+2.14796780141E-001,-4.29332238792E-001,+7.66076521893E-001,
12.9e6,caps hf ps1 3 48 1 32,-5.46536011836E-001,+7.03574814327E-001,+3.05653249674E-001,+2.10758289046E-001,+3.05831322273E-001,+2.10575230615E-001,-4.12969772118E-001,+7.74462442724E-001,
12.9e6,caps hf ps1 3 48 1 47,-5.47149292522E-001,+7.04484875753E-001,+3.07981885069E-001,+2.04291037634E-001,+3.08112143139E-001,+2.04680144804E-001,-3.84441393053E-001,+7.89987379801E-001,
12.9e6,caps hf ps1 3 48 1 48,-5.47718127891E-001,+7.03661098238E-001,+3.09277547293E-001,+2.02122068439E-001,+3.08643704442E-001,+2.02726040819E-001,-3.74507170648E-001,+7.94545002125E-001,
12.9e6,caps hf ps1 3 48 1 63,-5.49793098871E-001,+7.04281272130E-001,+3.10617780172E-001,+1.96361827342E-001,+3.10794870112E-001,+1.96302386128E-001,-3.45830612946E-001,+8.08446572898E-001,
12.9e6,caps hf ps1 3 48 2 0,-5.50456237568E-001,+7.03235284020E-001,+3.11350176654E-001,+1.93423224467E-001,+3.11697597107E-001,+1.93658591488E-001,-3.33906752104E-001,+8.15036463279E-001,
12.9e6,caps hf ps1 3 48 2 15,-5.50810380937E-001,+7.03132730136E-001,+3.13151861165E-001,+1.87271013828E-001,+3.13607067781E-001,+1.87582774437E-001,-3.05501660621E-001,+8.27765320716E-001,
12.9e6,caps hf ps1 3 48 2 16,-5.51972084345E-001,+7.03392307531E-001,+3.13428379831E-001,+1.85644141937E-001,+3.14161263168E-001,+1.85814085643E-001,-2.97061935995E-001,+8.30500043946E-001,
12.9e6,caps hf ps1 3 48 2 31,-5.53321726979E-001,+7.03101455689E-001,+3.14904326207E-001,+1.80109744066E-001,+3.15267585202E-001,+1.80000927611E-001,-2.69801750184E-001,+8.40432995476E-001,
12.9e6,caps hf ps1 3 48 2 32,-5.52937938189E-001,+7.04296254808E-001,+3.15645918421E-001,+1.76668473305E-001,+3.15443732856E-001,+1.77191100042E-001,-2.55892149185E-001,+8.45808645782E-001,
12.9e6,caps hf ps1 3 48 2 47,-5.54049639651E-001,+7.02792053748E-001,+3.16262782062E-001,+1.71345375329E-001,+3.16684815681E-001,+1.71154468097E-001,-2.29427946954E-001,+8.54405177092E-001,
12.9e6,caps hf ps1 3 48 2 48,-5.54920699098E-001,+7.03768401602E-001,+3.16606636259E-001,+1.69567128991E-001,+3.16866219615E-001,+1.69457317770E-001,-2.21901363533E-001,+8.56727208138E-001,
12.9e6,caps hf ps1 3 48 2 63,-5.56346374141E-001,+7.03087415294E-001,+3.17122091283E-001,+1.64531127235E-001,+3.17674367570E-001,+1.64374138569E-001,-1.95800801850E-001,+8.62974501870E-001,
12.9e6,caps hf ps1 3 48 3 0,-5.56652343735E-001,+7.04268391771E-001,+3.17908714938E-001,+1.62267178781E-001,+3.18304104220E-001,+1.62212113395E-001,-1.86451647094E-001,+8.66593977689E-001,
12.9e6,caps hf ps1 3 48 3 15,-5.58176052261E-001,+7.03704438934E-001,+3.18519153252E-001,+1.57270883117E-001,+3.18606293126E-001,+1.57085964177E-001,-1.62336930118E-001,+8.73399136705E-001,
12.9e6,caps hf ps1 3 48 3 16,-5.57746146189E-001,+7.03730705181E-001,+3.17861963857E-001,+1.55365238264E-001,+3.18376364320E-001,+1.55544820531E-001,-1.54551320788E-001,+8.74081352562E-001,
12.9e6,caps hf ps1 3 48 3 31,-5.58037258186E-001,+7.03004437590E-001,+3.18437588913E-001,+1.50210704150E-001,+3.18944191751E-001,+1.50593662884E-001,-1.31070569218E-001,+8.78542686126E-001,
12.9e6,caps hf ps1 3 48 3 32,-5.59560981303E-001,+7.04268336726E-001,+3.18583638913E-001,+1.48165790717E-001,+3.19001150873E-001,+1.47945690650E-001,-1.19364058102E-001,+8.81134699504E-001,
12.9e6,caps hf ps1 3 48 3 47,-5.60506211235E-001,+7.03345509022E-001,+3.18785037153E-001,+1.43460688085E-001,+3.19177937938E-001,+1.43628934341E-001,-9.71954967437E-002,+8.84912914199E-001,
12.9e6,caps hf ps1 3 48 3 48,-5.60790526013E-001,+7.03538329918E-001,+3.18382690059E-001,+1.42210141148E-001,+3.18644748900E-001,+1.42031501173E-001,-9.03769224125E-002,+8.84634963556E-001,
12.9e6,caps hf ps1 3 48 3 63,-5.61113809642E-001,+7.03919091511E-001,+3.18454433439E-001,+1.37743236719E-001,+3.18776993172E-001,+1.37640190159E-001,-6.80970956945E-002,+8.88128099416E-001,
12.9e6,caps hf ps1 3 48 4 0,-5.61301469474E-001,+7.03762447214E-001,+3.18378889323E-001,+1.37419243442E-001,+3.18661822765E-001,+1.37163522274E-001,-6.65434259757E-002,+8.89044789614E-001,
12.9e6,caps hf ps1 3 48 4 15,-5.62865501461E-001,+7.04075175144E-001,+3.18967503342E-001,+1.32969214764E-001,+3.18940489805E-001,+1.32905276563E-001,-4.55218657998E-002,+8.90883823905E-001,
12.9e6,caps hf ps1 3 48 4 16,-5.62480152398E-001,+7.04315925479E-001,+3.18250970926E-001,+1.31493862686E-001,+3.18508427301E-001,+1.31659528629E-001,-3.95162785824E-002,+8.91588475422E-001,
12.9e6,caps hf ps1 3 48 4 31,-5.63727341050E-001,+7.04608507066E-001,+3.18282703012E-001,+1.27522006439E-001,+3.18357722417E-001,+1.27523997988E-001,-1.92023193516E-002,+8.93111836954E-001,
12.9e6,caps hf ps1 3 48 4 32,-5.63585444855E-001,+7.04129770310E-001,+3.18083629525E-001,+1.25982913709E-001,+3.18347338355E-001,+1.25901779618E-001,-9.73617023388E-003,+8.94639295072E-001,
12.9e6,caps hf ps1 3 48 4 47,-5.64988923804E-001,+7.04945572065E-001,+3.17766124221E-001,+1.21520829004E-001,+3.17647673186E-001,+1.22022776546E-001,+9.73335950286E-003,+8.94619931166E-001,
12.9e6,caps hf ps1 3 48 4 48,-5.65446311188E-001,+7.05226861247E-001,+3.17797461003E-001,+1.20177381283E-001,+3.18189493529E-001,+1.20702641107E-001,+1.51463083487E-002,+8.95060905283E-001,
12.9e6,caps hf ps1 3 48 4 63,-5.66026877966E-001,+7.05055870517E-001,+3.17030029596E-001,+1.17015536993E-001,+3.17514249944E-001,+1.16782313418E-001,+3.32371191532E-002,+8.95390528621E-001,
12.9e6,caps hf ps1 3 48 5 0,-5.65760401958E-001,+7.04431684792E-001,+3.17210111622E-001,+1.16546355387E-001,+3.17594726733E-001,+1.16038368099E-001,+3.63863125981E-002,+8.96538558006E-001,
12.9e6,caps hf ps1 3 48 5 15,-5.66441092708E-001,+7.04812073213E-001,+3.16153227874E-001,+1.12690411654E-001,+3.16568312820E-001,+1.13026793591E-001,+5.36354628459E-002,+8.96166728448E-001,
12.9e6,caps hf ps1 3 48 5 16,-5.66818392696E-001,+7.05224217414E-001,+3.16429469801E-001,+1.11985264622E-001,+3.16684881233E-001,+1.11478557912E-001,+5.91176885931E-002,+8.95977182151E-001,
12.9e6,caps hf ps1 3 48 5 31,-5.67253845880E-001,+7.05393290709E-001,+3.15897997079E-001,+1.08659618685E-001,+3.15861701636E-001,+1.08451450304E-001,+7.59888834162E-002,+8.95748948643E-001,
12.9e6,caps hf ps1 3 48 5 32,-5.67741746309E-001,+7.06487335990E-001,+3.15596692285E-001,+1.06492098132E-001,+3.15831708980E-001,+1.06429088523E-001,+8.44525230987E-002,+8.95438929912E-001,
12.9e6,caps hf ps1 3 48 5 47,-5.68364308173E-001,+7.05165394591E-001,+3.14865548656E-001,+1.04101705638E-001,+3.15195131526E-001,+1.03110648653E-001,+1.01219504710E-001,+8.94007017360E-001,
12.9e6,caps hf ps1 3 48 5 48,-5.68724032708E-001,+7.06419408618E-001,+3.14831086920E-001,+1.02984594991E-001,+3.14852468896E-001,+1.02386451103E-001,+1.05281425634E-001,+8.93040060215E-001,
12.9e6,caps hf ps1 3 48 5 63,-5.69767255976E-001,+7.05781021057E-001,+3.14039742158E-001,+9.96765717954E-002,+3.14650480475E-001,+9.96258740811E-002,+1.20441678428E-001,+8.92581675177E-001,
12.9e6,caps hf ps1 3 48 6 0,-5.68899611300E-001,+7.06158516188E-001,+3.14052764189E-001,+1.00315893451E-001,+3.14659936907E-001,+9.97660312870E-002,+1.18156662400E-001,+8.93478233044E-001,
12.9e6,caps hf ps1 3 48 6 15,-5.69904364893E-001,+7.06767378632E-001,+3.13320939181E-001,+9.67021313707E-002,+3.13851311112E-001,+9.72231395374E-002,+1.32582911746E-001,+8.91895716551E-001,
12.9e6,caps hf ps1 3 48 6 16,-5.69803716165E-001,+7.06610333854E-001,+3.13251703533E-001,+9.55260968071E-002,+3.13318206427E-001,+9.59458905389E-002,+1.38048575410E-001,+8.91461420900E-001,
12.9e6,caps hf ps1 3 48 6 31,-5.70656472189E-001,+7.07140273713E-001,+3.12861109243E-001,+9.34032373989E-002,+3.12611700485E-001,+9.32790627695E-002,+1.51681587333E-001,+8.89380553690E-001,
12.9e6,caps hf ps1 3 48 6 32,-5.70449959964E-001,+7.06856177213E-001,+3.12840513339E-001,+9.16212883556E-002,+3.12250837187E-001,+9.17595429772E-002,+1.58442561585E-001,+8.88853135802E-001,
12.9e6,caps hf ps1 3 48 6 47,-5.71457101511E-001,+7.07312042230E-001,+3.11816600323E-001,+8.95006047078E-002,+3.11813312781E-001,+8.93878756963E-002,+1.72479804114E-001,+8.86892422988E-001,
12.9e6,caps hf ps1 3 48 6 48,-5.71373235770E-001,+7.07261919228E-001,+3.11104685989E-001,+8.82684868136E-002,+3.11460292271E-001,+8.79371672153E-002,+1.76119787458E-001,+8.86669761164E-001,
12.9e6,caps hf ps1 3 48 6 63,-5.71807341132E-001,+7.07883657344E-001,+3.10407607710E-001,+8.59319387128E-002,+3.10489982965E-001,+8.56070122473E-002,+1.89241414492E-001,+8.84341063154E-001,
12.9e6,caps hf ps1 3 63 0 0,-5.26054627974E-001,+7.22603176372E-001,+2.63706026611E-001,+2.52622021332E-001,+2.64237315192E-001,+2.53212339474E-001,-6.59902429881E-001,+5.79499697760E-001,
12.9e6,caps hf ps1 3 63 0 15,-5.27377071068E-001,+7.21821776890E-001,+2.69456048380E-001,+2.46100180442E-001,+2.70146123845E-001,+2.46741527364E-001,-6.29056663836E-001,+6.13581640406E-001,
12.9e6,caps hf ps1 3 63 0 16,-5.28233826253E-001,+7.22330532486E-001,+2.71500237326E-001,+2.43883885491E-001,+2.71531071638E-001,+2.44384871157E-001,-6.20345199433E-001,+6.23539097298E-001,
12.9e6,caps hf ps1 3 63 0 31,-5.29465780785E-001,+7.20733502292E-001,+2.76656412691E-001,+2.37159892991E-001,+2.76292157411E-001,+2.37520643753E-001,-5.88233777642E-001,+6.53494581631E-001,
12.9e6,caps hf ps1 3 63 0 32,-5.30008786459E-001,+7.20688384996E-001,+2.77913492253E-001,+2.32822967630E-001,+2.78344018447E-001,+2.33484625667E-001,-5.71183148520E-001,+6.67236001727E-001,
12.9e6,caps hf ps1 3 63 0 47,-5.31279463941E-001,+7.20275615166E-001,+2.82678135625E-001,+2.26553917825E-001,+2.82966160887E-001,+2.26692828312E-001,-5.40165398096E-001,+6.94113503911E-001,
12.9e6,caps hf ps1 3 63 0 48,-5.31564653554E-001,+7.20586965805E-001,+2.83573085818E-001,+2.24294087199E-001,+2.84029625689E-001,+2.24974730311E-001,-5.32307734821E-001,+7.01573383287E-001,
12.9e6,caps hf ps1 3 63 0 63,-5.32237206946E-001,+7.19521737367E-001,+2.87986643556E-001,+2.17941274476E-001,+2.87821555817E-001,+2.18535165327E-001,-4.99865640792E-001,+7.25711959917E-001,
12.9e6,caps hf ps1 3 63 1 0,-5.33331762801E-001,+7.19952209323E-001,+2.88815949015E-001,+2.15579524512E-001,+2.89044126675E-001,+2.15613829181E-001,-4.90774789466E-001,+7.32375126559E-001,
12.9e6,caps hf ps1 3 63 1 15,-5.34138802898E-001,+7.18674946319E-001,+2.91816078955E-001,+2.08805690612E-001,+2.92159475899E-001,+2.09059173561E-001,-4.59339503180E-001,+7.53173032671E-001,
12.9e6,caps hf ps1 3 63 1 16,-5.35854527783E-001,+7.18497493116E-001,+2.92823222506E-001,+2.07479578697E-001,+2.93543789643E-001,+2.07591401991E-001,-4.51038492886E-001,+7.59507910107E-001,
12.9e6,caps hf ps1 3 63 1 31,-5.36392058985E-001,+7.18739771978E-001,+2.95344023902E-001,+2.00327603424E-001,+2.95506054911E-001,+2.00946033477E-001,-4.20218536197E-001,+7.77567334277E-001,
12.9e6,caps hf ps1 3 63 1 32,-5.37517760599E-001,+7.19234041708E-001,+2.97089476699E-001,+1.97325861012E-001,+2.97011253194E-001,+1.97794283259E-001,-4.04646186361E-001,+7.86537967055E-001,
12.9e6,caps hf ps1 3 63 1 47,-5.38620110661E-001,+7.18388494022E-001,+2.98801270058E-001,+1.90798914654E-001,+2.98999979567E-001,+1.91257853481E-001,-3.73084615241E-001,+8.01991030145E-001,
12.9e6,caps hf ps1 3 63 1 48,-5.39247260406E-001,+7.18713702297E-001,+2.99440500658E-001,+1.88511832507E-001,+2.99755152028E-001,+1.89388557995E-001,-3.64920985328E-001,+8.06944433539E-001,
12.9e6,caps hf ps1 3 63 1 63,-5.40678517590E-001,+7.18022477528E-001,+3.00979770079E-001,+1.82833685119E-001,+3.01005275097E-001,+1.83147254016E-001,-3.34456017175E-001,+8.19297998834E-001,
12.9e6,caps hf ps1 3 63 2 0,-5.40921653392E-001,+7.18337585411E-001,+3.01526130175E-001,+1.80592486731E-001,+3.01788429157E-001,+1.80495064830E-001,-3.23191502782E-001,+8.24875819795E-001,
12.9e6,caps hf ps1 3 63 2 15,-5.42095485233E-001,+7.18055906782E-001,+3.03400037464E-001,+1.74852064862E-001,+3.03751328581E-001,+1.74941942436E-001,-2.95158883148E-001,+8.37532630549E-001,
12.9e6,caps hf ps1 3 63 2 16,-5.42280209148E-001,+7.18564513353E-001,+3.03811534342E-001,+1.72730623676E-001,+3.04465148935E-001,+1.73355707596E-001,-2.86908592967E-001,+8.41266949576E-001,
12.9e6,caps hf ps1 3 63 2 31,-5.42934971201E-001,+7.18253565501E-001,+3.04760837531E-001,+1.67369223358E-001,+3.04953678382E-001,+1.68079623878E-001,-2.59252745366E-001,+8.50612846650E-001,
12.9e6,caps hf ps1 3 63 2 32,-5.44603775899E-001,+7.18693308935E-001,+3.05403834204E-001,+1.64301741498E-001,+3.05516678556E-001,+1.64807633398E-001,-2.45163047735E-001,+8.55262285163E-001,
12.9e6,caps hf ps1 3 63 2 47,-5.45247347305E-001,+7.18561111480E-001,+3.05763056917E-001,+1.59555583990E-001,+3.06689152706E-001,+1.59645427138E-001,-2.18715189942E-001,+8.63722672035E-001,
12.9e6,caps hf ps1 3 63 2 48,-5.46195356288E-001,+7.18115483934E-001,+3.05966368480E-001,+1.57834735303E-001,+3.05966419266E-001,+1.57205756871E-001,-2.10272823176E-001,+8.65736070124E-001,
12.9e6,caps hf ps1 3 63 2 63,-5.47232337979E-001,+7.18549276112E-001,+3.06487788171E-001,+1.52550988291E-001,+3.07133250670E-001,+1.53077739716E-001,-1.85056544494E-001,+8.71991170725E-001,
12.9e6,caps hf ps1 3 63 3 0,-5.46513523497E-001,+7.18833940001E-001,+3.06816506742E-001,+1.50198331781E-001,+3.07060997270E-001,+1.50787405798E-001,-1.75579337418E-001,+8.73528262109E-001,
12.9e6,caps hf ps1 3 63 3 15,-5.48102305850E-001,+7.18420526188E-001,+3.07252571744E-001,+1.45715711854E-001,+3.07511165177E-001,+1.45432361696E-001,-1.50685771619E-001,+8.80902026782E-001,
12.9e6,caps hf ps1 3 63 3 16,-5.48794992015E-001,+7.18848399625E-001,+3.07332444457E-001,+1.44390406123E-001,+3.07869575625E-001,+1.44231686683E-001,-1.43544211149E-001,+8.81544619172E-001,
12.9e6,caps hf ps1 3 63 3 31,-5.48520986358E-001,+7.18840549667E-001,+3.07348973999E-001,+1.39131371177E-001,+3.07737086675E-001,+1.39867711040E-001,-1.19831272374E-001,+8.85922837870E-001,
12.9e6,caps hf ps1 3 63 3 32,-5.49790772313E-001,+7.18144951184E-001,+3.07391561141E-001,+1.36924207910E-001,+3.08207634897E-001,+1.36921062922E-001,-1.08039875217E-001,+8.88203002303E-001,
12.9e6,caps hf ps1 3 63 3 47,-5.50334730695E-001,+7.18899800421E-001,+3.07778579527E-001,+1.32748659380E-001,+3.07900263126E-001,+1.32659836816E-001,-8.48787897445E-002,+8.91609021082E-001,
12.9e6,caps hf ps1 3 63 3 48,-5.51166849363E-001,+7.19706176322E-001,+3.07593677149E-001,+1.31219077381E-001,+3.07613873449E-001,+1.31092044057E-001,-7.80071841689E-002,+8.91906772609E-001,
12.9e6,caps hf ps1 3 63 3 63,-5.51527176303E-001,+7.18895135052E-001,+3.07369120345E-001,+1.27250357745E-001,+3.07674510633E-001,+1.27311642893E-001,-5.66110842446E-002,+8.94520841345E-001,
12.9e6,caps hf ps1 3 63 4 0,-5.51853170390E-001,+7.19467976101E-001,+3.07290144923E-001,+1.26613758378E-001,+3.07991641574E-001,+1.26474846794E-001,-5.49755052179E-002,+8.96312456441E-001,
12.9e6,caps hf ps1 3 63 4 15,-5.52747908993E-001,+7.19664216584E-001,+3.06917264353E-001,+1.22118336995E-001,+3.07673504338E-001,+1.22648518763E-001,-3.37632021689E-002,+8.98056202033E-001,
12.9e6,caps hf ps1 3 63 4 16,-5.52636938775E-001,+7.19166008886E-001,+3.07129501026E-001,+1.21184659849E-001,+3.07574460610E-001,+1.20939050647E-001,-2.76391901233E-002,+8.97329224773E-001,
12.9e6,caps hf ps1 3 63 4 31,-5.52598156388E-001,+7.20332296200E-001,+3.06758781968E-001,+1.16668800713E-001,+3.06778009360E-001,+1.17119586491E-001,-7.82297764818E-003,+8.98629264231E-001,
12.9e6,caps hf ps1 3 63 4 32,-5.53293829652E-001,+7.19703686733E-001,+3.06353931802E-001,+1.15383167331E-001,+3.06792110475E-001,+1.15418124358E-001,+2.73758872253E-003,+9.00188884806E-001,
12.9e6,caps hf ps1 3 63 4 47,-5.54145207660E-001,+7.19824503221E-001,+3.06300014509E-001,+1.11493032365E-001,+3.06159197993E-001,+1.11845849761E-001,+2.15726504131E-002,+8.99991776422E-001,
12.9e6,caps hf ps1 3 63 4 48,-5.55260406127E-001,+7.19892022686E-001,+3.06137451881E-001,+1.10296273815E-001,+3.05991949067E-001,+1.10807135650E-001,+2.64251412712E-002,+9.00422651519E-001,
12.9e6,caps hf ps1 3 63 4 63,-5.55847670639E-001,+7.19602698456E-001,+3.04882835947E-001,+1.07519793801E-001,+3.05340272693E-001,+1.07153097096E-001,+4.53072915747E-002,+9.00439972817E-001,
12.9e6,caps hf ps1 3 63 5 0,-5.55087384027E-001,+7.20140261825E-001,+3.05283797627E-001,+1.06454645864E-001,+3.05405085136E-001,+1.06187580543E-001,+4.78690000309E-002,+9.00804289847E-001,
12.9e6,caps hf ps1 3 63 5 15,-5.55854588852E-001,+7.19927465514E-001,+3.04909584926E-001,+1.03066152411E-001,+3.05148193783E-001,+1.03235337694E-001,+6.61118570339E-002,+9.00586000603E-001,
12.9e6,caps hf ps1 3 63 5 16,-5.55723010605E-001,+7.21151237035E-001,+3.04536794430E-001,+1.01983064792E-001,+3.05053021384E-001,+1.02074451052E-001,+7.16491595538E-002,+9.00824171980E-001,
12.9e6,caps hf ps1 3 63 5 31,-5.57269075801E-001,+7.19763685999E-001,+3.03864789390E-001,+9.94525822381E-002,+3.04223295557E-001,+9.89425048172E-002,+8.79161102857E-002,+8.99869400205E-001,
12.9e6,caps hf ps1 3 63 5 32,-5.57285354235E-001,+7.20879876045E-001,+3.03775143671E-001,+9.71413765014E-002,+3.03819904360E-001,+9.70473880833E-002,+9.63528487046E-002,+8.98867411608E-001,
12.9e6,caps hf ps1 3 63 5 47,-5.57859851155E-001,+7.21344723880E-001,+3.02755095337E-001,+9.40554700966E-002,+3.03082272886E-001,+9.44004272541E-002,+1.11637050432E-001,+8.98170674212E-001,
12.9e6,caps hf ps1 3 63 5 48,-5.57573066898E-001,+7.20953023751E-001,+3.02644956788E-001,+9.35734419086E-002,+3.02519714979E-001,+9.35471795277E-002,+1.16707306707E-001,+8.97345203525E-001,
12.9e6,caps hf ps1 3 63 5 63,-5.58750902381E-001,+7.20938373926E-001,+3.01967691363E-001,+9.04088709479E-002,+3.02418107239E-001,+9.04431172877E-002,+1.31865380614E-001,+8.95895866199E-001,
12.9e6,caps hf ps1 3 63 6 0,-5.58113335610E-001,+7.21641312655E-001,+3.02204635949E-001,+9.06960627906E-002,+3.02332015465E-001,+9.04921203060E-002,+1.29605422224E-001,+8.96954857967E-001,
12.9e6,caps hf ps1 3 63 6 15,-5.59138510176E-001,+7.21004057097E-001,+3.01455820799E-001,+8.83459993835E-002,+3.01640449190E-001,+8.78989073919E-002,+1.45149820749E-001,+8.94846181391E-001,
12.9e6,caps hf ps1 3 63 6 16,-5.59053923313E-001,+7.21767479191E-001,+3.01517653319E-001,+8.71183343615E-002,+3.01601079885E-001,+8.72206308699E-002,+1.48786291472E-001,+8.94648509162E-001,
12.9e6,caps hf ps1 3 63 6 31,-5.60171387766E-001,+7.22045101712E-001,+3.01017212577E-001,+8.47524140614E-002,+3.00582224063E-001,+8.42973104974E-002,+1.63449806925E-001,+8.92310390609E-001,
12.9e6,caps hf ps1 3 63 6 32,-5.60431603882E-001,+7.22513909789E-001,+3.00221123939E-001,+8.29719667365E-002,+3.00521579845E-001,+8.33300033564E-002,+1.70503685287E-001,+8.92812895952E-001,
12.9e6,caps hf ps1 3 63 6 47,-5.60085729754E-001,+7.23204952517E-001,+2.99394771443E-001,+8.04368128398E-002,+2.99121205246E-001,+8.00095002173E-002,+1.84348534137E-001,+8.89254666299E-001,
12.9e6,caps hf ps1 3 63 6 48,-5.60491024020E-001,+7.22359785601E-001,+2.99007165989E-001,+7.99219901901E-002,+2.99228048132E-001,+8.02023843461E-002,+1.87400507646E-001,+8.89914942907E-001,
12.9e6,caps hf ps1 3 63 6 63,-5.60704148083E-001,+7.22458684664E-001,+2.98339925940E-001,+7.72626698937E-002,+2.98621025084E-001,+7.73168216313E-002,+2.00767451176E-001,+8.87675298489E-001,
12.9e6,caps hf ps1 4 0 0 0,-5.24782415985E-001,+7.24044672272E-001,+2.63013759607E-001,+2.49961898255E-001,+2.64122171995E-001,+2.50653656597E-001,-6.58889295281E-001,+5.84432873226E-001,
12.9e6,caps hf ps1 4 0 0 15,-5.26142311956E-001,+7.23110202910E-001,+2.69129736993E-001,+2.43693751328E-001,+2.68694129915E-001,+2.43850212635E-001,-6.27715197790E-001,+6.16416407690E-001,
12.9e6,caps hf ps1 4 0 0 16,-5.26809981697E-001,+7.24077242145E-001,+2.70739988620E-001,+2.41096587444E-001,+2.70114598966E-001,+2.41790572891E-001,-6.18264666804E-001,+6.26111373100E-001,
12.9e6,caps hf ps1 4 0 0 31,-5.28723469002E-001,+7.22804462464E-001,+2.75069065019E-001,+2.34337235687E-001,+2.75245509059E-001,+2.35489658713E-001,-5.87750026755E-001,+6.55635171701E-001,
12.9e6,caps hf ps1 4 0 0 32,-5.29090222919E-001,+7.22789655480E-001,+2.77677406846E-001,+2.31045307233E-001,+2.77157650065E-001,+2.31341748330E-001,-5.70896237182E-001,+6.70397207741E-001,
12.9e6,caps hf ps1 4 0 0 47,-5.30094893370E-001,+7.22111476675E-001,+2.81520669470E-001,+2.24081657164E-001,+2.82192786317E-001,+2.24937260212E-001,-5.39633075121E-001,+6.97443147408E-001,
12.9e6,caps hf ps1 4 0 0 48,-5.29974014925E-001,+7.20918499954E-001,+2.82759013165E-001,+2.22127790249E-001,+2.82661981004E-001,+2.22374857101E-001,-5.30378958941E-001,+7.04254885086E-001,
12.9e6,caps hf ps1 4 0 0 63,-5.32185365108E-001,+7.22152190982E-001,+2.86268981708E-001,+2.15503049565E-001,+2.85640297528E-001,+2.15533346370E-001,-4.98273774395E-001,+7.26600968353E-001,
12.9e6,caps hf ps1 4 0 1 0,-5.32148268252E-001,+7.21010049695E-001,+2.87167315322E-001,+2.13157901442E-001,+2.87570351701E-001,+2.13952739746E-001,-4.88683370687E-001,+7.35017279580E-001,
12.9e6,caps hf ps1 4 0 1 15,-5.33637812328E-001,+7.21113144711E-001,+2.90364987246E-001,+2.07472912959E-001,+2.90777234531E-001,+2.06951739080E-001,-4.58226554716E-001,+7.55626046830E-001,
12.9e6,caps hf ps1 4 0 1 16,-5.33977800328E-001,+7.20824778960E-001,+2.91123041128E-001,+2.05226855810E-001,+2.91861078221E-001,+2.04841362629E-001,-4.48661455968E-001,+7.61373823998E-001,
12.9e6,caps hf ps1 4 0 1 31,-5.35514100018E-001,+7.20055652857E-001,+2.93308830228E-001,+1.99054842845E-001,+2.94114135788E-001,+1.98768946241E-001,-4.17562987851E-001,+7.79146416658E-001,
12.9e6,caps hf ps1 4 0 1 32,-5.36095974338E-001,+7.20934334544E-001,+2.95286399673E-001,+1.95565881108E-001,+2.95189018391E-001,+1.95882653943E-001,-4.02034254038E-001,+7.88365577098E-001,
12.9e6,caps hf ps1 4 0 1 47,-5.37128982834E-001,+7.19850784777E-001,+2.97440503539E-001,+1.89868748480E-001,+2.97477978880E-001,+1.89786346466E-001,-3.72528001825E-001,+8.02945676923E-001,
12.9e6,caps hf ps1 4 0 1 48,-5.37407479575E-001,+7.19077693273E-001,+2.97669902175E-001,+1.87393688281E-001,+2.97743137805E-001,+1.87665301338E-001,-3.63648088722E-001,+8.07382629359E-001,
12.9e6,caps hf ps1 4 0 1 63,-5.38148560261E-001,+7.20142703565E-001,+2.99335130349E-001,+1.82067686361E-001,+2.99912892081E-001,+1.81989848222E-001,-3.33247641375E-001,+8.21114238967E-001,
12.9e6,caps hf ps1 4 0 2 0,-5.38989603194E-001,+7.20385146175E-001,+3.00120843947E-001,+1.78832586207E-001,+3.00408166486E-001,+1.78940933602E-001,-3.21584083461E-001,+8.27095262108E-001,
12.9e6,caps hf ps1 4 0 2 15,-5.41131369221E-001,+7.20531278557E-001,+3.01625295603E-001,+1.73802485190E-001,+3.01901079470E-001,+1.73396823636E-001,-2.93907321778E-001,+8.38084552398E-001,
12.9e6,caps hf ps1 4 0 2 16,-5.40836704712E-001,+7.19974028403E-001,+3.01644259662E-001,+1.71360713657E-001,+3.02009807273E-001,+1.71858261106E-001,-2.84592150321E-001,+8.41799690749E-001,
12.9e6,caps hf ps1 4 0 2 31,-5.41952606759E-001,+7.20442906962E-001,+3.03226318348E-001,+1.65767019598E-001,+3.03125858690E-001,+1.66325157099E-001,-2.57347054632E-001,+8.51417028128E-001,
12.9e6,caps hf ps1 4 0 2 32,-5.43224763599E-001,+7.19785346407E-001,+3.03621673466E-001,+1.63506486100E-001,+3.04136338661E-001,+1.62895257623E-001,-2.42948948720E-001,+8.56823671086E-001,
12.9e6,caps hf ps1 4 0 2 47,-5.43104955758E-001,+7.20405464525E-001,+3.04291119469E-001,+1.58319760812E-001,+3.04553255113E-001,+1.57769323956E-001,-2.17261335154E-001,+8.63249372742E-001,
12.9e6,caps hf ps1 4 0 2 48,-5.43456760795E-001,+7.20571066289E-001,+3.04671510501E-001,+1.56124059428E-001,+3.05066293906E-001,+1.56275404679E-001,-2.08404704589E-001,+8.66139820496E-001,
12.9e6,caps hf ps1 4 0 2 63,-5.44457796567E-001,+7.20140780619E-001,+3.05274747611E-001,+1.51138228620E-001,+3.05419324476E-001,+1.51593997352E-001,-1.83585700062E-001,+8.72237131025E-001,
12.9e6,caps hf ps1 4 0 3 0,-5.45368298450E-001,+7.20320801246E-001,+3.05350087084E-001,+1.49005871708E-001,+3.05120538170E-001,+1.49452156216E-001,-1.73284074879E-001,+8.75983302518E-001,
12.9e6,caps hf ps1 4 0 3 15,-5.46617426999E-001,+7.19888504221E-001,+3.05782843774E-001,+1.44631882322E-001,+3.05864466400E-001,+1.44307624481E-001,-1.49275472462E-001,+8.80611087097E-001,
12.9e6,caps hf ps1 4 0 3 16,-5.46709688212E-001,+7.20316371209E-001,+3.05692577217E-001,+1.42645335866E-001,+3.05672093371E-001,+1.42841464448E-001,-1.41127160795E-001,+8.82167268647E-001,
12.9e6,caps hf ps1 4 0 3 31,-5.47584658776E-001,+7.21299077836E-001,+3.06454970726E-001,+1.38517908865E-001,+3.05621062154E-001,+1.38114164397E-001,-1.17912298018E-001,+8.86996135100E-001,
12.9e6,caps hf ps1 4 0 3 32,-5.47484791359E-001,+7.20659080446E-001,+3.05569522577E-001,+1.35901144733E-001,+3.06092856575E-001,+1.36196917249E-001,-1.06575211572E-001,+8.87734342140E-001,
12.9e6,caps hf ps1 4 0 3 47,-5.48683296049E-001,+7.21158509051E-001,+3.06539767617E-001,+1.31417358775E-001,+3.06139750191E-001,+1.31782867517E-001,-8.34530853782E-002,+8.91071665685E-001,
12.9e6,caps hf ps1 4 0 3 48,-5.49270768620E-001,+7.21078108998E-001,+3.06083775424E-001,+1.30325662718E-001,+3.05635701389E-001,+1.30727547079E-001,-7.73957781870E-002,+8.92032473922E-001,
12.9e6,caps hf ps1 4 0 3 63,-5.49415141183E-001,+7.21477915349E-001,+3.06478047349E-001,+1.25917607532E-001,+3.05707186371E-001,+1.26123127785E-001,-5.53869027794E-002,+8.94837678711E-001,
12.9e6,caps hf ps1 4 0 4 0,-5.49517076919E-001,+7.20511605819E-001,+3.05808416857E-001,+1.25369213163E-001,+3.05756811687E-001,+1.25626864721E-001,-5.30275885913E-002,+8.94862810231E-001,
12.9e6,caps hf ps1 4 0 4 15,-5.50716294609E-001,+7.21195064048E-001,+3.05581421793E-001,+1.21907362919E-001,+3.05676664564E-001,+1.21839950440E-001,-3.27013860497E-002,+8.97712304073E-001,
12.9e6,caps hf ps1 4 0 4 16,-5.50987592319E-001,+7.21441023693E-001,+3.05064320626E-001,+1.20023686679E-001,+3.05533100078E-001,+1.20643233651E-001,-2.64458073328E-002,+8.98418183749E-001,
12.9e6,caps hf ps1 4 0 4 31,-5.52429679658E-001,+7.21443303861E-001,+3.05858308032E-001,+1.16608905424E-001,+3.05551508426E-001,+1.16475052543E-001,-6.70158846300E-003,+9.00119831610E-001,
12.9e6,caps hf ps1 4 0 4 32,-5.51097961493E-001,+7.21379677723E-001,+3.04896106266E-001,+1.15035031899E-001,+3.05275261417E-001,+1.14438745476E-001,+3.75985924148E-003,+9.00435007563E-001,
12.9e6,caps hf ps1 4 0 4 47,-5.52606820115E-001,+7.22375520759E-001,+3.04350284886E-001,+1.11378164967E-001,+3.05093529693E-001,+1.10650192551E-001,+2.30722072828E-002,+9.00116516791E-001,
12.9e6,caps hf ps1 4 0 4 48,-5.52860519027E-001,+7.21835102541E-001,+3.04774218645E-001,+1.09775415513E-001,+3.04566998645E-001,+1.09273127455E-001,+2.86500487791E-002,+9.00075562027E-001,
12.9e6,caps hf ps1 4 0 4 63,-5.53241313523E-001,+7.21344628651E-001,+3.03481865439E-001,+1.06416025759E-001,+3.04231926616E-001,+1.06102752298E-001,+4.65018237760E-002,+9.01005811222E-001,
12.9e6,caps hf ps1 4 0 5 0,-5.53205214881E-001,+7.21769882239E-001,+3.03554172691E-001,+1.05747608246E-001,+3.04366535485E-001,+1.05659646311E-001,+4.92689361397E-002,+9.00712588345E-001,
12.9e6,caps hf ps1 4 0 5 15,-5.54074304078E-001,+7.21879784256E-001,+3.03132857021E-001,+1.02593297806E-001,+3.03238150855E-001,+1.02427816017E-001,+6.69101410620E-002,+9.00300772043E-001,
12.9e6,caps hf ps1 4 0 5 16,-5.54636346022E-001,+7.22248383338E-001,+3.02906044609E-001,+1.02004694112E-001,+3.03110164220E-001,+1.01592138764E-001,+7.18474437162E-002,+8.99724123871E-001,
12.9e6,caps hf ps1 4 0 5 31,-5.54972760732E-001,+7.22613173319E-001,+3.02007256140E-001,+9.83750439037E-002,+3.02679400531E-001,+9.82360766176E-002,+8.92314439740E-002,+9.00098266859E-001,
12.9e6,caps hf ps1 4 0 5 32,-5.55200226899E-001,+7.22618219773E-001,+3.02300770078E-001,+9.69813293093E-002,+3.02366890367E-001,+9.65177888495E-002,+9.74671382959E-002,+8.99195127664E-001,
12.9e6,caps hf ps1 4 0 5 47,-5.55570248436E-001,+7.23058802891E-001,+3.01672046380E-001,+9.34631758835E-002,+3.01525338568E-001,+9.43355975247E-002,+1.12657002308E-001,+8.97334773310E-001,
12.9e6,caps hf ps1 4 0 5 48,-5.56019974293E-001,+7.23261068173E-001,+3.01231764174E-001,+9.27815912006E-002,+3.01681579767E-001,+9.32741651926E-002,+1.17409986650E-001,+8.97276781518E-001,
12.9e6,caps hf ps1 4 0 5 63,-5.55648577060E-001,+7.23473063943E-001,+3.00313399998E-001,+8.98161555341E-002,+3.00494519549E-001,+8.97904747964E-002,+1.33118231054E-001,+8.96028287908E-001,
12.9e6,caps hf ps1 4 0 6 0,-5.55756784428E-001,+7.24077294539E-001,+3.00653398122E-001,+8.99071324024E-002,+3.00718578974E-001,+8.97466903733E-002,+1.30971646813E-001,+8.96680565489E-001,
12.9e6,caps hf ps1 4 0 6 15,-5.56491765714E-001,+7.23375703170E-001,+2.99722061304E-001,+8.73474886995E-002,+2.99700067707E-001,+8.66859564145E-002,+1.47588155642E-001,+8.95232483380E-001,
12.9e6,caps hf ps1 4 0 6 16,-5.56913223107E-001,+7.23322039135E-001,+2.99942163948E-001,+8.69951176388E-002,+3.00071287077E-001,+8.67599994444E-002,+1.50410955556E-001,+8.94905183029E-001,
12.9e6,caps hf ps1 4 0 6 31,-5.57637735127E-001,+7.23251941250E-001,+2.99183648039E-001,+8.40001085552E-002,+2.99192779730E-001,+8.34059537763E-002,+1.64995646933E-001,+8.93077534405E-001,
12.9e6,caps hf ps1 4 0 6 32,-5.57723152951E-001,+7.23796213899E-001,+2.98906778551E-001,+8.27548174108E-002,+2.99030063048E-001,+8.24803532121E-002,+1.71409874283E-001,+8.92353566784E-001,
12.9e6,caps hf ps1 4 0 6 47,-5.57908010602E-001,+7.23684617569E-001,+2.97965343044E-001,+8.03232523492E-002,+2.97807970961E-001,+8.00924555510E-002,+1.85432572952E-001,+8.89935102393E-001,
12.9e6,caps hf ps1 4 0 6 48,-5.57984188285E-001,+7.24536590978E-001,+2.97776308063E-001,+7.93995583309E-002,+2.97566479851E-001,+7.94701239604E-002,+1.88082894261E-001,+8.88996329406E-001,
12.9e6,caps hf ps1 4 0 6 63,-5.58230885483E-001,+7.24751542478E-001,+2.96853110135E-001,+7.71585118107E-002,+2.97084229317E-001,+7.71978407933E-002,+2.00986637113E-001,+8.86454900618E-001,
12.9e6,caps hf ps1 4 15 0 0,-5.16025687879E-001,+7.38142075359E-001,+2.56362211028E-001,+2.36810332304E-001,+2.56955217724E-001,+2.37367273343E-001,-6.53915110679E-001,+5.97141624866E-001,
12.9e6,caps hf ps1 4 15 0 15,-5.17824507516E-001,+7.37172492101E-001,+2.61965635962E-001,+2.30023970977E-001,+2.62407739564E-001,+2.30802663312E-001,-6.22024866836E-001,+6.30496216457E-001,
12.9e6,caps hf ps1 4 15 0 16,-5.18890202629E-001,+7.36643969378E-001,+2.63681322936E-001,+2.28342201959E-001,+2.63413345503E-001,+2.28330377365E-001,-6.12291499365E-001,+6.39961270021E-001,
12.9e6,caps hf ps1 4 15 0 31,-5.19276540386E-001,+7.36733118007E-001,+2.68463054341E-001,+2.21176117633E-001,+2.67936438250E-001,+2.21736629649E-001,-5.80641348823E-001,+6.69685219607E-001,
12.9e6,caps hf ps1 4 15 0 32,-5.20417841881E-001,+7.35749036599E-001,+2.69763505521E-001,+2.17854010011E-001,+2.69937263838E-001,+2.17790025288E-001,-5.64152244150E-001,+6.83823979100E-001,
12.9e6,caps hf ps1 4 15 0 47,-5.21554187981E-001,+7.35977938322E-001,+2.73971022597E-001,+2.11950097140E-001,+2.73760647584E-001,+2.12413136899E-001,-5.32283867722E-001,+7.09270738801E-001,
12.9e6,caps hf ps1 4 15 0 48,-5.22528429838E-001,+7.35238244087E-001,+2.74941141699E-001,+2.09267350198E-001,+2.75306545035E-001,+2.09779828501E-001,-5.23048773058E-001,+7.16774205550E-001,
12.9e6,caps hf ps1 4 15 0 63,-5.22574266504E-001,+7.35101624045E-001,+2.78444667800E-001,+2.02920261172E-001,+2.78340652192E-001,+2.03764141751E-001,-4.91507679810E-001,+7.39733819085E-001,
12.9e6,caps hf ps1 4 15 1 0,-5.24106831368E-001,+7.34703019789E-001,+2.79055574958E-001,+2.00563388665E-001,+2.79938658334E-001,+2.00991698355E-001,-4.81888903507E-001,+7.46927961950E-001,
12.9e6,caps hf ps1 4 15 1 15,-5.24805005265E-001,+7.34694448826E-001,+2.81906762961E-001,+1.94404966525E-001,+2.82178399371E-001,+1.95304793475E-001,-4.49636779070E-001,+7.67010926175E-001,
12.9e6,caps hf ps1 4 15 1 16,-5.25273675237E-001,+7.33842436779E-001,+2.82651632634E-001,+1.92400621806E-001,+2.82993787454E-001,+1.92747333429E-001,-4.40229735173E-001,+7.73562807408E-001,
12.9e6,caps hf ps1 4 15 1 31,-5.26919556602E-001,+7.33810189731E-001,+2.85141772510E-001,+1.86620141134E-001,+2.85310848795E-001,+1.86541308069E-001,-4.09225942947E-001,+7.90777643167E-001,
12.9e6,caps hf ps1 4 15 1 32,-5.27002377725E-001,+7.33760270298E-001,+2.86565658769E-001,+1.83134419205E-001,+2.86175193465E-001,+1.83842054951E-001,-3.93512494467E-001,+7.98440405365E-001,
12.9e6,caps hf ps1 4 15 1 47,-5.28286475181E-001,+7.33677205940E-001,+2.88178633429E-001,+1.77295844018E-001,+2.87884316097E-001,+1.77506528607E-001,-3.63327668626E-001,+8.13606689955E-001,
12.9e6,caps hf ps1 4 15 1 48,-5.28309036298E-001,+7.33746208529E-001,+2.88889244945E-001,+1.75330678690E-001,+2.88767592040E-001,+1.75880186658E-001,-3.53855583726E-001,+8.18394932460E-001,
12.9e6,caps hf ps1 4 15 1 63,-5.29500935392E-001,+7.32675424702E-001,+2.90209498332E-001,+1.70112210235E-001,+2.90567501440E-001,+1.70283522137E-001,-3.24042301820E-001,+8.31177588151E-001,
12.9e6,caps hf ps1 4 15 2 0,-5.30672785126E-001,+7.33102548478E-001,+2.90565277042E-001,+1.67319788228E-001,+2.91088377341E-001,+1.67628166963E-001,-3.12253815773E-001,+8.36421065988E-001,
12.9e6,caps hf ps1 4 15 2 15,-5.31099504045E-001,+7.33683106816E-001,+2.92193234902E-001,+1.61127873826E-001,+2.92059314442E-001,+1.61683076138E-001,-2.83359397656E-001,+8.48116565505E-001,
12.9e6,caps hf ps1 4 15 2 16,-5.32299837627E-001,+7.33802360081E-001,+2.92543644086E-001,+1.59997058942E-001,+2.92987616069E-001,+1.59875733648E-001,-2.74659857369E-001,+8.51564261448E-001,
12.9e6,caps hf ps1 4 15 2 31,-5.32519589680E-001,+7.33959725267E-001,+2.93408503991E-001,+1.54371529758E-001,+2.93606733428E-001,+1.54328629774E-001,-2.46500797416E-001,+8.60509690691E-001,
12.9e6,caps hf ps1 4 15 2 32,-5.33007091555E-001,+7.34013747908E-001,+2.93353494872E-001,+1.51962301161E-001,+2.93819194585E-001,+1.52008005790E-001,-2.32418884966E-001,+8.64000862066E-001,
12.9e6,caps hf ps1 4 15 2 47,-5.33904966186E-001,+7.34478521950E-001,+2.94087840498E-001,+1.46965153791E-001,+2.94396442824E-001,+1.46969002651E-001,-2.06010887290E-001,+8.72058396715E-001,
12.9e6,caps hf ps1 4 15 2 48,-5.34753928841E-001,+7.33929628351E-001,+2.94260922193E-001,+1.45075343554E-001,+2.94348102471E-001,+1.45142509929E-001,-1.98174669533E-001,+8.74377994394E-001,
12.9e6,caps hf ps1 4 15 2 63,-5.35349112031E-001,+7.34448890269E-001,+2.95118803018E-001,+1.40508989973E-001,+2.95018958889E-001,+1.40655236320E-001,-1.72341824561E-001,+8.80565670179E-001,
12.9e6,caps hf ps1 4 15 3 0,-5.36090365200E-001,+7.33508520705E-001,+2.94843965655E-001,+1.39038155984E-001,+2.95034351950E-001,+1.38503642442E-001,-1.62998856480E-001,+8.82075006007E-001,
12.9e6,caps hf ps1 4 15 3 15,-5.36814186506E-001,+7.34536439421E-001,+2.95294037255E-001,+1.34236141805E-001,+2.95203626439E-001,+1.33935612149E-001,-1.37793203194E-001,+8.87952752572E-001,
12.9e6,caps hf ps1 4 15 3 16,-5.37087204993E-001,+7.33084445358E-001,+2.95150195659E-001,+1.32550878241E-001,+2.95790696968E-001,+1.32799141257E-001,-1.31349970349E-001,+8.89667188588E-001,
12.9e6,caps hf ps1 4 15 3 31,-5.38339380801E-001,+7.34028013460E-001,+2.95806234461E-001,+1.27873239256E-001,+2.95381012117E-001,+1.28171144634E-001,-1.07448519198E-001,+8.92843055849E-001,
12.9e6,caps hf ps1 4 15 3 32,-5.38158817472E-001,+7.34368495003E-001,+2.95403702458E-001,+1.25765467796E-001,+2.95879569878E-001,+1.25871535359E-001,-9.53283993813E-002,+8.95329221026E-001,
12.9e6,caps hf ps1 4 15 3 47,-5.38968487376E-001,+7.34252894457E-001,+2.95224708551E-001,+1.21462534019E-001,+2.95530797552E-001,+1.21734665255E-001,-7.27073600713E-002,+8.98116950138E-001,
12.9e6,caps hf ps1 4 15 3 48,-5.39632818943E-001,+7.34623610771E-001,+2.94986197002E-001,+1.20143562861E-001,+2.94707682716E-001,+1.20399725010E-001,-6.58683411042E-002,+8.98530655795E-001,
12.9e6,caps hf ps1 4 15 3 63,-5.40070528454E-001,+7.34120793028E-001,+2.94430811088E-001,+1.16322131747E-001,+2.94949254820E-001,+1.16667320006E-001,-4.49035665823E-002,+9.00650497376E-001,
12.9e6,caps hf ps1 4 15 4 0,-5.40182625279E-001,+7.35700159191E-001,+2.94701916946E-001,+1.15954383679E-001,+2.94607060071E-001,+1.15959747453E-001,-4.25652041561E-002,+9.00836433497E-001,
12.9e6,caps hf ps1 4 15 4 15,-5.40377787588E-001,+7.35309670144E-001,+2.94929147404E-001,+1.12369430577E-001,+2.94606285316E-001,+1.11413443412E-001,-2.07517966204E-002,+9.03479101948E-001,
12.9e6,caps hf ps1 4 15 4 16,-5.40609270189E-001,+7.35949911670E-001,+2.94507035235E-001,+1.10524416553E-001,+2.94758748552E-001,+1.10210466350E-001,-1.51538676103E-002,+9.02607605181E-001,
12.9e6,caps hf ps1 4 15 4 31,-5.40705661343E-001,+7.35345865448E-001,+2.94284735945E-001,+1.07380047199E-001,+2.93943918478E-001,+1.07717393679E-001,+4.49055515935E-003,+9.04036457435E-001,
12.9e6,caps hf ps1 4 15 4 32,-5.41405781790E-001,+7.35073622076E-001,+2.93868434396E-001,+1.05146145075E-001,+2.93828000137E-001,+1.05404611038E-001,+1.42539793795E-002,+9.04405071663E-001,
12.9e6,caps hf ps1 4 15 4 47,-5.42493978422E-001,+7.35273251646E-001,+2.93736505695E-001,+1.01955915490E-001,+2.93430155905E-001,+1.02122106941E-001,+3.36091716516E-002,+9.04569509584E-001,
12.9e6,caps hf ps1 4 15 4 48,-5.42081483794E-001,+7.34837492434E-001,+2.93066302843E-001,+1.00308976620E-001,+2.93612905955E-001,+1.01148205380E-001,+3.91815035779E-002,+9.04959566958E-001,
12.9e6,caps hf ps1 4 15 4 63,-5.42726295230E-001,+7.36141231364E-001,+2.92537509799E-001,+9.70259382536E-002,+2.92905254713E-001,+9.76123050679E-002,+5.79477703366E-002,+9.05122759378E-001,
12.9e6,caps hf ps1 4 15 5 0,-5.43055119721E-001,+7.35666939106E-001,+2.92850032647E-001,+9.67520409934E-002,+2.93042031448E-001,+9.70238556465E-002,+5.97359016156E-002,+9.05755364423E-001,
12.9e6,caps hf ps1 4 15 5 15,-5.43616945265E-001,+7.36429721392E-001,+2.91865773710E-001,+9.35936256236E-002,+2.92241770303E-001,+9.35987711844E-002,+7.84054547764E-002,+9.04848523284E-001,
12.9e6,caps hf ps1 4 15 5 16,-5.43783458227E-001,+7.36136710999E-001,+2.91937151294E-001,+9.23443941034E-002,+2.91816863138E-001,+9.30505372813E-002,+8.27061520582E-002,+9.04325780619E-001,
12.9e6,caps hf ps1 4 15 5 31,-5.45127250904E-001,+7.35982865743E-001,+2.90896137299E-001,+8.97339822716E-002,+2.91641892750E-001,+8.96439768190E-002,+9.96472812752E-002,+9.03090364436E-001,
12.9e6,caps hf ps1 4 15 5 32,-5.44429638096E-001,+7.36691533266E-001,+2.90811898894E-001,+8.79555340468E-002,+2.91093280373E-001,+8.85702183933E-002,+1.08178426535E-001,+9.02660944872E-001,
12.9e6,caps hf ps1 4 15 5 47,-5.45002209464E-001,+7.37233710008E-001,+2.89969652414E-001,+8.46657922368E-002,+2.90316934964E-001,+8.53121029347E-002,+1.23794261121E-001,+9.01732706887E-001,
12.9e6,caps hf ps1 4 15 5 48,-5.45542869077E-001,+7.36756457792E-001,+2.89883029412E-001,+8.51790677617E-002,+2.90027685767E-001,+8.40764843080E-002,+1.28865167139E-001,+9.01208402831E-001,
12.9e6,caps hf ps1 4 15 5 63,-5.46751313446E-001,+7.37017078158E-001,+2.89959824903E-001,+8.16148268203E-002,+2.89048449885E-001,+8.17264735176E-002,+1.43929419993E-001,+8.98612770959E-001,
12.9e6,caps hf ps1 4 15 6 0,-5.45534258397E-001,+7.36319060867E-001,+2.88862914079E-001,+8.21367461057E-002,+2.89481613509E-001,+8.21409097405E-002,+1.41583363311E-001,+8.99496872435E-001,
12.9e6,caps hf ps1 4 15 6 15,-5.46122720186E-001,+7.37303345360E-001,+2.88669636899E-001,+7.94726927770E-002,+2.88662495736E-001,+7.93446046491E-002,+1.56628040364E-001,+8.97825994270E-001,
12.9e6,caps hf ps1 4 15 6 16,-5.46481664369E-001,+7.37425383359E-001,+2.88545831580E-001,+7.83360570223E-002,+2.88483857426E-001,+7.83696332117E-002,+1.61590036240E-001,+8.97866046951E-001,
12.9e6,caps hf ps1 4 15 6 31,-5.47025545329E-001,+7.37767174635E-001,+2.87336507121E-001,+7.60524921194E-002,+2.87739040668E-001,+7.57487638395E-002,+1.75057956641E-001,+8.95422058858E-001,
12.9e6,caps hf ps1 4 15 6 32,-5.46789115528E-001,+7.37250455021E-001,+2.87149456625E-001,+7.44247554618E-002,+2.87244316969E-001,+7.47375432387E-002,+1.81749575575E-001,+8.95429651907E-001,
12.9e6,caps hf ps1 4 15 6 47,-5.47889763520E-001,+7.38883806588E-001,+2.85873333929E-001,+7.24932740589E-002,+2.86070348207E-001,+7.26408972162E-002,+1.95461855173E-001,+8.92499973809E-001,
12.9e6,caps hf ps1 4 15 6 48,-5.47296648143E-001,+7.38335117628E-001,+2.86213900722E-001,+7.19827172870E-002,+2.86492910093E-001,+7.16916156870E-002,+1.99129856871E-001,+8.91692147907E-001,
12.9e6,caps hf ps1 4 15 6 63,-5.47491913945E-001,+7.38972403253E-001,+2.84995774735E-001,+6.89612007177E-002,+2.85376825429E-001,+6.96168346076E-002,+2.12273871533E-001,+8.89328063243E-001,
12.9e6,caps hf ps1 4 16 0 0,-5.16442226612E-001,+7.38066758467E-001,+2.56813445371E-001,+2.37193343889E-001,+2.56844152278E-001,+2.36931651787E-001,-6.54065665902E-001,+5.97002676112E-001,
12.9e6,caps hf ps1 4 16 0 15,-5.19064536029E-001,+7.36518279252E-001,+2.61492316265E-001,+2.30582032944E-001,+2.62235927843E-001,+2.30404881661E-001,-6.22282241489E-001,+6.30450968876E-001,
12.9e6,caps hf ps1 4 16 0 16,-5.18395992457E-001,+7.36557347065E-001,+2.63225621580E-001,+2.27756154212E-001,+2.63718487157E-001,+2.28495763814E-001,-6.13153198758E-001,+6.39267830406E-001,
12.9e6,caps hf ps1 4 16 0 31,-5.19580014527E-001,+7.36127239445E-001,+2.67751571782E-001,+2.21560987866E-001,+2.68265962240E-001,+2.22013198862E-001,-5.80607688407E-001,+6.69719404556E-001,
12.9e6,caps hf ps1 4 16 0 32,-5.20010036833E-001,+7.35465369850E-001,+2.70377175745E-001,+2.18278527549E-001,+2.70153271390E-001,+2.18746204586E-001,-5.65815987231E-001,+6.83728469687E-001,
12.9e6,caps hf ps1 4 16 0 47,-5.21803246380E-001,+7.35182333543E-001,+2.74031714725E-001,+2.11692371707E-001,+2.74941323165E-001,+2.11379029089E-001,-5.32023235894E-001,+7.10282655895E-001,
12.9e6,caps hf ps1 4 16 0 48,-5.22205763310E-001,+7.34885833735E-001,+2.75195539621E-001,+2.09587211301E-001,+2.75263989472E-001,+2.09812261005E-001,-5.23169375403E-001,+7.16955649964E-001,
12.9e6,caps hf ps1 4 16 0 63,-5.23068102521E-001,+7.35170914333E-001,+2.78129360060E-001,+2.02538004606E-001,+2.78304505683E-001,+2.03476955297E-001,-4.90601073804E-001,+7.39448800328E-001,
12.9e6,caps hf ps1 4 16 1 0,-5.23630645825E-001,+7.34370658495E-001,+2.79175611524E-001,+2.00657911978E-001,+2.79925948060E-001,+2.01216276206E-001,-4.81046966239E-001,+7.46952700478E-001,
12.9e6,caps hf ps1 4 16 1 15,-5.25306579660E-001,+7.34527196555E-001,+2.82032754880E-001,+1.94921702732E-001,+2.82441338546E-001,+1.95288209970E-001,-4.50617395031E-001,+7.67310610962E-001,
12.9e6,caps hf ps1 4 16 1 16,-5.25969644548E-001,+7.34221052189E-001,+2.82777608355E-001,+1.92770492443E-001,+2.82926406911E-001,+1.93106112042E-001,-4.40220365513E-001,+7.73058725799E-001,
12.9e6,caps hf ps1 4 16 1 31,-5.26923778584E-001,+7.34665860425E-001,+2.85068347946E-001,+1.86579393436E-001,+2.85491135583E-001,+1.87203246310E-001,-4.10047742429E-001,+7.90849572333E-001,
12.9e6,caps hf ps1 4 16 1 32,-5.27352784441E-001,+7.34061522928E-001,+2.86495139377E-001,+1.82968859264E-001,+2.87058678943E-001,+1.83289019679E-001,-3.93466472497E-001,+7.99255349668E-001,
12.9e6,caps hf ps1 4 16 1 47,-5.28589781435E-001,+7.32825324622E-001,+2.87951369839E-001,+1.77334867149E-001,+2.88536036917E-001,+1.77896827425E-001,-3.62910054719E-001,+8.13956084210E-001,
12.9e6,caps hf ps1 4 16 1 48,-5.29284032713E-001,+7.34338071526E-001,+2.88839839824E-001,+1.75559579024E-001,+2.89010699640E-001,+1.75293285137E-001,-3.53776727971E-001,+8.18096883523E-001,
12.9e6,caps hf ps1 4 16 1 63,-5.30581880909E-001,+7.33311673380E-001,+2.90873393419E-001,+1.70034901057E-001,+2.91078494625E-001,+1.70566162913E-001,-3.24834307836E-001,+8.31272870621E-001,
12.9e6,caps hf ps1 4 16 2 0,-5.30201003705E-001,+7.33681202067E-001,+2.90723461395E-001,+1.67310433494E-001,+2.91143756445E-001,+1.67595267750E-001,-3.11905115233E-001,+8.37014394698E-001,
12.9e6,caps hf ps1 4 16 2 15,-5.31014604769E-001,+7.33737387544E-001,+2.92449397725E-001,+1.61164845653E-001,+2.92269642285E-001,+1.62009545332E-001,-2.83548835814E-001,+8.47628315517E-001,
12.9e6,caps hf ps1 4 16 2 16,-5.32177272377E-001,+7.33397940242E-001,+2.92401437653E-001,+1.60116509093E-001,+2.92387417002E-001,+1.60373790783E-001,-2.74926283315E-001,+8.50824884300E-001,
12.9e6,caps hf ps1 4 16 2 31,-5.33056943927E-001,+7.33949383421E-001,+2.93328209981E-001,+1.54782089621E-001,+2.93779895632E-001,+1.54519673325E-001,-2.46935953743E-001,+8.60349994281E-001,
12.9e6,caps hf ps1 4 16 2 32,-5.33765089833E-001,+7.33982900735E-001,+2.93717739051E-001,+1.51732269618E-001,+2.93604314695E-001,+1.52383300299E-001,-2.33162815898E-001,+8.64531217495E-001,
12.9e6,caps hf ps1 4 16 2 47,-5.34746052848E-001,+7.34015092909E-001,+2.94607353988E-001,+1.46823412603E-001,+2.94398502978E-001,+1.46961986108E-001,-2.06152132223E-001,+8.72425625328E-001,
12.9e6,caps hf ps1 4 16 2 48,-5.34679307550E-001,+7.33859117690E-001,+2.94356860866E-001,+1.45353202905E-001,+2.94815422391E-001,+1.46110035224E-001,-1.99538589626E-001,+8.75214930595E-001,
12.9e6,caps hf ps1 4 16 2 63,-5.35746324458E-001,+7.34235877441E-001,+2.94584283451E-001,+1.40348727753E-001,+2.95366211738E-001,+1.40263131453E-001,-1.71962631298E-001,+8.80379522467E-001,
12.9e6,caps hf ps1 4 16 3 0,-5.36204747967E-001,+7.34616065904E-001,+2.94791681021E-001,+1.38250532245E-001,+2.95183919618E-001,+1.38723389959E-001,-1.62979456942E-001,+8.83106425420E-001,
12.9e6,caps hf ps1 4 16 3 15,-5.36729678537E-001,+7.33559754339E-001,+2.95031117540E-001,+1.34249524186E-001,+2.95553220152E-001,+1.33547550460E-001,-1.37103628055E-001,+8.88125228150E-001,
12.9e6,caps hf ps1 4 16 3 16,-5.36922500561E-001,+7.34492782624E-001,+2.95484457395E-001,+1.32615487185E-001,+2.95132682889E-001,+1.32687640499E-001,-1.30808817130E-001,+8.90141877834E-001,
12.9e6,caps hf ps1 4 16 3 31,-5.37953897618E-001,+7.33987033763E-001,+2.95496933062E-001,+1.27805260340E-001,+2.95580567086E-001,+1.27761344029E-001,-1.07328841119E-001,+8.93563136144E-001,
12.9e6,caps hf ps1 4 16 3 32,-5.38015622614E-001,+7.34627762866E-001,+2.95551477152E-001,+1.25716310586E-001,+2.95627436032E-001,+1.26346484201E-001,-9.60575028619E-002,+8.95318105645E-001,
12.9e6,caps hf ps1 4 16 3 47,-5.39058045961E-001,+7.34952220711E-001,+2.95178162451E-001,+1.21321570229E-001,+2.95495746170E-001,+1.21580961408E-001,-7.27710104914E-002,+8.97814412178E-001,
12.9e6,caps hf ps1 4 16 3 48,-5.38527365258E-001,+7.34252473975E-001,+2.94998313866E-001,+1.19953446342E-001,+2.95306769492E-001,+1.20473776053E-001,-6.55210506226E-002,+8.98683977901E-001,
12.9e6,caps hf ps1 4 16 3 63,-5.40286203809E-001,+7.34742757373E-001,+2.94497224271E-001,+1.16008007415E-001,+2.94961428927E-001,+1.16678158311E-001,-4.47845030868E-002,+9.00972081268E-001,
12.9e6,caps hf ps1 4 16 4 0,-5.40065893055E-001,+7.34299610621E-001,+2.94707801487E-001,+1.15710971967E-001,+2.95346694155E-001,+1.15214217449E-001,-4.26248100966E-002,+9.01984248762E-001,
12.9e6,caps hf ps1 4 16 4 15,-5.40531019607E-001,+7.35417863121E-001,+2.95049681973E-001,+1.11581597970E-001,+2.94508248218E-001,+1.12011394182E-001,-2.08985181645E-002,+9.03334728976E-001,
12.9e6,caps hf ps1 4 16 4 16,-5.40854021852E-001,+7.35132889316E-001,+2.94722830459E-001,+1.10692706395E-001,+2.94695498828E-001,+1.11014185596E-001,-1.55397890505E-002,+9.03980361643E-001,
12.9e6,caps hf ps1 4 16 4 31,-5.41309968055E-001,+7.35098477537E-001,+2.94508171047E-001,+1.07268538793E-001,+2.94415160893E-001,+1.07304675410E-001,+4.06941154037E-003,+9.05160162338E-001,
12.9e6,caps hf ps1 4 16 4 32,-5.41586784778E-001,+7.35463824968E-001,+2.93753664406E-001,+1.05621906579E-001,+2.94267196183E-001,+1.05682909749E-001,+1.39967620157E-002,+9.04382431426E-001,
12.9e6,caps hf ps1 4 16 4 47,-5.42818259056E-001,+7.36087605888E-001,+2.93451693070E-001,+1.01495215132E-001,+2.93494961630E-001,+1.02141890718E-001,+3.43011320295E-002,+9.04662813328E-001,
12.9e6,caps hf ps1 4 16 4 48,-5.42964026183E-001,+7.36075985624E-001,+2.93546676414E-001,+1.00402119701E-001,+2.93639158592E-001,+1.00801458551E-001,+3.93569809056E-002,+9.05150021792E-001,
12.9e6,caps hf ps1 4 16 4 63,-5.43219936890E-001,+7.35808054303E-001,+2.92981432975E-001,+9.71119804775E-002,+2.92589395862E-001,+9.76203545918E-002,+5.77705652158E-002,+9.04818898976E-001,
12.9e6,caps hf ps1 4 16 5 0,-5.43854780805E-001,+7.35982742783E-001,+2.92582507449E-001,+9.65154862665E-002,+2.93270540011E-001,+9.67885893078E-002,+6.03368826742E-002,+9.05677390055E-001,
12.9e6,caps hf ps1 4 16 5 15,-5.44393066367E-001,+7.35756017113E-001,+2.92086227241E-001,+9.36136047947E-002,+2.92008535243E-001,+9.43165192649E-002,+7.72173389096E-002,+9.04498217489E-001,
12.9e6,caps hf ps1 4 16 5 16,-5.43576009477E-001,+7.35386191258E-001,+2.91278576270E-001,+9.25468344559E-002,+2.92603378924E-001,+9.28386567625E-002,+8.30889518122E-002,+9.05193572218E-001,
12.9e6,caps hf ps1 4 16 5 31,-5.44952417271E-001,+7.35934485657E-001,+2.91566186424E-001,+8.99855522458E-002,+2.91288138206E-001,+9.02856330010E-002,+9.91341579227E-002,+9.03160536262E-001,
12.9e6,caps hf ps1 4 16 5 32,-5.45575416048E-001,+7.36370732955E-001,+2.91027325602E-001,+8.84546796923E-002,+2.91138093446E-001,+8.80537040540E-002,+1.08375593376E-001,+9.03006403744E-001,
12.9e6,caps hf ps1 4 16 5 47,-5.45717848330E-001,+7.36989630566E-001,+2.89541861586E-001,+8.55831704089E-002,+2.89690900326E-001,+8.51338458828E-002,+1.24979754435E-001,+9.00333377676E-001,
12.9e6,caps hf ps1 4 16 5 48,-5.45751231883E-001,+7.37371975374E-001,+2.89738735274E-001,+8.45666317379E-002,+2.90291765787E-001,+8.43819372339E-002,+1.28432584931E-001,+9.00972427985E-001,
12.9e6,caps hf ps1 4 16 5 63,-5.45469878324E-001,+7.36857804687E-001,+2.89390857141E-001,+8.13968439932E-002,+2.89085692369E-001,+8.17768666873E-002,+1.43786387661E-001,+8.98851484766E-001,
12.9e6,caps hf ps1 4 16 6 0,-5.46029512862E-001,+7.36727256799E-001,+2.88833342032E-001,+8.23298676512E-002,+2.89648660896E-001,+8.17923531522E-002,+1.41785480278E-001,+8.99739610607E-001,
12.9e6,caps hf ps1 4 16 6 15,-5.47116908481E-001,+7.37523543667E-001,+2.88370047481E-001,+8.01955651409E-002,+2.88434993961E-001,+7.95319526741E-002,+1.57278984439E-001,+8.97923027584E-001,
12.9e6,caps hf ps1 4 16 6 16,-5.46925805072E-001,+7.37014203790E-001,+2.88381736091E-001,+7.89560313189E-002,+2.88522528587E-001,+7.89899959965E-002,+1.60646321334E-001,+8.97482971709E-001,
12.9e6,caps hf ps1 4 16 6 31,-5.46772584197E-001,+7.37624141507E-001,+2.87503377863E-001,+7.57802214202E-002,+2.87630431428E-001,+7.59880147860E-002,+1.75253321756E-001,+8.95528134709E-001,
12.9e6,caps hf ps1 4 16 6 32,-5.47802960131E-001,+7.37788549528E-001,+2.87633744995E-001,+7.51243198411E-002,+2.86995602179E-001,+7.50925593655E-002,+1.81766077113E-001,+8.93729841503E-001,
12.9e6,caps hf ps1 4 16 6 47,-5.47522984136E-001,+7.37810347591E-001,+2.86266087273E-001,+7.23913680329E-002,+2.86758728859E-001,+7.20980621455E-002,+1.96238172679E-001,+8.92549072361E-001,
12.9e6,caps hf ps1 4 16 6 48,-5.48000635629E-001,+7.37088391009E-001,+2.86083004704E-001,+7.20900365955E-002,+2.86346742326E-001,+7.16694129528E-002,+1.98711187446E-001,+8.91474704110E-001,
12.9e6,caps hf ps1 4 16 6 63,-5.47428820454E-001,+7.38351100214E-001,+2.85275073319E-001,+6.87558068428E-002,+2.85400708886E-001,+6.97571040966E-002,+2.12189124083E-001,+8.89016324745E-001,
12.9e6,caps hf ps1 4 31 0 0,-5.08162963094E-001,+7.48917623114E-001,+2.50221562546E-001,+2.24030987274E-001,+2.50561602237E-001,+2.25178230517E-001,-6.49460898183E-001,+6.10062797319E-001,
12.9e6,caps hf ps1 4 31 0 15,-5.10038363737E-001,+7.48071874775E-001,+2.55309430226E-001,+2.17943394977E-001,+2.55239793114E-001,+2.18338975436E-001,-6.16026143491E-001,+6.42948060017E-001,
12.9e6,caps hf ps1 4 31 0 16,-5.10591800161E-001,+7.47813401603E-001,+2.56996588558E-001,+2.16199583992E-001,+2.56431972633E-001,+2.15964350082E-001,-6.06533937038E-001,+6.52171114050E-001,
12.9e6,caps hf ps1 4 31 0 31,-5.11443612544E-001,+7.47655401876E-001,+2.60787580143E-001,+2.09177675496E-001,+2.61552910278E-001,+2.09578970871E-001,-5.74357096706E-001,+6.82384669227E-001,
12.9e6,caps hf ps1 4 31 0 32,-5.11971131946E-001,+7.47970255850E-001,+2.62963316984E-001,+2.05792632926E-001,+2.63100406279E-001,+2.06132475346E-001,-5.57472885154E-001,+6.95545269767E-001,
12.9e6,caps hf ps1 4 31 0 47,-5.13267783589E-001,+7.46560120257E-001,+2.66085799002E-001,+1.99575276827E-001,+2.66685018594E-001,+2.00088055445E-001,-5.24900325734E-001,+7.20845660167E-001,
12.9e6,caps hf ps1 4 31 0 48,-5.14003893088E-001,+7.47285675983E-001,+2.67496278787E-001,+1.97420160013E-001,+2.67475826118E-001,+1.98096008337E-001,-5.15780610492E-001,+7.28247650425E-001,
12.9e6,caps hf ps1 4 31 0 63,-5.14626151178E-001,+7.47303249104E-001,+2.70549430256E-001,+1.91497191924E-001,+2.71260583812E-001,+1.91750895269E-001,-4.83335734599E-001,+7.51494862617E-001,
12.9e6,caps hf ps1 4 31 1 0,-5.15198509029E-001,+7.46150491103E-001,+2.71063112047E-001,+1.89263208398E-001,+2.71197930969E-001,+1.89578537353E-001,-4.73436682044E-001,+7.57856924759E-001,
12.9e6,caps hf ps1 4 31 1 15,-5.16727744247E-001,+7.46140012714E-001,+2.73816185131E-001,+1.83224624361E-001,+2.74014166888E-001,+1.83233147473E-001,-4.41329491509E-001,+7.77841843460E-001,
12.9e6,caps hf ps1 4 31 1 16,-5.16606238937E-001,+7.46426639852E-001,+2.74600507216E-001,+1.81079767122E-001,+2.74993505531E-001,+1.81202692355E-001,-4.32176354468E-001,+7.83029245945E-001,
12.9e6,caps hf ps1 4 31 1 31,-5.18996113547E-001,+7.46497310673E-001,+2.76866900372E-001,+1.75739567609E-001,+2.77223577431E-001,+1.75175947768E-001,-4.00440481804E-001,+8.01191702615E-001,
12.9e6,caps hf ps1 4 31 1 32,-5.18632211209E-001,+7.45898564351E-001,+2.77826183609E-001,+1.72043060271E-001,+2.78036506172E-001,+1.72445063679E-001,-3.84833158795E-001,+8.09523928758E-001,
12.9e6,caps hf ps1 4 31 1 47,-5.19599649357E-001,+7.46332735702E-001,+2.79904325166E-001,+1.66085570190E-001,+2.79799444286E-001,+1.66773617083E-001,-3.54340843806E-001,+8.23760813179E-001,
12.9e6,caps hf ps1 4 31 1 48,-5.20339277254E-001,+7.45982946285E-001,+2.79992611989E-001,+1.64363393684E-001,+2.80138234709E-001,+1.64490969790E-001,-3.45231384190E-001,+8.27662935837E-001,
12.9e6,caps hf ps1 4 31 1 63,-5.21518859387E-001,+7.45721819334E-001,+2.81439478668E-001,+1.59295120358E-001,+2.81329702371E-001,+1.59584623268E-001,-3.15395618589E-001,+8.40431123878E-001,
12.9e6,caps hf ps1 4 31 2 0,-5.21986500385E-001,+7.46359218564E-001,+2.82037395650E-001,+1.56247616461E-001,+2.82010396878E-001,+1.56715786643E-001,-3.02713979834E-001,+8.45400966218E-001,
12.9e6,caps hf ps1 4 31 2 15,-5.23230037216E-001,+7.46343021011E-001,+2.82979606574E-001,+1.50902938268E-001,+2.82606860960E-001,+1.51845022414E-001,-2.74129395420E-001,+8.56003217970E-001,
12.9e6,caps hf ps1 4 31 2 16,-5.23141371348E-001,+7.45660439125E-001,+2.83165201541E-001,+1.49902521027E-001,+2.83289655058E-001,+1.49945071870E-001,-2.65258646971E-001,+8.59680200940E-001,
12.9e6,caps hf ps1 4 31 2 31,-5.23304057201E-001,+7.45504953507E-001,+2.83910258288E-001,+1.44775005354E-001,+2.84191615293E-001,+1.43961229676E-001,-2.36782789197E-001,+8.68556959629E-001,
12.9e6,caps hf ps1 4 31 2 32,-5.24745064329E-001,+7.45874677001E-001,+2.84290257915E-001,+1.41839357290E-001,+2.84229564748E-001,+1.42115172548E-001,-2.22778254277E-001,+8.72049806964E-001,
12.9e6,caps hf ps1 4 31 2 47,-5.25402448243E-001,+7.45911573314E-001,+2.84894179032E-001,+1.36975172846E-001,+2.84928649984E-001,+1.36467256801E-001,-1.95976376627E-001,+8.80011110422E-001,
12.9e6,caps hf ps1 4 31 2 48,-5.25644814770E-001,+7.46160708689E-001,+2.84772940490E-001,+1.35744635520E-001,+2.85022646318E-001,+1.35489519170E-001,-1.87878561756E-001,+8.81917383500E-001,
12.9e6,caps hf ps1 4 31 2 63,-5.26330137147E-001,+7.45937357829E-001,+2.85007251836E-001,+1.30993370649E-001,+2.85070177702E-001,+1.31098761927E-001,-1.62482228422E-001,+8.87051666746E-001,
12.9e6,caps hf ps1 4 31 3 0,-5.26227189300E-001,+7.46734776544E-001,+2.85258419526E-001,+1.28578831497E-001,+2.85954382994E-001,+1.28594412125E-001,-1.52615218682E-001,+8.90065886809E-001,
12.9e6,caps hf ps1 4 31 3 15,-5.27908023170E-001,+7.46810681961E-001,+2.85730218170E-001,+1.24825003805E-001,+2.85556444907E-001,+1.24209185456E-001,-1.27698587924E-001,+8.94512492810E-001,
12.9e6,caps hf ps1 4 31 3 16,-5.27798249765E-001,+7.46406332518E-001,+2.85166770418E-001,+1.23080865080E-001,+2.85565475294E-001,+1.23211061176E-001,-1.19836790355E-001,+8.95724954629E-001,
12.9e6,caps hf ps1 4 31 3 31,-5.28698874876E-001,+7.46236822266E-001,+2.84871735010E-001,+1.18862029133E-001,+2.85562393398E-001,+1.19175683672E-001,-9.68724410537E-002,+8.98830738118E-001,
12.9e6,caps hf ps1 4 31 3 32,-5.28556213183E-001,+7.46257602519E-001,+2.84843366288E-001,+1.16360136446E-001,+2.85598698072E-001,+1.16831489814E-001,-8.43950793777E-002,+9.01784409028E-001,
12.9e6,caps hf ps1 4 31 3 47,-5.29641790417E-001,+7.46515460026E-001,+2.85112571077E-001,+1.12627792140E-001,+2.85645610908E-001,+1.12806514606E-001,-6.18409404003E-002,+9.05006966399E-001,
12.9e6,caps hf ps1 4 31 3 48,-5.29325028630E-001,+7.47487045615E-001,+2.84908451655E-001,+1.11410809735E-001,+2.84894347448E-001,+1.11328956627E-001,-5.56735437395E-002,+9.04174014432E-001,
12.9e6,caps hf ps1 4 31 3 63,-5.30459506309E-001,+7.47515619014E-001,+2.84196689874E-001,+1.07298020694E-001,+2.85153489154E-001,+1.07793233603E-001,-3.33790205936E-002,+9.05601438201E-001,
12.9e6,caps hf ps1 4 31 4 0,-5.30472915002E-001,+7.46933785641E-001,+2.84352822362E-001,+1.07308082990E-001,+2.84709207723E-001,+1.07008973678E-001,-3.12932533967E-002,+9.07388517373E-001,
12.9e6,caps hf ps1 4 31 4 15,-5.31142915019E-001,+7.47678460605E-001,+2.84014911601E-001,+1.03551018646E-001,+2.84538828472E-001,+1.03466731550E-001,-1.06710526221E-002,+9.09175204447E-001,
12.9e6,caps hf ps1 4 31 4 16,-5.32120066104E-001,+7.47314726121E-001,+2.84020370152E-001,+1.02124490069E-001,+2.84417971970E-001,+1.02459226685E-001,-4.44969438495E-003,+9.08376097022E-001,
12.9e6,caps hf ps1 4 31 4 31,-5.31471453055E-001,+7.47096950801E-001,+2.83955112136E-001,+9.93525706630E-002,+2.83712860508E-001,+9.80798707502E-002,+1.67103352126E-002,+9.09626203788E-001,
12.9e6,caps hf ps1 4 31 4 32,-5.31980937580E-001,+7.48080488947E-001,+2.83288087373E-001,+9.73330622167E-002,+2.83288259215E-001,+9.67453975769E-002,+2.54919078787E-002,+9.08926295496E-001,
12.9e6,caps hf ps1 4 31 4 47,-5.33003385072E-001,+7.48412299558E-001,+2.82877112355E-001,+9.38988241139E-002,+2.82873631474E-001,+9.35164124538E-002,+4.40369511320E-002,+9.08863877461E-001,
12.9e6,caps hf ps1 4 31 4 48,-5.33435034483E-001,+7.48310328201E-001,+2.82744333574E-001,+9.28380234199E-002,+2.83007936777E-001,+9.26669058032E-002,+4.96353452148E-002,+9.09782884759E-001,
12.9e6,caps hf ps1 4 31 4 63,-5.33432924468E-001,+7.48426400141E-001,+2.82375734499E-001,+8.92816497707E-002,+2.82588259684E-001,+8.94991124902E-002,+6.78696855083E-002,+9.08488047645E-001,
12.9e6,caps hf ps1 4 31 5 0,-5.33873826314E-001,+7.48652028428E-001,+2.82007965192E-001,+8.93117711506E-002,+2.81967974351E-001,+8.89796645593E-002,+7.10549285750E-002,+9.08834027663E-001,
12.9e6,caps hf ps1 4 31 5 15,-5.34268899450E-001,+7.48419547327E-001,+2.81532000493E-001,+8.59848924392E-002,+2.81806243570E-001,+8.53666900155E-002,+8.87791807451E-002,+9.07973553047E-001,
12.9e6,caps hf ps1 4 31 5 16,-5.34068403214E-001,+7.49260719669E-001,+2.81309574805E-001,+8.44930060972E-002,+2.81261191656E-001,+8.50537931643E-002,+9.34935642167E-002,+9.08012460762E-001,
12.9e6,caps hf ps1 4 31 5 31,-5.34868965184E-001,+7.49208484269E-001,+2.80694470999E-001,+8.23488664589E-002,+2.80429414793E-001,+8.18427451331E-002,+1.10944769201E-001,+9.07516074661E-001,
12.9e6,caps hf ps1 4 31 5 32,-5.34938342315E-001,+7.48466382895E-001,+2.80055715923E-001,+8.04781144634E-002,+2.80311302477E-001,+8.06265000428E-002,+1.17857062987E-001,+9.06472161099E-001,
12.9e6,caps hf ps1 4 31 5 47,-5.36029881819E-001,+7.49533758324E-001,+2.79603694501E-001,+7.76272635376E-002,+2.79688498017E-001,+7.82885229150E-002,+1.33994945049E-001,+9.04837601030E-001,
12.9e6,caps hf ps1 4 31 5 48,-5.35649403762E-001,+7.50031626795E-001,+2.79235764893E-001,+7.72840901436E-002,+2.79367654800E-001,+7.69858577744E-002,+1.39045768287E-001,+9.04417793949E-001,
12.9e6,caps hf ps1 4 31 5 63,-5.36404222452E-001,+7.49850058439E-001,+2.78340240857E-001,+7.47652608733E-002,+2.78497301063E-001,+7.45225385187E-002,+1.54268023167E-001,+9.01985279168E-001,
12.9e6,caps hf ps1 4 31 6 0,-5.35621541766E-001,+7.49095817479E-001,+2.78401690498E-001,+7.44958508469E-002,+2.78793755896E-001,+7.44395568097E-002,+1.52738401234E-001,+9.03641895940E-001,
12.9e6,caps hf ps1 4 31 6 15,-5.36534366081E-001,+7.49111301137E-001,+2.77683626210E-001,+7.22680404976E-002,+2.77758876960E-001,+7.23362059382E-002,+1.66804532758E-001,+9.01063013501E-001,
12.9e6,caps hf ps1 4 31 6 16,-5.36600202675E-001,+7.49967338482E-001,+2.77723062131E-001,+7.17159418543E-002,+2.77782298487E-001,+7.13875544889E-002,+1.71455002395E-001,+8.99641309407E-001,
12.9e6,caps hf ps1 4 31 6 31,-5.36724842336E-001,+7.49306319013E-001,+2.76596882314E-001,+6.93162398352E-002,+2.76577839951E-001,+6.92596833472E-002,+1.84977659156E-001,+8.97751089912E-001,
12.9e6,caps hf ps1 4 31 6 32,-5.36749643104E-001,+7.49627487721E-001,+2.75377613496E-001,+6.84263101749E-002,+2.76365536051E-001,+6.81406588287E-002,+1.91675498837E-001,+8.96385637795E-001,
12.9e6,caps hf ps1 4 31 6 47,-5.38204118871E-001,+7.50738304411E-001,+2.75774285436E-001,+6.54604563011E-002,+2.75762579947E-001,+6.55016333620E-002,+2.05635508858E-001,+8.94538865778E-001,
12.9e6,caps hf ps1 4 31 6 48,-5.37018123791E-001,+7.50317878953E-001,+2.74971680430E-001,+6.45380381940E-002,+2.75714582289E-001,+6.53340752510E-002,+2.08344091742E-001,+8.94515282247E-001,
12.9e6,caps hf ps1 4 31 6 63,-5.38633566425E-001,+7.49931833990E-001,+2.74500317028E-001,+6.29997252882E-002,+2.74428264396E-001,+6.26797149637E-002,+2.22345924074E-001,+8.90566544506E-001,
12.9e6,caps hf ps1 4 32 0 0,-5.06314427475E-001,+7.51701375585E-001,+2.48590853859E-001,+2.20811274741E-001,+2.48779472891E-001,+2.21654033137E-001,-6.47029228933E-001,+6.14447761820E-001,
12.9e6,caps hf ps1 4 32 0 15,-5.07654294328E-001,+7.51145047499E-001,+2.53068024761E-001,+2.14639868864E-001,+2.53235611604E-001,+2.14945143242E-001,-6.15192897004E-001,+6.46216800085E-001,
12.9e6,caps hf ps1 4 32 0 16,-5.07439577804E-001,+7.51875705786E-001,+2.54997614117E-001,+2.12803640818E-001,+2.55174497584E-001,+2.12902166164E-001,-6.05009802739E-001,+6.56863050954E-001,
12.9e6,caps hf ps1 4 32 0 31,-5.09152087376E-001,+7.50612026685E-001,+2.58675308341E-001,+2.06204120644E-001,+2.58835201596E-001,+2.06245540311E-001,-5.72156731971E-001,+6.84290724083E-001,
12.9e6,caps hf ps1 4 32 0 32,-5.09890049528E-001,+7.50553690699E-001,+2.60718241979E-001,+2.02769216382E-001,+2.60724841482E-001,+2.03250997712E-001,-5.55469260570E-001,+6.99218591377E-001,
12.9e6,caps hf ps1 4 32 0 47,-5.10999093575E-001,+7.50359972575E-001,+2.64068621465E-001,+1.96566578604E-001,+2.64414161304E-001,+1.96587585176E-001,-5.22364585936E-001,+7.24293461009E-001,
12.9e6,caps hf ps1 4 32 0 48,-5.11183624461E-001,+7.50263570723E-001,+2.65375514724E-001,+1.94589196168E-001,+2.64778078722E-001,+1.95155067188E-001,-5.13759036225E-001,+7.30817286449E-001,
12.9e6,caps hf ps1 4 32 0 63,-5.11786113366E-001,+7.50452973521E-001,+2.67991169232E-001,+1.88394358238E-001,+2.68248541938E-001,+1.88490851909E-001,-4.80305716193E-001,+7.53234791959E-001,
12.9e6,caps hf ps1 4 32 1 0,-5.13003867667E-001,+7.49116503272E-001,+2.68693450063E-001,+1.86511224738E-001,+2.69433337439E-001,+1.86511704951E-001,-4.71501807773E-001,+7.61280967704E-001,
12.9e6,caps hf ps1 4 32 1 15,-5.14421093816E-001,+7.49568890230E-001,+2.71681479606E-001,+1.80507723958E-001,+2.71729024472E-001,+1.80787505812E-001,-4.38719790983E-001,+7.80469906657E-001,
12.9e6,caps hf ps1 4 32 1 16,-5.14969302109E-001,+7.49379663749E-001,+2.72100839801E-001,+1.78447394604E-001,+2.72946456943E-001,+1.78496916507E-001,-4.29622001804E-001,+7.86744021157E-001,
12.9e6,caps hf ps1 4 32 1 31,-5.15360850330E-001,+7.49176864365E-001,+2.74264175143E-001,+1.72671370952E-001,+2.74841247318E-001,+1.72573774132E-001,-3.98342669999E-001,+8.02578699095E-001,
12.9e6,caps hf ps1 4 32 1 32,-5.16325486546E-001,+7.50032024328E-001,+2.75234264707E-001,+1.69577412213E-001,+2.75398060560E-001,+1.69840639356E-001,-3.81988108123E-001,+8.11518490281E-001,
12.9e6,caps hf ps1 4 32 1 47,-5.17217945740E-001,+7.49196039884E-001,+2.76962643637E-001,+1.63805444087E-001,+2.77046173860E-001,+1.63692642214E-001,-3.50359782063E-001,+8.25650241037E-001,
12.9e6,caps hf ps1 4 32 1 48,-5.17505474159E-001,+7.48171187988E-001,+2.77222806596E-001,+1.61943820604E-001,+2.77883175823E-001,+1.62110853144E-001,-3.41914442560E-001,+8.30185130029E-001,
12.9e6,caps hf ps1 4 32 1 63,-5.18598424110E-001,+7.49275453624E-001,+2.78803871799E-001,+1.56714160209E-001,+2.78604048174E-001,+1.56616619479E-001,-3.11844883034E-001,+8.41940521989E-001,
12.9e6,caps hf ps1 4 32 2 0,-5.19034879121E-001,+7.48763723246E-001,+2.79143073982E-001,+1.53874396074E-001,+2.79319860069E-001,+1.53923472625E-001,-2.99587916369E-001,+8.47628545228E-001,
12.9e6,caps hf ps1 4 32 2 15,-5.20011448458E-001,+7.48943341096E-001,+2.79957952590E-001,+1.48523101595E-001,+2.80509119815E-001,+1.48816323579E-001,-2.71021142365E-001,+8.58093920929E-001,
12.9e6,caps hf ps1 4 32 2 16,-5.20432086599E-001,+7.48018517861E-001,+2.80204023206E-001,+1.47098829594E-001,+2.80406699877E-001,+1.47332014961E-001,-2.62549993558E-001,+8.61475422410E-001,
12.9e6,caps hf ps1 4 32 2 31,-5.20426310489E-001,+7.48810850097E-001,+2.80772307759E-001,+1.41968875438E-001,+2.81600532673E-001,+1.42504863492E-001,-2.34492719226E-001,+8.70332601253E-001,
12.9e6,caps hf ps1 4 32 2 32,-5.22250885428E-001,+7.49112636071E-001,+2.81866861403E-001,+1.39262849669E-001,+2.81431078887E-001,+1.38875874010E-001,-2.19649750167E-001,+8.74101670212E-001,
12.9e6,caps hf ps1 4 32 2 47,-5.22023582746E-001,+7.48939985602E-001,+2.82649076655E-001,+1.34736830613E-001,+2.81740407168E-001,+1.34734169258E-001,-1.93033124148E-001,+8.80658020276E-001,
12.9e6,caps hf ps1 4 32 2 48,-5.21967892405E-001,+7.49672091239E-001,+2.81391742614E-001,+1.32779812242E-001,+2.82008259772E-001,+1.33247652895E-001,-1.85218448373E-001,+8.83490277448E-001,
12.9e6,caps hf ps1 4 32 2 63,-5.23821519808E-001,+7.49146741552E-001,+2.82374693451E-001,+1.28651711513E-001,+2.82489283351E-001,+1.28991847760E-001,-1.59915299258E-001,+8.88465608331E-001,
12.9e6,caps hf ps1 4 32 3 0,-5.24064404281E-001,+7.49389321796E-001,+2.82422447595E-001,+1.26375172591E-001,+2.82799765250E-001,+1.26828354197E-001,-1.50507414524E-001,+8.91696458477E-001,
12.9e6,caps hf ps1 4 32 3 15,-5.24660416285E-001,+7.49835321876E-001,+2.82278470796E-001,+1.22078408863E-001,+2.82624836529E-001,+1.22197314682E-001,-1.24838249316E-001,+8.96068103558E-001,
12.9e6,caps hf ps1 4 32 3 16,-5.24951110327E-001,+7.49216101572E-001,+2.82565241640E-001,+1.20813519596E-001,+2.82604131406E-001,+1.20427946814E-001,-1.17726437868E-001,+8.97893911408E-001,
12.9e6,caps hf ps1 4 32 3 31,-5.25336481497E-001,+7.49446653125E-001,+2.82369467241E-001,+1.16846648874E-001,+2.82161265310E-001,+1.16409860211E-001,-9.38017712231E-002,+9.01100945476E-001,
12.9e6,caps hf ps1 4 32 3 32,-5.26294653188E-001,+7.50161906298E-001,+2.82342761908E-001,+1.14531797694E-001,+2.83076596615E-001,+1.14710091633E-001,-8.28819178281E-002,+9.02863325608E-001,
12.9e6,caps hf ps1 4 32 3 47,-5.26851711773E-001,+7.50333150198E-001,+2.82533389092E-001,+1.10266318963E-001,+2.82252410789E-001,+1.10442592179E-001,-5.93894836191E-002,+9.04862818642E-001,
12.9e6,caps hf ps1 4 32 3 48,-5.26630240835E-001,+7.49913153468E-001,+2.81575357835E-001,+1.08816713045E-001,+2.82624946802E-001,+1.09168241833E-001,-5.21800771979E-002,+9.06154525893E-001,
12.9e6,caps hf ps1 4 32 3 63,-5.27765618216E-001,+7.49686516640E-001,+2.81752403227E-001,+1.05729905788E-001,+2.81854980938E-001,+1.05786104436E-001,-3.11949635729E-002,+9.07629575365E-001,
12.9e6,caps hf ps1 4 32 4 0,-5.27781057119E-001,+7.50734170689E-001,+2.82281474682E-001,+1.04800087799E-001,+2.81951298138E-001,+1.05274740529E-001,-2.86068729721E-002,+9.07479560482E-001,
12.9e6,caps hf ps1 4 32 4 15,-5.28131651169E-001,+7.50691939504E-001,+2.81374447183E-001,+1.01441322041E-001,+2.81584486198E-001,+1.01296358210E-001,-8.07772879361E-003,+9.09897275036E-001,
12.9e6,caps hf ps1 4 32 4 16,-5.28761671404E-001,+7.50726246953E-001,+2.81144014076E-001,+1.00347769471E-001,+2.81352278960E-001,+9.98645907579E-002,-1.74893095139E-003,+9.09698213627E-001,
12.9e6,caps hf ps1 4 32 4 31,-5.29319248931E-001,+7.50916413216E-001,+2.81297835040E-001,+9.64454072490E-002,+2.81228988837E-001,+9.68876945896E-002,+1.69630365066E-002,+9.10404542446E-001,
12.9e6,caps hf ps1 4 32 4 32,-5.29540671222E-001,+7.51065790390E-001,+2.80429870130E-001,+9.49930594063E-002,+2.80911753039E-001,+9.51567363737E-002,+2.82392444099E-002,+9.10082511043E-001,
12.9e6,caps hf ps1 4 32 4 47,-5.29780775399E-001,+7.51492349897E-001,+2.79868893613E-001,+9.14200154170E-002,+2.79595715332E-001,+9.16268316690E-002,+4.74700601738E-002,+9.09132644246E-001,
12.9e6,caps hf ps1 4 32 4 48,-5.30025828701E-001,+7.51452791490E-001,+2.79676658081E-001,+9.08414267625E-002,+2.80087060220E-001,+9.05825877989E-002,+5.32056833580E-002,+9.10152740269E-001,
12.9e6,caps hf ps1 4 32 4 63,-5.30851137739E-001,+7.51132410987E-001,+2.78778265952E-001,+8.78745632866E-002,+2.80026630671E-001,+8.73466558644E-002,+7.17975942396E-002,+9.09802284790E-001,
12.9e6,caps hf ps1 4 32 5 0,-5.30030683987E-001,+7.51382636722E-001,+2.78857258494E-001,+8.64478746861E-002,+2.79353731239E-001,+8.72362300914E-002,+7.29514224553E-002,+9.09385870484E-001,
12.9e6,caps hf ps1 4 32 5 15,-5.31039724843E-001,+7.52110858119E-001,+2.78470191641E-001,+8.38632652669E-002,+2.78495642675E-001,+8.41517606314E-002,+9.13446811134E-002,+9.08696439328E-001,
12.9e6,caps hf ps1 4 32 5 16,-5.30764581403E-001,+7.51382946314E-001,+2.77563369274E-001,+8.30429241179E-002,+2.78326028478E-001,+8.29459703368E-002,+9.61403990949E-002,+9.08402826046E-001,
12.9e6,caps hf ps1 4 32 5 31,-5.31724613413E-001,+7.51001535868E-001,+2.77484461965E-001,+8.04816901625E-002,+2.77446005338E-001,+7.99039609459E-002,+1.13731240682E-001,+9.07281796584E-001,
12.9e6,caps hf ps1 4 32 5 32,-5.32070303130E-001,+7.52362583958E-001,+2.76861052700E-001,+7.88802187943E-002,+2.77075273088E-001,+7.86162422129E-002,+1.20823993621E-001,+9.06967137450E-001,
12.9e6,caps hf ps1 4 32 5 47,-5.31916160569E-001,+7.52705414661E-001,+2.76346911163E-001,+7.63312897685E-002,+2.76562728856E-001,+7.59734943241E-002,+1.37382931148E-001,+9.04505956909E-001,
12.9e6,caps hf ps1 4 32 5 48,-5.33165313479E-001,+7.52970787935E-001,+2.76509122201E-001,+7.51430423765E-002,+2.76177758200E-001,+7.52937642657E-002,+1.41166975914E-001,+9.03594558995E-001,
12.9e6,caps hf ps1 4 32 5 63,-5.33099886543E-001,+7.52627182931E-001,+2.75487998127E-001,+7.24030064748E-002,+2.75540600289E-001,+7.32019692970E-002,+1.56471536719E-001,+9.01966389306E-001,
12.9e6,caps hf ps1 4 32 6 0,-5.32222596641E-001,+7.52656049423E-001,+2.75525078341E-001,+7.31751626495E-002,+2.76635556343E-001,+7.32292340539E-002,+1.54110920489E-001,+9.04094455046E-001,
12.9e6,caps hf ps1 4 32 6 15,-5.34191348859E-001,+7.52804021089E-001,+2.75198275818E-001,+7.02503822635E-002,+2.75094910695E-001,+7.04903300155E-002,+1.69684404989E-001,+9.00924389732E-001,
12.9e6,caps hf ps1 4 32 6 16,-5.33739342710E-001,+7.52635417377E-001,+2.74768303272E-001,+6.97578317884E-002,+2.74445262775E-001,+6.97881781044E-002,+1.73518454691E-001,+9.00993005213E-001,
12.9e6,caps hf ps1 4 32 6 31,-5.34559117511E-001,+7.52577476628E-001,+2.73841786684E-001,+6.77562724361E-002,+2.73898707443E-001,+6.72574608306E-002,+1.88096156807E-001,+8.97788219746E-001,
12.9e6,caps hf ps1 4 32 6 32,-5.34815848099E-001,+7.53509847600E-001,+2.73799052998E-001,+6.64691140916E-002,+2.73934509746E-001,+6.68394361514E-002,+1.94354362479E-001,+8.96944575334E-001,
12.9e6,caps hf ps1 4 32 6 47,-5.34766959567E-001,+7.52450648967E-001,+2.72418298958E-001,+6.44693804583E-002,+2.72624930136E-001,+6.45188140882E-002,+2.07278257852E-001,+8.94274961358E-001,
12.9e6,caps hf ps1 4 32 6 48,-5.34887345684E-001,+7.54182250390E-001,+2.72170248358E-001,+6.33328460779E-002,+2.72465794644E-001,+6.34771268465E-002,+2.11951469026E-001,+8.94145608516E-001,
12.9e6,caps hf ps1 4 32 6 63,-5.34839791486E-001,+7.54664409756E-001,+2.71794095783E-001,+6.09967920093E-002,+2.71789542873E-001,+6.13310194233E-002,+2.24860402879E-001,+8.91468852096E-001,
12.9e6,caps hf ps1 4 47 0 0,-4.98406308612E-001,+7.62827270012E-001,+2.42794694496E-001,+2.09808291165E-001,+2.42152657288E-001,+2.10299576123E-001,-6.40593995603E-001,+6.24358440087E-001,
12.9e6,caps hf ps1 4 47 0 15,-4.99901864136E-001,+7.61854062500E-001,+2.47125146413E-001,+2.03484547036E-001,+2.46893190458E-001,+2.04339432947E-001,-6.09451205000E-001,+6.57915962890E-001,
12.9e6,caps hf ps1 4 47 0 16,-5.00919188595E-001,+7.62308743774E-001,+2.48370129386E-001,+2.02235262618E-001,+2.47964601263E-001,+2.01882347288E-001,-5.98440876996E-001,+6.66446447542E-001,
12.9e6,caps hf ps1 4 47 0 31,-5.01605045952E-001,+7.60796411642E-001,+2.52023378184E-001,+1.95452070997E-001,+2.51616576387E-001,+1.95651628269E-001,-5.65264452258E-001,+6.95431034627E-001,
12.9e6,caps hf ps1 4 47 0 32,-5.01368030269E-001,+7.62670116589E-001,+2.54098345425E-001,+1.91894517349E-001,+2.53567371764E-001,+1.91866225075E-001,-5.48588527886E-001,+7.09517076720E-001,
12.9e6,caps hf ps1 4 47 0 47,-5.02774162985E-001,+7.60684630617E-001,+2.56896028500E-001,+1.85662008223E-001,+2.56989317472E-001,+1.85886989647E-001,-5.15409774098E-001,+7.34881544260E-001,
12.9e6,caps hf ps1 4 47 0 48,-5.03676810993E-001,+7.60868425158E-001,+2.57183342805E-001,+1.83618054522E-001,+2.57671427080E-001,+1.84678691272E-001,-5.06080026759E-001,+7.41148561107E-001,
12.9e6,caps hf ps1 4 47 0 63,-5.04412540837E-001,+7.60271275031E-001,+2.59800864475E-001,+1.78245376218E-001,+2.60739723800E-001,+1.78226882055E-001,-4.73339974364E-001,+7.63501960544E-001,
12.9e6,caps hf ps1 4 47 1 0,-5.05485781628E-001,+7.60402842089E-001,+2.61300332093E-001,+1.76250557445E-001,+2.61663270693E-001,+1.76109392780E-001,-4.63693267090E-001,+7.70398767031E-001,
12.9e6,caps hf ps1 4 47 1 15,-5.05626381295E-001,+7.60412621677E-001,+2.63349540939E-001,+1.69719567034E-001,+2.63941700608E-001,+1.70254478953E-001,-4.30819166307E-001,+7.89816480328E-001,
12.9e6,caps hf ps1 4 47 1 16,-5.06184505652E-001,+7.60293146981E-001,+2.64359918146E-001,+1.68108070732E-001,+2.64415443016E-001,+1.68669686302E-001,-4.21259484315E-001,+7.94959631417E-001,
12.9e6,caps hf ps1 4 47 1 31,-5.06703623380E-001,+7.60359738580E-001,+2.65511249276E-001,+1.62664180937E-001,+2.65833214256E-001,+1.62617055236E-001,-3.89386047132E-001,+8.12360361491E-001,
12.9e6,caps hf ps1 4 47 1 32,-5.08144306193E-001,+7.60297760136E-001,+2.66451903657E-001,+1.59353352507E-001,+2.67170458027E-001,+1.59464199104E-001,-3.72753627371E-001,+8.19794988597E-001,
12.9e6,caps hf ps1 4 47 1 47,-5.08847277246E-001,+7.60269247779E-001,+2.68984753194E-001,+1.53568592096E-001,+2.68652440737E-001,+1.54116768186E-001,-3.41956344745E-001,+8.34342930947E-001,
12.9e6,caps hf ps1 4 47 1 48,-5.09837887020E-001,+7.59532295473E-001,+2.68215430329E-001,+1.52153511702E-001,+2.69286223321E-001,+1.52371208970E-001,-3.34389962319E-001,+8.38652953399E-001,
12.9e6,caps hf ps1 4 47 1 63,-5.10049205423E-001,+7.60053791711E-001,+2.69799285147E-001,+1.46923588385E-001,+2.70247584419E-001,+1.46918137382E-001,-3.02564944147E-001,+8.50265695188E-001,
12.9e6,caps hf ps1 4 47 2 0,-5.10094119753E-001,+7.59991467178E-001,+2.70559024654E-001,+1.44524279420E-001,+2.70879958264E-001,+1.44592988749E-001,-2.90610933678E-001,+8.55194259901E-001,
12.9e6,caps hf ps1 4 47 2 15,-5.12095711747E-001,+7.61204777279E-001,+2.71460028751E-001,+1.39482991335E-001,+2.71326486182E-001,+1.39805365566E-001,-2.61598847972E-001,+8.65261022309E-001,
12.9e6,caps hf ps1 4 47 2 16,-5.11177637541E-001,+7.60669507843E-001,+2.71556609641E-001,+1.37582806994E-001,+2.71410506885E-001,+1.38045811178E-001,-2.52819361169E-001,+8.68338454837E-001,
12.9e6,caps hf ps1 4 47 2 31,-5.12914183591E-001,+7.59826808559E-001,+2.72010590861E-001,+1.32942751407E-001,+2.72695593816E-001,+1.33020466607E-001,-2.24888779147E-001,+8.77127273031E-001,
12.9e6,caps hf ps1 4 47 2 32,-5.13183535145E-001,+7.60165977826E-001,+2.72442202626E-001,+1.30903579637E-001,+2.72272193116E-001,+1.30706004973E-001,-2.10379962472E-001,+8.81171459545E-001,
12.9e6,caps hf ps1 4 47 2 47,-5.14108304571E-001,+7.60158444498E-001,+2.72835609163E-001,+1.25781393722E-001,+2.72516731063E-001,+1.25716007661E-001,-1.83161205848E-001,+8.87687627769E-001,
12.9e6,caps hf ps1 4 47 2 48,-5.13575357720E-001,+7.61021365815E-001,+2.72844083473E-001,+1.23523644072E-001,+2.72896915220E-001,+1.24495191638E-001,-1.75340671116E-001,+8.89323924172E-001,
12.9e6,caps hf ps1 4 47 2 63,-5.15001893072E-001,+7.60310389418E-001,+2.72737312043E-001,+1.19803552894E-001,+2.73262934573E-001,+1.20336232298E-001,-1.50147165035E-001,+8.95173081874E-001,
12.9e6,caps hf ps1 4 47 3 0,-5.15671040318E-001,+7.60721345400E-001,+2.73142818220E-001,+1.17836833408E-001,+2.72995539274E-001,+1.18030807041E-001,-1.40783813103E-001,+8.96908510815E-001,
12.9e6,caps hf ps1 4 47 3 15,-5.16332287739E-001,+7.60248199293E-001,+2.72909662435E-001,+1.13632204256E-001,+2.73038561846E-001,+1.13935567363E-001,-1.15033396343E-001,+9.01583596719E-001,
12.9e6,caps hf ps1 4 47 3 16,-5.16746066017E-001,+7.60505079740E-001,+2.72937986016E-001,+1.12823729858E-001,+2.73367347014E-001,+1.12731492705E-001,-1.08080797516E-001,+9.02733039936E-001,
12.9e6,caps hf ps1 4 47 3 31,-5.17100526500E-001,+7.61222699262E-001,+2.73018434567E-001,+1.08776607437E-001,+2.73066491571E-001,+1.08553303040E-001,-8.39674498021E-002,+9.06528552783E-001,
12.9e6,caps hf ps1 4 47 3 32,-5.17376183248E-001,+7.60501838763E-001,+2.72596156209E-001,+1.06709156922E-001,+2.73309724227E-001,+1.06372181725E-001,-7.25482529698E-002,+9.07979247513E-001,
12.9e6,caps hf ps1 4 47 3 47,-5.17848934185E-001,+7.61205731735E-001,+2.72618442597E-001,+1.02769614679E-001,+2.72965123135E-001,+1.02376532935E-001,-4.85888707964E-002,+9.09703281438E-001,
12.9e6,caps hf ps1 4 47 3 48,-5.17594493825E-001,+7.61663187087E-001,+2.71795056349E-001,+1.01390402721E-001,+2.72882786266E-001,+1.01438614312E-001,-4.27337284121E-002,+9.10770464721E-001,
12.9e6,caps hf ps1 4 47 3 63,-5.18385058353E-001,+7.61971195219E-001,+2.71957148751E-001,+9.79586753079E-002,+2.72267091204E-001,+9.79336608096E-002,-2.08200149324E-002,+9.11771141075E-001,
12.9e6,caps hf ps1 4 47 4 0,-5.18264784657E-001,+7.61573872767E-001,+2.72252200537E-001,+9.74743925629E-002,+2.72464434553E-001,+9.76246628196E-002,-2.01303656928E-002,+9.12594213572E-001,
12.9e6,caps hf ps1 4 47 4 15,-5.19010714006E-001,+7.61579527814E-001,+2.71809306687E-001,+9.35948421312E-002,+2.71915081895E-001,+9.35219562599E-002,+1.93633628704E-003,+9.13062546574E-001,
12.9e6,caps hf ps1 4 47 4 16,-5.19008455076E-001,+7.61811595107E-001,+2.71025011137E-001,+9.24171847191E-002,+2.72011502636E-001,+9.26833229790E-002,+8.40437865307E-003,+9.14027219495E-001,
12.9e6,caps hf ps1 4 47 4 31,-5.19576608372E-001,+7.62340192196E-001,+2.70887958587E-001,+8.93972634872E-002,+2.71002813279E-001,+8.93821148495E-002,+2.75664746563E-002,+9.13797330124E-001,
12.9e6,caps hf ps1 4 47 4 32,-5.20141945192E-001,+7.61388012679E-001,+2.70177630593E-001,+8.75956777632E-002,+2.70592648003E-001,+8.78714012920E-002,+3.68653674762E-002,+9.13673753246E-001,
12.9e6,caps hf ps1 4 47 4 47,-5.20453100377E-001,+7.62757476331E-001,+2.69834997886E-001,+8.45967966800E-002,+2.70195506715E-001,+8.48275339048E-002,+5.62888581338E-002,+9.13146173854E-001,
12.9e6,caps hf ps1 4 47 4 48,-5.20601960719E-001,+7.62420275494E-001,+2.69614708217E-001,+8.43601689353E-002,+2.69465600698E-001,+8.35175663691E-002,+6.26077456613E-002,+9.12411275641E-001,
12.9e6,caps hf ps1 4 47 4 63,-5.21197609637E-001,+7.62506797291E-001,+2.69111733767E-001,+8.10882425105E-002,+2.69064264445E-001,+8.04127409165E-002,+8.06398089887E-002,+9.12337941988E-001,
12.9e6,caps hf ps1 4 47 5 0,-5.20749962367E-001,+7.62922302382E-001,+2.69289818554E-001,+7.99362670336E-002,+2.69091278143E-001,+8.02947534468E-002,+8.33238670278E-002,+9.13287823552E-001,
12.9e6,caps hf ps1 4 47 5 15,-5.21385369809E-001,+7.62465716884E-001,+2.68230726339E-001,+7.74522038155E-002,+2.68781476575E-001,+7.72802168024E-002,+1.00559882307E-001,+9.11681026544E-001,
12.9e6,caps hf ps1 4 47 5 16,-5.22101595665E-001,+7.63200673823E-001,+2.68024798017E-001,+7.63402500549E-002,+2.68538137484E-001,+7.67650044993E-002,+1.06685158726E-001,+9.11718471374E-001,
12.9e6,caps hf ps1 4 47 5 31,-5.21881030319E-001,+7.62531042687E-001,+2.67369062793E-001,+7.41617981993E-002,+2.67617454366E-001,+7.32404793907E-002,+1.22385524041E-001,+9.09294639824E-001,
12.9e6,caps hf ps1 4 47 5 32,-5.21791408926E-001,+7.62898326480E-001,+2.66699329766E-001,+7.21740152225E-002,+2.67275333383E-001,+7.21486427321E-002,+1.31138533692E-001,+9.08857171659E-001,
12.9e6,caps hf ps1 4 47 5 47,-5.23203153885E-001,+7.63643102801E-001,+2.66505763143E-001,+6.96677718689E-002,+2.66281006763E-001,+6.99252346980E-002,+1.46064478603E-001,+9.07111093236E-001,
12.9e6,caps hf ps1 4 47 5 48,-5.22652197045E-001,+7.63172066062E-001,+2.66300592282E-001,+6.94590388497E-002,+2.66172970988E-001,+6.92757559651E-002,+1.50539156563E-001,+9.06788517117E-001,
12.9e6,caps hf ps1 4 47 5 63,-5.23034269834E-001,+7.63381227126E-001,+2.65298557838E-001,+6.66256226853E-002,+2.65510670643E-001,+6.66490681673E-002,+1.65966452674E-001,+9.04518627039E-001,
12.9e6,caps hf ps1 4 47 6 0,-5.23556901359E-001,+7.63758160743E-001,+2.65543980723E-001,+6.67825701217E-002,+2.65595898060E-001,+6.66169935746E-002,+1.63873329134E-001,+9.04815731421E-001,
12.9e6,caps hf ps1 4 47 6 15,-5.23890287089E-001,+7.64266004906E-001,+2.64930560625E-001,+6.40862563652E-002,+2.64925620365E-001,+6.40177049301E-002,+1.79236865051E-001,+9.02857303360E-001,
12.9e6,caps hf ps1 4 47 6 16,-5.23607095791E-001,+7.63229966498E-001,+2.64009004493E-001,+6.37518559904E-002,+2.64630909093E-001,+6.31324473245E-002,+1.83354949443E-001,+9.02536267101E-001,
12.9e6,caps hf ps1 4 47 6 31,-5.23936136232E-001,+7.64642684489E-001,+2.63783535505E-001,+6.12610224088E-002,+2.63590841112E-001,+6.14216548763E-002,+1.97248592095E-001,+9.00349075306E-001,
12.9e6,caps hf ps1 4 47 6 32,-5.24022710020E-001,+7.64103462057E-001,+2.62964370976E-001,+6.03516412641E-002,+2.63079130020E-001,+6.05905080017E-002,+2.03017553970E-001,+8.99048278082E-001,
12.9e6,caps hf ps1 4 47 6 47,-5.24808312507E-001,+7.64536973126E-001,+2.62664071440E-001,+5.79480661221E-002,+2.62610662009E-001,+5.79314489722E-002,+2.17491987271E-001,+8.96110434521E-001,
12.9e6,caps hf ps1 4 47 6 48,-5.24929122946E-001,+7.64041860606E-001,+2.62141695784E-001,+5.75553362561E-002,+2.62278348833E-001,+5.78485594286E-002,+2.20377922932E-001,+8.96081338454E-001,
12.9e6,caps hf ps1 4 47 6 63,-5.25814879781E-001,+7.65553304176E-001,+2.61707753124E-001,+5.54354559156E-002,+2.60893194580E-001,+5.50297349652E-002,+2.34259984143E-001,+8.92114558314E-001,
12.9e6,caps hf ps1 4 48 0 0,-4.99477185506E-001,+7.62679172045E-001,+2.42012254460E-001,+2.10209788825E-001,+2.42441715558E-001,+2.10578271482E-001,-6.42331053332E-001,+6.25434815873E-001,
12.9e6,caps hf ps1 4 48 0 15,-4.99204297131E-001,+7.61503156774E-001,+2.46374358176E-001,+2.03333107950E-001,+2.46902603691E-001,+2.04053211935E-001,-6.08836161433E-001,+6.58235811420E-001,
12.9e6,caps hf ps1 4 48 0 16,-5.00072517662E-001,+7.61718330583E-001,+2.48373177770E-001,+2.01521959691E-001,+2.47890514280E-001,+2.01287439710E-001,-5.98625620037E-001,+6.66921345780E-001,
12.9e6,caps hf ps1 4 48 0 31,-5.01703166022E-001,+7.61767532852E-001,+2.51047303626E-001,+1.94780037979E-001,+2.51951421182E-001,+1.95656346682E-001,-5.66220625856E-001,+6.95462334987E-001,
12.9e6,caps hf ps1 4 48 0 32,-5.02078473769E-001,+7.61862322381E-001,+2.52909657863E-001,+1.92076726124E-001,+2.53640893578E-001,+1.91973312741E-001,-5.49284356243E-001,+7.08770956257E-001,
12.9e6,caps hf ps1 4 48 0 47,-5.02645630933E-001,+7.61580666764E-001,+2.56482291081E-001,+1.85303136155E-001,+2.56738521842E-001,+1.85907585114E-001,-5.14968773442E-001,+7.34405361454E-001,
12.9e6,caps hf ps1 4 48 0 48,-5.03850698171E-001,+7.61243870458E-001,+2.58007482548E-001,+1.83750485019E-001,+2.57879483913E-001,+1.84300443337E-001,-5.06228368112E-001,+7.41798904636E-001,
12.9e6,caps hf ps1 4 48 0 63,-5.05199581003E-001,+7.61266857377E-001,+2.61092693180E-001,+1.77693084606E-001,+2.60623253644E-001,+1.78212646015E-001,-4.73617529083E-001,+7.62978178561E-001,
12.9e6,caps hf ps1 4 48 1 0,-5.04567087618E-001,+7.59955237265E-001,+2.61131633702E-001,+1.75370262943E-001,+2.61464305584E-001,+1.76237938029E-001,-4.64011365151E-001,+7.70136394881E-001,
12.9e6,caps hf ps1 4 48 1 15,-5.05820802793E-001,+7.60958521632E-001,+2.63687255753E-001,+1.69832861124E-001,+2.64263873393E-001,+1.69863236439E-001,-4.30755933402E-001,+7.89967931062E-001,
12.9e6,caps hf ps1 4 48 1 16,-5.05782625525E-001,+7.60559773852E-001,+2.64287558370E-001,+1.67827552848E-001,+2.64740877076E-001,+1.68114415467E-001,-4.20409437932E-001,+7.95467552155E-001,
12.9e6,caps hf ps1 4 48 1 31,-5.06922056370E-001,+7.60342673412E-001,+2.66271407305E-001,+1.62034299934E-001,+2.66188922844E-001,+1.62309033854E-001,-3.89133779089E-001,+8.12283881127E-001,
12.9e6,caps hf ps1 4 48 1 32,-5.07917310092E-001,+7.61157728588E-001,+2.66909690879E-001,+1.59339576776E-001,+2.66993649515E-001,+1.59915341884E-001,-3.73869663889E-001,+8.19980378221E-001,
12.9e6,caps hf ps1 4 48 1 47,-5.09426921149E-001,+7.60237272540E-001,+2.68660605249E-001,+1.54103844456E-001,+2.68707913927E-001,+1.54186419151E-001,-3.42563871077E-001,+8.33862172345E-001,
12.9e6,caps hf ps1 4 48 1 48,-5.09089786879E-001,+7.60564768683E-001,+2.68748328510E-001,+1.52090712399E-001,+2.69646641803E-001,+1.52335485306E-001,-3.33481259726E-001,+8.39024619287E-001,
12.9e6,caps hf ps1 4 48 1 63,-5.10687246353E-001,+7.60146705787E-001,+2.70127497407E-001,+1.46785546890E-001,+2.69837203812E-001,+1.46901678461E-001,-3.03308521526E-001,+8.49295064601E-001,
12.9e6,caps hf ps1 4 48 2 0,-5.10225401888E-001,+7.60416214468E-001,+2.70509155710E-001,+1.44422877755E-001,+2.70769249647E-001,+1.44481071962E-001,-2.91455099291E-001,+8.55307636766E-001,
12.9e6,caps hf ps1 4 48 2 15,-5.11705135302E-001,+7.60631705795E-001,+2.71284579176E-001,+1.39215059992E-001,+2.71368970094E-001,+1.39483997342E-001,-2.61905819635E-001,+8.66013677427E-001,
12.9e6,caps hf ps1 4 48 2 16,-5.11552172710E-001,+7.60699760987E-001,+2.71636156597E-001,+1.37192454874E-001,+2.71989589886E-001,+1.37921890704E-001,-2.53086403521E-001,+8.68239398526E-001,
12.9e6,caps hf ps1 4 48 2 31,-5.12922052294E-001,+7.60396094269E-001,+2.72167774243E-001,+1.32591555819E-001,+2.72267100277E-001,+1.32819980335E-001,-2.25075087474E-001,+8.77345048391E-001,
12.9e6,caps hf ps1 4 48 2 32,-5.12989438457E-001,+7.60617565855E-001,+2.72448561796E-001,+1.30612080657E-001,+2.72300205915E-001,+1.30135765811E-001,-2.10336691132E-001,+8.81935551828E-001,
12.9e6,caps hf ps1 4 48 2 47,-5.14170829079E-001,+7.59644269228E-001,+2.72457818032E-001,+1.25863908791E-001,+2.73087236740E-001,+1.25641211327E-001,-1.83605332083E-001,+8.88339761755E-001,
12.9e6,caps hf ps1 4 48 2 48,-5.13821809012E-001,+7.60273053792E-001,+2.72338723432E-001,+1.24519034962E-001,+2.72708183868E-001,+1.24021480209E-001,-1.75041553128E-001,+8.89773552009E-001,
12.9e6,caps hf ps1 4 48 2 63,-5.15162629529E-001,+7.61165853831E-001,+2.72982901463E-001,+1.20085714178E-001,+2.73205739717E-001,+1.19514411994E-001,-1.49378370455E-001,+8.94742792975E-001,
12.9e6,caps hf ps1 4 48 3 0,-5.14870083439E-001,+7.60595352444E-001,+2.73061492896E-001,+1.18119390617E-001,+2.73475099074E-001,+1.17712497941E-001,-1.39918944851E-001,+8.97562488115E-001,
12.9e6,caps hf ps1 4 48 3 15,-5.16159584595E-001,+7.60797087430E-001,+2.73079904620E-001,+1.13816289223E-001,+2.73185114329E-001,+1.13867559724E-001,-1.15751554222E-001,+9.02272744694E-001,
12.9e6,caps hf ps1 4 48 3 16,-5.16639557111E-001,+7.61090351117E-001,+2.73523094599E-001,+1.12719457423E-001,+2.73185681239E-001,+1.12253260859E-001,-1.07488944687E-001,+9.03075327782E-001,
12.9e6,caps hf ps1 4 48 3 31,-5.16315928479E-001,+7.60736241454E-001,+2.72885893267E-001,+1.08058247844E-001,+2.73300507659E-001,+1.08358512521E-001,-8.42686546442E-002,+9.05564375263E-001,
12.9e6,caps hf ps1 4 48 3 32,-5.16824618121E-001,+7.61037605518E-001,+2.72620062095E-001,+1.06351299292E-001,+2.73236723520E-001,+1.06182328328E-001,-7.25238796731E-002,+9.07485853978E-001,
12.9e6,caps hf ps1 4 48 3 47,-5.18482141897E-001,+7.60829394388E-001,+2.72340501579E-001,+1.02683423077E-001,+2.72669468918E-001,+1.02650871294E-001,-4.94948869954E-002,+9.09626400202E-001,
12.9e6,caps hf ps1 4 48 3 48,-5.18170168037E-001,+7.60512975150E-001,+2.72264817812E-001,+1.01405269432E-001,+2.72388938113E-001,+1.01255466513E-001,-4.18753482821E-002,+9.10351389559E-001,
12.9e6,caps hf ps1 4 48 3 63,-5.18715038209E-001,+7.61419142142E-001,+2.71813682771E-001,+9.76799535431E-002,+2.72200656418E-001,+9.80367736025E-002,-2.14798946364E-002,+9.11580172322E-001,
12.9e6,caps hf ps1 4 48 4 0,-5.18767117509E-001,+7.62098726030E-001,+2.71799761240E-001,+9.73161386441E-002,+2.71702018750E-001,+9.74261725643E-002,-1.93297250082E-002,+9.12274566601E-001,
12.9e6,caps hf ps1 4 48 4 15,-5.18458267937E-001,+7.60571784607E-001,+2.71011981577E-001,+9.37807509098E-002,+2.71806426724E-001,+9.34192903486E-002,+2.02461156860E-003,+9.13326165109E-001,
12.9e6,caps hf ps1 4 48 4 16,-5.19160139716E-001,+7.62376944890E-001,+2.71353585924E-001,+9.26867192033E-002,+2.71507831237E-001,+9.26803206891E-002,+7.71586914298E-003,+9.13150875732E-001,
12.9e6,caps hf ps1 4 48 4 31,-5.19840654332E-001,+7.61686266053E-001,+2.70851361126E-001,+8.92181789985E-002,+2.71160928547E-001,+8.90070149349E-002,+2.76438770867E-002,+9.13135043634E-001,
12.9e6,caps hf ps1 4 48 4 32,-5.20688455907E-001,+7.61849580110E-001,+2.70695674136E-001,+8.76763234718E-002,+2.70793297182E-001,+8.78559466595E-002,+3.73853585589E-002,+9.14900735726E-001,
12.9e6,caps hf ps1 4 48 4 47,-5.20003373586E-001,+7.61692059936E-001,+2.69816545836E-001,+8.46849076519E-002,+2.70110467207E-001,+8.42717076910E-002,+5.70889010323E-002,+9.13244844096E-001,
12.9e6,caps hf ps1 4 48 4 48,-5.21289608809E-001,+7.63037382616E-001,+2.69793566260E-001,+8.33784172625E-002,+2.69769836854E-001,+8.35335839597E-002,+6.25576608088E-002,+9.13119903413E-001,
12.9e6,caps hf ps1 4 48 4 63,-5.21250190686E-001,+7.62102482512E-001,+2.69250443580E-001,+8.13028232718E-002,+2.69229443116E-001,+8.04726770565E-002,+8.10616507394E-002,+9.12944700875E-001,
12.9e6,caps hf ps1 4 48 5 0,-5.21767259881E-001,+7.62415339090E-001,+2.69148573776E-001,+8.01375054485E-002,+2.69400326289E-001,+8.05853331320E-002,+8.24856676968E-002,+9.12572181425E-001,
12.9e6,caps hf ps1 4 48 5 15,-5.22186831589E-001,+7.63033940833E-001,+2.68501908591E-001,+7.74225876692E-002,+2.68676985907E-001,+7.73680046467E-002,+1.00720523825E-001,+9.11348044307E-001,
12.9e6,caps hf ps1 4 48 5 16,-5.21915818116E-001,+7.64038687275E-001,+2.68451829859E-001,+7.60533268534E-002,+2.68137873582E-001,+7.61907914318E-002,+1.05721546267E-001,+9.11441935590E-001,
12.9e6,caps hf ps1 4 48 5 31,-5.22013855595E-001,+7.62959288148E-001,+2.67347622606E-001,+7.35423784448E-002,+2.67521579266E-001,+7.36554032607E-002,+1.23063995844E-001,+9.09975433232E-001,
12.9e6,caps hf ps1 4 48 5 32,-5.22788451312E-001,+7.62869010301E-001,+2.67015097496E-001,+7.24980421405E-002,+2.67087539742E-001,+7.21090313815E-002,+1.30713479161E-001,+9.09158323438E-001,
12.9e6,caps hf ps1 4 48 5 47,-5.23427208458E-001,+7.63605092926E-001,+2.66266026942E-001,+6.97523925774E-002,+2.66181250562E-001,+6.94253867874E-002,+1.46955000538E-001,+9.06754457891E-001,
12.9e6,caps hf ps1 4 48 5 48,-5.23187638013E-001,+7.63965786234E-001,+2.66252072064E-001,+6.88740853173E-002,+2.66122181793E-001,+6.88797028106E-002,+1.51243702592E-001,+9.06803134578E-001,
12.9e6,caps hf ps1 4 48 5 63,-5.23464604583E-001,+7.64000220163E-001,+2.65574063467E-001,+6.62257478699E-002,+2.65423505549E-001,+6.62817187176E-002,+1.67030599284E-001,+9.04460989487E-001,
12.9e6,caps hf ps1 4 48 6 0,-5.23652271637E-001,+7.64136931411E-001,+2.66193702396E-001,+6.67334474122E-002,+2.65904818473E-001,+6.67500432624E-002,+1.64720349908E-001,+9.05897244823E-001,
12.9e6,caps hf ps1 4 48 6 15,-5.23963835649E-001,+7.63938406357E-001,+2.64520165628E-001,+6.45493599747E-002,+2.64913150539E-001,+6.40572727133E-002,+1.78475869247E-001,+9.03082040153E-001,
12.9e6,caps hf ps1 4 48 6 16,-5.23291398119E-001,+7.64485788650E-001,+2.64394155372E-001,+6.35099200529E-002,+2.64532353807E-001,+6.37314264931E-002,+1.83316075203E-001,+9.02492283300E-001,
12.9e6,caps hf ps1 4 48 6 31,-5.23973210592E-001,+7.63951635504E-001,+2.63972329277E-001,+6.12908328426E-002,+2.64122005086E-001,+6.14263574495E-002,+1.97743273009E-001,+9.00625743696E-001,
12.9e6,caps hf ps1 4 48 6 32,-5.24235507922E-001,+7.64749504202E-001,+2.62861713796E-001,+6.07741311228E-002,+2.63658990780E-001,+6.05605852538E-002,+2.03604269801E-001,+8.99480334923E-001,
12.9e6,caps hf ps1 4 48 6 47,-5.24913148918E-001,+7.63928309766E-001,+2.62669507055E-001,+5.85764626158E-002,+2.62446902912E-001,+5.79857607407E-002,+2.17412394292E-001,+8.96126987638E-001,
12.9e6,caps hf ps1 4 48 6 48,-5.24840870103E-001,+7.65004348135E-001,+2.61898230463E-001,+5.79660440510E-002,+2.62203042930E-001,+5.69934785971E-002,+2.21200986650E-001,+8.95039970769E-001,
12.9e6,caps hf ps1 4 48 6 63,-5.25857325431E-001,+7.64167509891E-001,+2.61407963207E-001,+5.62051580211E-002,+2.61874121045E-001,+5.57387186607E-002,+2.33414064204E-001,+8.93064207168E-001,
12.9e6,caps hf ps1 4 63 0 0,-4.91090167832E-001,+7.72848229982E-001,+2.36064213202E-001,+1.99160893595E-001,+2.35767996395E-001,+1.99675357520E-001,-6.35620684971E-001,+6.35867858429E-001,
12.9e6,caps hf ps1 4 63 0 15,-4.92535993802E-001,+7.71392957609E-001,+2.40086633507E-001,+1.93631879519E-001,+2.40613804803E-001,+1.93397082995E-001,-6.03229762857E-001,+6.67849464994E-001,
12.9e6,caps hf ps1 4 63 0 16,-4.92452320190E-001,+7.71347717676E-001,+2.41470301148E-001,+1.90832159191E-001,+2.41070063060E-001,+1.91717832673E-001,-5.92949444937E-001,+6.77081896550E-001,
12.9e6,caps hf ps1 4 63 0 31,-4.93850810920E-001,+7.71470486661E-001,+2.45062125406E-001,+1.84759769212E-001,+2.45600886961E-001,+1.85676045086E-001,-5.59394005931E-001,+7.06880778577E-001,
12.9e6,caps hf ps1 4 63 0 32,-4.93868243455E-001,+7.70758787511E-001,+2.46568551674E-001,+1.81487525391E-001,+2.47190336120E-001,+1.82398892777E-001,-5.42559808474E-001,+7.19822392146E-001,
12.9e6,caps hf ps1 4 63 0 47,-4.96061657809E-001,+7.71087658401E-001,+2.49936053895E-001,+1.76693824230E-001,+2.50052857411E-001,+1.76637219949E-001,-5.08371285008E-001,+7.43638330184E-001,
12.9e6,caps hf ps1 4 63 0 48,-4.95455651236E-001,+7.71257079233E-001,+2.50566380390E-001,+1.73606357157E-001,+2.50521979839E-001,+1.74916418982E-001,-4.99263156846E-001,+7.50415020712E-001,
12.9e6,caps hf ps1 4 63 0 63,-4.96243132550E-001,+7.70101506041E-001,+2.52641392819E-001,+1.68050627661E-001,+2.53625482998E-001,+1.68950723260E-001,-4.66621139964E-001,+7.72931677049E-001,
12.9e6,caps hf ps1 4 63 1 0,-4.96999885232E-001,+7.70361478372E-001,+2.53402714193E-001,+1.65998746286E-001,+2.53813787525E-001,+1.66758037089E-001,-4.56608295849E-001,+7.79085421033E-001,
12.9e6,caps hf ps1 4 63 1 15,-4.98245290743E-001,+7.70828039152E-001,+2.56069599031E-001,+1.60040384958E-001,+2.56170550652E-001,+1.60412224227E-001,-4.23545990378E-001,+7.98821236419E-001,
12.9e6,caps hf ps1 4 63 1 16,-4.98289221131E-001,+7.70227544929E-001,+2.56785361476E-001,+1.58489285035E-001,+2.56381253891E-001,+1.58988710818E-001,-4.13908824499E-001,+8.04028772052E-001,
12.9e6,caps hf ps1 4 63 1 31,-4.99498106985E-001,+7.70482576910E-001,+2.58316540336E-001,+1.52997219795E-001,+2.58618210311E-001,+1.53787408704E-001,-3.81371837382E-001,+8.20412759010E-001,
12.9e6,caps hf ps1 4 63 1 32,-5.00028802758E-001,+7.69819095010E-001,+2.58781510976E-001,+1.50315866790E-001,+2.59138225321E-001,+1.50382705025E-001,-3.65729753818E-001,+8.28013215380E-001,
12.9e6,caps hf ps1 4 63 1 47,-5.01260007211E-001,+7.70804438466E-001,+2.60634095305E-001,+1.44733905473E-001,+2.60818230696E-001,+1.45110882080E-001,-3.34144738313E-001,+8.41865842707E-001,
12.9e6,caps hf ps1 4 63 1 48,-5.01201896056E-001,+7.69853066376E-001,+2.60349583160E-001,+1.43011222598E-001,+2.60847055530E-001,+1.43218518414E-001,-3.25094495305E-001,+8.45267035652E-001,
12.9e6,caps hf ps1 4 63 1 63,-5.02286512338E-001,+7.70545541129E-001,+2.61334242441E-001,+1.38263476366E-001,+2.62073454105E-001,+1.38094644343E-001,-2.95282362818E-001,+8.57070422463E-001,
12.9e6,caps hf ps1 4 63 2 0,-5.02358149823E-001,+7.70484213377E-001,+2.61789623866E-001,+1.35459549091E-001,+2.62442426386E-001,+1.36321870431E-001,-2.83328484505E-001,+8.62756868812E-001,
12.9e6,caps hf ps1 4 63 2 15,-5.03659035411E-001,+7.70972962190E-001,+2.62801382684E-001,+1.30889016660E-001,+2.62684776249E-001,+1.31014279127E-001,-2.52974654128E-001,+8.71977214986E-001,
12.9e6,caps hf ps1 4 63 2 16,-5.03977888228E-001,+7.69746704668E-001,+2.62854878186E-001,+1.29349387601E-001,+2.62898881462E-001,+1.29137956485E-001,-2.43639778573E-001,+8.75310622051E-001,
12.9e6,caps hf ps1 4 63 2 31,-5.04023654401E-001,+7.70567119597E-001,+2.63444535861E-001,+1.24112584554E-001,+2.63868908269E-001,+1.24628573032E-001,-2.15421582141E-001,+8.83230569137E-001,
12.9e6,caps hf ps1 4 63 2 32,-5.05166211671E-001,+7.70327968611E-001,+2.63665021740E-001,+1.22490036204E-001,+2.63700671898E-001,+1.22284910483E-001,-2.02141926793E-001,+8.87184069092E-001,
12.9e6,caps hf ps1 4 63 2 47,-5.05542602109E-001,+7.70687913042E-001,+2.63801566241E-001,+1.17546453300E-001,+2.64338155573E-001,+1.17790443243E-001,-1.74121085455E-001,+8.93556410784E-001,
12.9e6,caps hf ps1 4 63 2 48,-5.05785564557E-001,+7.71365185370E-001,+2.64272386407E-001,+1.16324729036E-001,+2.64434699703E-001,+1.16342974015E-001,-1.66754776038E-001,+8.95476589866E-001,
12.9e6,caps hf ps1 4 63 2 63,-5.06349737353E-001,+7.70567622045E-001,+2.64030447594E-001,+1.12164419045E-001,+2.64435874413E-001,+1.12218804647E-001,-1.40337156557E-001,+9.00296911244E-001,
12.9e6,caps hf ps1 4 63 3 0,-5.06404657964E-001,+7.70423127809E-001,+2.63944775535E-001,+1.10302298859E-001,+2.63929279636E-001,+1.10255098582E-001,-1.30500235231E-001,+9.01963044372E-001,
12.9e6,caps hf ps1 4 63 3 15,-5.06886888544E-001,+7.70553802402E-001,+2.64119175158E-001,+1.05955079355E-001,+2.63832290571E-001,+1.06432847339E-001,-1.06230908058E-001,+9.06192391069E-001,
12.9e6,caps hf ps1 4 63 3 16,-5.07740216390E-001,+7.70822839319E-001,+2.64107859239E-001,+1.04712518262E-001,+2.63880541510E-001,+1.04645517607E-001,-9.88453463042E-002,+9.07201683625E-001,
12.9e6,caps hf ps1 4 63 3 31,-5.07456898099E-001,+7.71585905108E-001,+2.63606390938E-001,+1.01389457085E-001,+2.64083551127E-001,+1.00657738242E-001,-7.46295742344E-002,+9.11061801063E-001,
12.9e6,caps hf ps1 4 63 3 32,-5.08315898369E-001,+7.71143341289E-001,+2.63439715295E-001,+9.91443281214E-002,+2.64201463329E-001,+9.88574698150E-002,-6.26155185076E-002,+9.12077099258E-001,
12.9e6,caps hf ps1 4 63 3 47,-5.08550562095E-001,+7.71071819264E-001,+2.63217406484E-001,+9.52508515692E-002,+2.63692237573E-001,+9.55932764717E-002,-4.09581394787E-002,+9.14215491040E-001,
12.9e6,caps hf ps1 4 63 3 48,-5.09698233253E-001,+7.71691929309E-001,+2.63192471528E-001,+9.44723174908E-002,+2.63255713053E-001,+9.42561137289E-002,-3.37628019317E-002,+9.14596741899E-001,
12.9e6,caps hf ps1 4 63 3 63,-5.09541940769E-001,+7.71846653468E-001,+2.63552273702E-001,+9.04973440596E-002,+2.62773415395E-001,+9.06807932137E-002,-1.07304994115E-002,+9.14913251788E-001,
12.9e6,caps hf ps1 4 63 4 0,-5.09766164497E-001,+7.71410804730E-001,+2.62917853436E-001,+9.02641653269E-002,+2.63296059206E-001,+9.05519228079E-002,-1.01346540302E-002,+9.15967987621E-001,
12.9e6,caps hf ps1 4 63 4 15,-5.09865417791E-001,+7.71817902093E-001,+2.61977538046E-001,+8.68826473922E-002,+2.62229889536E-001,+8.69493277678E-002,+1.08136344474E-002,+9.16748547620E-001,
12.9e6,caps hf ps1 4 63 4 16,-5.10815992561E-001,+7.72286155249E-001,+2.61852787063E-001,+8.60687121577E-002,+2.62383661657E-001,+8.62706024867E-002,+1.67716856963E-002,+9.16660636506E-001,
12.9e6,caps hf ps1 4 63 4 31,-5.10653247363E-001,+7.72349985930E-001,+2.61228992372E-001,+8.24493837098E-002,+2.61626700996E-001,+8.30390138451E-002,+3.66905785185E-002,+9.17527403951E-001,
12.9e6,caps hf ps1 4 63 4 32,-5.10546802471E-001,+7.71758225502E-001,+2.60902911398E-001,+8.08728654290E-002,+2.61324054358E-001,+8.11776290011E-002,+4.72498365961E-002,+9.16582191386E-001,
12.9e6,caps hf ps1 4 63 4 47,-5.11954921366E-001,+7.71597160504E-001,+2.60322547439E-001,+7.85739124377E-002,+2.60476449051E-001,+7.80942414317E-002,+6.62573737516E-002,+9.16006151978E-001,
12.9e6,caps hf ps1 4 63 4 48,-5.11718990856E-001,+7.72790163164E-001,+2.60545672516E-001,+7.69963058043E-002,+2.60895264956E-001,+7.73904582075E-002,+7.11829208950E-002,+9.16442783116E-001,
12.9e6,caps hf ps1 4 63 4 63,-5.11942917326E-001,+7.72866481340E-001,+2.59530980650E-001,+7.43257319718E-002,+2.59561924881E-001,+7.46347400419E-002,+8.92763008153E-002,+9.15311305472E-001,
12.9e6,caps hf ps1 4 63 5 0,-5.13128592397E-001,+7.72632608497E-001,+2.59694899405E-001,+7.38730377281E-002,+2.59797382835E-001,+7.41908554412E-002,+9.25984072946E-002,+9.15577132911E-001,
12.9e6,caps hf ps1 4 63 5 15,-5.12924382066E-001,+7.73562341625E-001,+2.58424336370E-001,+7.09869267599E-002,+2.59480362240E-001,+7.14053422967E-002,+1.09358794887E-001,+9.14707876094E-001,
12.9e6,caps hf ps1 4 63 5 16,-5.12717939586E-001,+7.73410291219E-001,+2.58383675472E-001,+7.03203062275E-002,+2.59019014049E-001,+7.06899251827E-002,+1.14988858407E-001,+9.14156612119E-001,
12.9e6,caps hf ps1 4 63 5 31,-5.13336080303E-001,+7.73086170745E-001,+2.57920857181E-001,+6.75201182098E-002,+2.58070925525E-001,+6.77985403138E-002,+1.31350732033E-001,+9.12238946507E-001,
12.9e6,caps hf ps1 4 63 5 32,-5.13366443467E-001,+7.73782161826E-001,+2.57480165127E-001,+6.65117748340E-002,+2.57804511474E-001,+6.63888014543E-002,+1.40625415687E-001,+9.11259361095E-001,
12.9e6,caps hf ps1 4 63 5 47,-5.14335276495E-001,+7.73628321558E-001,+2.57076489065E-001,+6.39303924990E-002,+2.57103299415E-001,+6.37866572893E-002,+1.55344198608E-001,+9.09204909479E-001,
12.9e6,caps hf ps1 4 63 5 48,-5.14524166320E-001,+7.73656515793E-001,+2.56119718719E-001,+6.31215311241E-002,+2.56416727192E-001,+6.31600923161E-002,+1.59545455905E-001,+9.08515772957E-001,
12.9e6,caps hf ps1 4 63 5 63,-5.14273511898E-001,+7.74120885531E-001,+2.55788726647E-001,+6.06880033587E-002,+2.55599725980E-001,+6.03466223307E-002,+1.75226122645E-001,+9.05947807227E-001,
12.9e6,caps hf ps1 4 63 6 0,-5.13346193999E-001,+7.74716996254E-001,+2.55893291648E-001,+6.11178593866E-002,+2.56358560881E-001,+6.10799642701E-002,+1.73010036103E-001,+9.06846585078E-001,
12.9e6,caps hf ps1 4 63 6 15,-5.14958093046E-001,+7.74563975962E-001,+2.54867223482E-001,+5.87358787068E-002,+2.54894040485E-001,+5.82962126890E-002,+1.88197478647E-001,+9.04141027112E-001,
12.9e6,caps hf ps1 4 63 6 16,-5.14560196727E-001,+7.74400015778E-001,+2.54734873645E-001,+5.80060867695E-002,+2.54762741293E-001,+5.80935905453E-002,+1.91342081284E-001,+9.04379177752E-001,
12.9e6,caps hf ps1 4 63 6 31,-5.15582481487E-001,+7.74126990778E-001,+2.53872394379E-001,+5.61560498907E-002,+2.54285695662E-001,+5.57890978255E-002,+2.06357036819E-001,+9.01950310438E-001,
12.9e6,caps hf ps1 4 63 6 32,-5.14650380848E-001,+7.74448664492E-001,+2.53504821931E-001,+5.50135173002E-002,+2.53669909625E-001,+5.48915781601E-002,+2.13062642293E-001,+8.99734023353E-001,
12.9e6,caps hf ps1 4 63 6 47,-5.15233454200E-001,+7.74585400364E-001,+2.53147190344E-001,+5.26055206885E-002,+2.52845653946E-001,+5.24859456369E-002,+2.26008220820E-001,+8.97471485575E-001,
12.9e6,caps hf ps1 4 63 6 48,-5.15463533101E-001,+7.74927149480E-001,+2.52526410159E-001,+5.16407346299E-002,+2.52701358162E-001,+5.23946865636E-002,+2.29904656401E-001,+8.96703915807E-001,
12.9e6,caps hf ps1 4 63 6 63,-5.16050858288E-001,+7.74888598305E-001,+2.51380597481E-001,+5.10034848499E-002,+2.51687100837E-001,+4.99791371670E-002,+2.42841161611E-001,+8.93439840381E-001,
12.9e6,caps hf ps1 5 0 0 0,-4.89970126487E-001,+7.73296465987E-001,+2.34300070428E-001,+1.98095853011E-001,+2.35626267065E-001,+1.98280616485E-001,-6.34987550490E-001,+6.38194535817E-001,
12.9e6,caps hf ps1 5 0 0 15,-4.90802436874E-001,+7.72664069995E-001,+2.39273082714E-001,+1.91359105906E-001,+2.39242644666E-001,+1.92272464770E-001,-6.02029806420E-001,+6.71091597064E-001,
12.9e6,caps hf ps1 5 0 0 16,-4.91713397391E-001,+7.73698365501E-001,+2.40674572217E-001,+1.90138064167E-001,+2.40330289870E-001,+1.90553386050E-001,-5.92853252932E-001,+6.79443967843E-001,
12.9e6,caps hf ps1 5 0 0 31,-4.91848962406E-001,+7.72841198219E-001,+2.44052709014E-001,+1.83866754668E-001,+2.43687277747E-001,+1.84153231977E-001,-5.58695967678E-001,+7.06498865912E-001,
12.9e6,caps hf ps1 5 0 0 32,-4.92881858871E-001,+7.71937442265E-001,+2.45906111346E-001,+1.80462319375E-001,+2.45812295933E-001,+1.81641051157E-001,-5.42555627028E-001,+7.20939649702E-001,
12.9e6,caps hf ps1 5 0 0 47,-4.93794155647E-001,+7.72406650664E-001,+2.49172478791E-001,+1.74209176394E-001,+2.49386410157E-001,+1.75432872720E-001,-5.08275067551E-001,+7.45721441240E-001,
12.9e6,caps hf ps1 5 0 0 48,-4.94834313303E-001,+7.71899555069E-001,+2.49308894200E-001,+1.72600074561E-001,+2.48994116566E-001,+1.72564422579E-001,-4.97945081181E-001,+7.52450552973E-001,
12.9e6,caps hf ps1 5 0 0 63,-4.96309308265E-001,+7.72040812514E-001,+2.52623623696E-001,+1.66815220591E-001,+2.52073755379E-001,+1.67480673223E-001,-4.65152630861E-001,+7.75082700356E-001,
12.9e6,caps hf ps1 5 0 1 0,-4.96403471277E-001,+7.72041723675E-001,+2.52640690050E-001,+1.64706675124E-001,+2.53485561384E-001,+1.65462027041E-001,-4.55501247206E-001,+7.81169875845E-001,
12.9e6,caps hf ps1 5 0 1 15,-4.97701167455E-001,+7.72121990566E-001,+2.55080546637E-001,+1.59554132120E-001,+2.55439717210E-001,+1.59470840227E-001,-4.21546791017E-001,+7.99776881276E-001,
12.9e6,caps hf ps1 5 0 1 16,-4.97659394966E-001,+7.71175714117E-001,+2.55341025226E-001,+1.57490074478E-001,+2.55917657502E-001,+1.58133529577E-001,-4.12456707094E-001,+8.05295607226E-001,
12.9e6,caps hf ps1 5 0 1 31,-4.98596755641E-001,+7.71326183917E-001,+2.57421856117E-001,+1.52058560597E-001,+2.57208923787E-001,+1.52489169855E-001,-3.80880687783E-001,+8.20087338654E-001,
12.9e6,caps hf ps1 5 0 1 32,-4.98205159600E-001,+7.71631485734E-001,+2.57996129359E-001,+1.49173870985E-001,+2.57785927303E-001,+1.49499712033E-001,-3.64404816143E-001,+8.29241824880E-001,
12.9e6,caps hf ps1 5 0 1 47,-4.98944026107E-001,+7.70645345640E-001,+2.58796293936E-001,+1.43980981125E-001,+2.59963707456E-001,+1.43774371233E-001,-3.32537941641E-001,+8.43358148425E-001,
12.9e6,caps hf ps1 5 0 1 48,-4.99153412129E-001,+7.71378081479E-001,+2.59761075424E-001,+1.42265586766E-001,+2.60100312254E-001,+1.43069391359E-001,-3.24245897882E-001,+8.46486149238E-001,
12.9e6,caps hf ps1 5 0 1 63,-5.00418295999E-001,+7.71191168763E-001,+2.60538653862E-001,+1.37416857287E-001,+2.60668727041E-001,+1.36859889219E-001,-2.93874015391E-001,+8.57826973106E-001,
12.9e6,caps hf ps1 5 0 2 0,-5.00986503176E-001,+7.71413165343E-001,+2.60599182231E-001,+1.34860702350E-001,+2.60887153484E-001,+1.35128243200E-001,-2.81695721873E-001,+8.62867057228E-001,
12.9e6,caps hf ps1 5 0 2 15,-5.01996582192E-001,+7.71177304519E-001,+2.61214757725E-001,+1.30118350280E-001,+2.61651214715E-001,+1.30487317214E-001,-2.52570262611E-001,+8.73217991288E-001,
12.9e6,caps hf ps1 5 0 2 16,-5.01682351107E-001,+7.71798324544E-001,+2.61919236763E-001,+1.28300666254E-001,+2.61976105319E-001,+1.28847315323E-001,-2.43090167911E-001,+8.75593368803E-001,
12.9e6,caps hf ps1 5 0 2 31,-5.02757379039E-001,+7.71337952761E-001,+2.62396218156E-001,+1.23754478468E-001,+2.62438847496E-001,+1.23775953772E-001,-2.15039119277E-001,+8.83552523168E-001,
12.9e6,caps hf ps1 5 0 2 32,-5.03089229340E-001,+7.71031731564E-001,+2.62496431554E-001,+1.21446753810E-001,+2.62603666731E-001,+1.21700682457E-001,-2.00203833710E-001,+8.87771154269E-001,
12.9e6,caps hf ps1 5 0 2 47,-5.04348006692E-001,+7.71587088403E-001,+2.62145528469E-001,+1.17193379931E-001,+2.62743623830E-001,+1.17017630222E-001,-1.73874745610E-001,+8.93693814637E-001,
12.9e6,caps hf ps1 5 0 2 48,-5.03885566452E-001,+7.71352559735E-001,+2.62670611493E-001,+1.15804013524E-001,+2.63111180063E-001,+1.15754732947E-001,-1.66175544905E-001,+8.96826252110E-001,
12.9e6,caps hf ps1 5 0 2 63,-5.04837449017E-001,+7.72448478774E-001,+2.62464873141E-001,+1.11166814585E-001,+2.62918856894E-001,+1.11364484514E-001,-1.39136542707E-001,+9.00298001563E-001,
12.9e6,caps hf ps1 5 0 3 0,-5.05320917128E-001,+7.71828038701E-001,+2.62638679089E-001,+1.09557971966E-001,+2.63106951920E-001,+1.09733412121E-001,-1.29811017687E-001,+9.02453933261E-001,
12.9e6,caps hf ps1 5 0 3 15,-5.05959483518E-001,+7.72072938888E-001,+2.62767917384E-001,+1.05240144680E-001,+2.62762247731E-001,+1.05760174036E-001,-1.05154768827E-001,+9.06998122580E-001,
12.9e6,caps hf ps1 5 0 3 16,-5.06120958023E-001,+7.71877570489E-001,+2.62722060546E-001,+1.04421628876E-001,+2.62517634454E-001,+1.03937887139E-001,-9.68116934529E-002,+9.08005377631E-001,
12.9e6,caps hf ps1 5 0 3 31,-5.06293252544E-001,+7.72164510686E-001,+2.62330532521E-001,+1.00151522628E-001,+2.62714625799E-001,+1.00331267003E-001,-7.35388561372E-002,+9.10970289692E-001,
12.9e6,caps hf ps1 5 0 3 32,-5.07540235989E-001,+7.73220830893E-001,+2.62414066300E-001,+9.79588649152E-002,+2.62677442735E-001,+9.89806012945E-002,-6.29111110188E-002,+9.11919082812E-001,
12.9e6,caps hf ps1 5 0 3 47,-5.07073258909E-001,+7.72339781003E-001,+2.61948365292E-001,+9.54213010058E-002,+2.62149292375E-001,+9.51331413662E-002,-3.94893697024E-002,+9.14126465223E-001,
12.9e6,caps hf ps1 5 0 3 48,-5.07536256610E-001,+7.72702692283E-001,+2.61630661746E-001,+9.36243633648E-002,+2.62392516065E-001,+9.37837367540E-002,-3.24685537049E-002,+9.14834684537E-001,
12.9e6,caps hf ps1 5 0 3 63,-5.08064044795E-001,+7.73649701503E-001,+2.61149670487E-001,+9.01259289159E-002,+2.61830952736E-001,+9.06891013686E-002,-1.16529035385E-002,+9.15024553862E-001,
12.9e6,caps hf ps1 5 0 4 0,-5.08345551282E-001,+7.72659081417E-001,+2.61101930604E-001,+8.95341622519E-002,+2.61911216780E-001,+8.99286501823E-002,-8.89508468950E-003,+9.16945258017E-001,
12.9e6,caps hf ps1 5 0 4 15,-5.09003749249E-001,+7.73573198664E-001,+2.60836850905E-001,+8.63555610995E-002,+2.61487221710E-001,+8.63306041027E-002,+1.32846886402E-002,+9.17506476889E-001,
12.9e6,caps hf ps1 5 0 4 16,-5.08650640887E-001,+7.72930029960E-001,+2.60763852427E-001,+8.52898150012E-002,+2.61219856473E-001,+8.59146142990E-002,+1.71964796215E-002,+9.16667744499E-001,
12.9e6,caps hf ps1 5 0 4 31,-5.09949034269E-001,+7.73937572849E-001,+2.60591725127E-001,+8.21153298197E-002,+2.60702349664E-001,+8.25588357664E-002,+3.77051814050E-002,+9.17344137513E-001,
12.9e6,caps hf ps1 5 0 4 32,-5.09674045565E-001,+7.73751202198E-001,+2.60103480396E-001,+8.06296294944E-002,+2.59851254213E-001,+8.09356455105E-002,+4.79024852548E-002,+9.16933302486E-001,
12.9e6,caps hf ps1 5 0 4 47,-5.10454971789E-001,+7.73960695706E-001,+2.59390832456E-001,+7.76878697121E-002,+2.59531002749E-001,+7.75843347227E-002,+6.71379625179E-002,+9.16356553759E-001,
12.9e6,caps hf ps1 5 0 4 48,-5.10581539642E-001,+7.73437958392E-001,+2.59251384330E-001,+7.71744668460E-002,+2.59400493234E-001,+7.68515430202E-002,+7.19740295647E-002,+9.15799136660E-001,
12.9e6,caps hf ps1 5 0 4 63,-5.09991382643E-001,+7.74042509295E-001,+2.58189474457E-001,+7.37899030173E-002,+2.58339458317E-001,+7.42536603537E-002,+8.94408747246E-002,+9.14483016588E-001,
12.9e6,caps hf ps1 5 0 5 0,-5.10968518852E-001,+7.74564428514E-001,+2.58529025103E-001,+7.34415499938E-002,+2.58554775044E-001,+7.37497484396E-002,+9.32363450043E-002,+9.15020593010E-001,
12.9e6,caps hf ps1 5 0 5 15,-5.10703181675E-001,+7.74291698099E-001,+2.57665570803E-001,+7.11384353072E-002,+2.57668924475E-001,+7.06580993168E-002,+1.11186505106E-001,+9.13448989302E-001,
12.9e6,caps hf ps1 5 0 5 16,-5.12087354000E-001,+7.73769054731E-001,+2.56953831244E-001,+6.99879697397E-002,+2.57727876741E-001,+6.98588408827E-002,+1.15085958160E-001,+9.14237608612E-001,
12.9e6,caps hf ps1 5 0 5 31,-5.11995205182E-001,+7.74707492918E-001,+2.56391734845E-001,+6.76135550677E-002,+2.56783707389E-001,+6.72285357432E-002,+1.33233958099E-001,+9.12522083908E-001,
12.9e6,caps hf ps1 5 0 5 32,-5.12048172171E-001,+7.74047734921E-001,+2.56562473119E-001,+6.61027176185E-002,+2.56943282298E-001,+6.60252511472E-002,+1.39945245628E-001,+9.11824204781E-001,
12.9e6,caps hf ps1 5 0 5 47,-5.12543858927E-001,+7.74859415998E-001,+2.55706290736E-001,+6.36317511980E-002,+2.55643849201E-001,+6.38517209970E-002,+1.55590727343E-001,+9.08482601600E-001,
12.9e6,caps hf ps1 5 0 5 48,-5.11914451261E-001,+7.74132152540E-001,+2.54821772304E-001,+6.35276563483E-002,+2.55684475026E-001,+6.29080339091E-002,+1.60371851919E-001,+9.08511402971E-001,
12.9e6,caps hf ps1 5 0 5 63,-5.12670715243E-001,+7.74201331724E-001,+2.54493794520E-001,+6.10915662158E-002,+2.54447350398E-001,+6.03631479622E-002,+1.76001880517E-001,+9.05402988079E-001,
12.9e6,caps hf ps1 5 0 6 0,-5.12639788397E-001,+7.75142254295E-001,+2.54927571877E-001,+6.10143245623E-002,+2.54633368739E-001,+6.08559869090E-002,+1.73415270047E-001,+9.07047217465E-001,
12.9e6,caps hf ps1 5 0 6 15,-5.12565003635E-001,+7.76037630835E-001,+2.53839029153E-001,+5.82985150607E-002,+2.53776150940E-001,+5.86143412710E-002,+1.88275787338E-001,+9.04642148604E-001,
12.9e6,caps hf ps1 5 0 6 16,-5.13049607824E-001,+7.75561610119E-001,+2.53933816875E-001,+5.80543542186E-002,+2.53574346881E-001,+5.79111873395E-002,+1.91820306380E-001,+9.04561194367E-001,
12.9e6,caps hf ps1 5 0 6 31,-5.13557189420E-001,+7.75933717846E-001,+2.53269248101E-001,+5.51836135331E-002,+2.52950105544E-001,+5.57288622996E-002,+2.06221113201E-001,+9.00852764159E-001,
12.9e6,caps hf ps1 5 0 6 32,-5.14440652778E-001,+7.75926528880E-001,+2.52519893457E-001,+5.47046647419E-002,+2.51890196264E-001,+5.45184752132E-002,+2.13538727632E-001,+8.99732181381E-001,
12.9e6,caps hf ps1 5 0 6 47,-5.13388858382E-001,+7.76339963214E-001,+2.51609622994E-001,+5.27062096865E-002,+2.51809450818E-001,+5.25965520171E-002,+2.26190446145E-001,+8.97380689294E-001,
12.9e6,caps hf ps1 5 0 6 48,-5.14072994959E-001,+7.75718592479E-001,+2.50918777267E-001,+5.25559147747E-002,+2.51864617549E-001,+5.19939830408E-002,+2.29806752368E-001,+8.96440630378E-001,
12.9e6,caps hf ps1 5 0 6 63,-5.14565556398E-001,+7.76179566275E-001,+2.50141050840E-001,+5.00856683877E-002,+2.50821976046E-001,+5.04123075506E-002,+2.42630466576E-001,+8.93738441579E-001,
12.9e6,caps hf ps1 5 15 0 0,-4.83146726041E-001,+7.82318378872E-001,+2.29249487982E-001,+1.88231040339E-001,+2.29211318068E-001,+1.88983674573E-001,-6.30475804722E-001,+6.48450463314E-001,
12.9e6,caps hf ps1 5 15 0 15,-4.84017835029E-001,+7.82102212509E-001,+2.32763185618E-001,+1.82212371795E-001,+2.33390663279E-001,+1.82574589138E-001,-5.96345455076E-001,+6.80297387155E-001,
12.9e6,caps hf ps1 5 15 0 16,-4.83336332038E-001,+7.81157231206E-001,+2.33582215321E-001,+1.80315993399E-001,+2.34292592709E-001,+1.80710360561E-001,-5.86144711409E-001,+6.88571526776E-001,
12.9e6,caps hf ps1 5 15 0 31,-4.85163890543E-001,+7.81787035113E-001,+2.37554532503E-001,+1.74511636412E-001,+2.38103152419E-001,+1.74703910237E-001,-5.51804538993E-001,+7.17213112059E-001,
12.9e6,caps hf ps1 5 15 0 32,-4.85140496598E-001,+7.82258841690E-001,+2.39380299085E-001,+1.71151789263E-001,+2.39006757968E-001,+1.72012389890E-001,-5.35549126440E-001,+7.30283041332E-001,
12.9e6,caps hf ps1 5 15 0 47,-4.86683757208E-001,+7.81884998743E-001,+2.41808974193E-001,+1.65587815607E-001,+2.41840563195E-001,+1.65743349919E-001,-5.01473601671E-001,+7.54675426116E-001,
12.9e6,caps hf ps1 5 15 0 48,-4.87228564694E-001,+7.81039923271E-001,+2.43020167909E-001,+1.63880134034E-001,+2.42249592109E-001,+1.64267622535E-001,-4.91657074819E-001,+7.61333407366E-001,
12.9e6,caps hf ps1 5 15 0 63,-4.87711252789E-001,+7.81292736595E-001,+2.44782789044E-001,+1.57953690367E-001,+2.45104540213E-001,+1.58105945240E-001,-4.58319666410E-001,+7.82824798912E-001,
12.9e6,caps hf ps1 5 15 1 0,-4.88569259309E-001,+7.80499546210E-001,+2.45483535674E-001,+1.55820016372E-001,+2.45430520063E-001,+1.56169479332E-001,-4.48060083396E-001,+7.88669190962E-001,
12.9e6,caps hf ps1 5 15 1 15,-4.89457572761E-001,+7.80456608773E-001,+2.47065483179E-001,+1.50784460886E-001,+2.47797479070E-001,+1.51012875003E-001,-4.15232963504E-001,+8.07992317470E-001,
12.9e6,caps hf ps1 5 15 1 16,-4.89888983597E-001,+7.81173159404E-001,+2.47985708019E-001,+1.48901791869E-001,+2.48122619199E-001,+1.49649289059E-001,-4.05466758639E-001,+8.13207932850E-001,
12.9e6,caps hf ps1 5 15 1 31,-4.90557951556E-001,+7.80543438219E-001,+2.49399813167E-001,+1.43597832679E-001,+2.49421652279E-001,+1.43675635074E-001,-3.73236713489E-001,+8.28286935436E-001,
12.9e6,caps hf ps1 5 15 1 32,-4.90941357337E-001,+7.80580468460E-001,+2.49691867404E-001,+1.40736466555E-001,+2.50188642459E-001,+1.41156193985E-001,-3.56427594745E-001,+8.36875480620E-001,
12.9e6,caps hf ps1 5 15 1 47,-4.91439460140E-001,+7.80960114701E-001,+2.51227028656E-001,+1.35665718705E-001,+2.51224954557E-001,+1.35474423307E-001,-3.24396680529E-001,+8.49543479732E-001,
12.9e6,caps hf ps1 5 15 1 48,-4.91832855550E-001,+7.81335560912E-001,+2.51806660881E-001,+1.33941554319E-001,+2.51793410205E-001,+1.34125247003E-001,-3.15693139916E-001,+8.53458202277E-001,
12.9e6,caps hf ps1 5 15 1 63,-4.92321204922E-001,+7.81264156655E-001,+2.52261288455E-001,+1.28897852674E-001,+2.52683216302E-001,+1.29568046899E-001,-2.85509862592E-001,+8.65288350364E-001,
12.9e6,caps hf ps1 5 15 2 0,-4.93086632529E-001,+7.80111102926E-001,+2.52435898534E-001,+1.26876626348E-001,+2.53004333449E-001,+1.27327423211E-001,-2.72758705004E-001,+8.69811491355E-001,
12.9e6,caps hf ps1 5 15 2 15,-4.94111422917E-001,+7.81127055787E-001,+2.53697913465E-001,+1.22069975815E-001,+2.53398293970E-001,+1.22238897387E-001,-2.42848590684E-001,+8.79217316303E-001,
12.9e6,caps hf ps1 5 15 2 16,-4.93971048131E-001,+7.80909730761E-001,+2.53489718106E-001,+1.20642451224E-001,+2.53874935820E-001,+1.20760637675E-001,-2.34741940130E-001,+8.81555370682E-001,
12.9e6,caps hf ps1 5 15 2 31,-4.95247631226E-001,+7.80867377269E-001,+2.53635057604E-001,+1.16702955478E-001,+2.54249340696E-001,+1.16249000536E-001,-2.05917559595E-001,+8.89562203768E-001,
12.9e6,caps hf ps1 5 15 2 32,-4.95555488908E-001,+7.81010733831E-001,+2.54207575028E-001,+1.13813001293E-001,+2.54222459440E-001,+1.13838981854E-001,-1.92350151582E-001,+8.92711970238E-001,
12.9e6,caps hf ps1 5 15 2 47,-4.95286683282E-001,+7.80159742038E-001,+2.54248901357E-001,+1.09944412645E-001,+2.54243788821E-001,+1.09332303558E-001,-1.64626096751E-001,+8.98998852248E-001,
12.9e6,caps hf ps1 5 15 2 48,-4.96109901823E-001,+7.80580888657E-001,+2.54255368546E-001,+1.08283392482E-001,+2.54954697849E-001,+1.08483115349E-001,-1.57145023789E-001,+9.01547961160E-001,
12.9e6,caps hf ps1 5 15 2 63,-4.96737288302E-001,+7.81851385107E-001,+2.54229802315E-001,+1.03656680377E-001,+2.54447526282E-001,+1.04169052576E-001,-1.30739465516E-001,+9.06141382394E-001,
12.9e6,caps hf ps1 5 15 3 0,-4.97008124511E-001,+7.81669571661E-001,+2.54096129556E-001,+1.02537009184E-001,+2.54624268387E-001,+1.02416936875E-001,-1.21511019667E-001,+9.07792276431E-001,
12.9e6,caps hf ps1 5 15 3 15,-4.97362095724E-001,+7.81554144438E-001,+2.53764503274E-001,+9.84820061097E-002,+2.54126536101E-001,+9.85412956530E-002,-9.69591230626E-002,+9.11360465062E-001,
12.9e6,caps hf ps1 5 15 3 16,-4.97464514837E-001,+7.81625902631E-001,+2.53715961906E-001,+9.74200691995E-002,+2.54309347335E-001,+9.72777719403E-002,-8.85402488374E-002,+9.12435293830E-001,
12.9e6,caps hf ps1 5 15 3 31,-4.98002693619E-001,+7.81516552150E-001,+2.53325340878E-001,+9.34705117320E-002,+2.53541937306E-001,+9.34013226210E-002,-6.46463568426E-002,+9.14468473960E-001,
12.9e6,caps hf ps1 5 15 3 32,-4.98962121439E-001,+7.81858935997E-001,+2.53390426835E-001,+9.17530778102E-002,+2.53444022904E-001,+9.19672447062E-002,-5.32381577287E-002,+9.16427826224E-001,
12.9e6,caps hf ps1 5 15 3 47,-4.98426126914E-001,+7.82030529138E-001,+2.53461129668E-001,+8.86241208082E-002,+2.53332086464E-001,+8.83790696969E-002,-3.00523861267E-002,+9.17431203036E-001,
12.9e6,caps hf ps1 5 15 3 48,-4.98699527069E-001,+7.81759524531E-001,+2.53145516165E-001,+8.72292350607E-002,+2.53316554114E-001,+8.71032971866E-002,-2.35100225743E-002,+9.18674366158E-001,
12.9e6,caps hf ps1 5 15 3 63,-5.00155771749E-001,+7.82268908081E-001,+2.52542262242E-001,+8.38145008788E-002,+2.52750005917E-001,+8.37697369991E-002,-1.74286602344E-003,+9.19270749661E-001,
12.9e6,caps hf ps1 5 15 4 0,-4.99509217204E-001,+7.82635722105E-001,+2.52771375238E-001,+8.35771717377E-002,+2.53022850695E-001,+8.33847311951E-002,-1.58481126824E-004,+9.19695892839E-001,
12.9e6,caps hf ps1 5 15 4 15,-4.99589684085E-001,+7.82959085143E-001,+2.52314810248E-001,+8.01770777899E-002,+2.52189554599E-001,+8.04317241479E-002,+2.05493837762E-002,+9.19772202016E-001,
12.9e6,caps hf ps1 5 15 4 16,-4.99973592046E-001,+7.82047846498E-001,+2.51647757259E-001,+7.90216520231E-002,+2.52215080456E-001,+7.96217689330E-002,+2.67051431433E-002,+9.20671955109E-001,
12.9e6,caps hf ps1 5 15 4 31,-5.00722705546E-001,+7.82874074017E-001,+2.51296442803E-001,+7.62273748500E-002,+2.51338718395E-001,+7.68879230855E-002,+4.60136167558E-002,+9.19331450580E-001,
12.9e6,caps hf ps1 5 15 4 32,-5.01508429480E-001,+7.82371180576E-001,+2.50989590655E-001,+7.50310491762E-002,+2.51092499311E-001,+7.49169427633E-002,+5.58177445236E-002,+9.19588182904E-001,
12.9e6,caps hf ps1 5 15 4 47,-5.02280762431E-001,+7.83345281336E-001,+2.50555337543E-001,+7.19226233630E-002,+2.50452733565E-001,+7.16356360938E-002,+7.47206091989E-002,+9.18834307461E-001,
12.9e6,caps hf ps1 5 15 4 48,-5.01262546459E-001,+7.82662046595E-001,+2.50263624677E-001,+7.11713357936E-002,+2.50256480138E-001,+7.10112754055E-002,+8.10655983161E-002,+9.18871498949E-001,
12.9e6,caps hf ps1 5 15 4 63,-5.01795615276E-001,+7.83288006152E-001,+2.49444098021E-001,+6.79464230850E-002,+2.49634596337E-001,+6.82161799968E-002,+9.90486185370E-002,+9.17739606360E-001,
12.9e6,caps hf ps1 5 15 5 0,-5.02451582144E-001,+7.83380877594E-001,+2.49256880096E-001,+6.76611980922E-002,+2.49312457630E-001,+6.81415971473E-002,+1.00457992088E-001,+9.17143474137E-001,
12.9e6,caps hf ps1 5 15 5 15,-5.02293506892E-001,+7.83938022909E-001,+2.48446930706E-001,+6.49821550525E-002,+2.48766536161E-001,+6.52765869403E-002,+1.18907721513E-001,+9.16628932182E-001,
12.9e6,caps hf ps1 5 15 5 16,-5.02938225542E-001,+7.83380428253E-001,+2.48603519418E-001,+6.46503503993E-002,+2.48494773021E-001,+6.43548234562E-002,+1.24375172321E-001,+9.15678614488E-001,
12.9e6,caps hf ps1 5 15 5 31,-5.02616416019E-001,+7.83471427355E-001,+2.47710845166E-001,+6.18487357041E-002,+2.47884400335E-001,+6.22221240267E-002,+1.39803206876E-001,+9.13987072652E-001,
12.9e6,caps hf ps1 5 15 5 32,-5.03526108071E-001,+7.84087231402E-001,+2.47088247490E-001,+6.08033474718E-002,+2.47162394328E-001,+6.08095520441E-002,+1.48776746382E-001,+9.13062016145E-001,
12.9e6,caps hf ps1 5 15 5 47,-5.02482952386E-001,+7.84307200695E-001,+2.45843231973E-001,+5.84494105128E-002,+2.46462477715E-001,+5.82448014276E-002,+1.63899644324E-001,+9.10158730256E-001,
12.9e6,caps hf ps1 5 15 5 48,-5.03686640874E-001,+7.84778779843E-001,+2.45961094949E-001,+5.77886146581E-002,+2.46155933480E-001,+5.74617617604E-002,+1.69367877504E-001,+9.09949650028E-001,
12.9e6,caps hf ps1 5 15 5 63,-5.03231924977E-001,+7.83818209270E-001,+2.45338049073E-001,+5.54059972952E-002,+2.45546746247E-001,+5.55964843151E-002,+1.83998020418E-001,+9.07732357136E-001,
12.9e6,caps hf ps1 5 15 6 0,-5.04251154620E-001,+7.84523502337E-001,+2.45798060934E-001,+5.58294073405E-002,+2.45246570483E-001,+5.58667668195E-002,+1.81642938691E-001,+9.08146793469E-001,
12.9e6,caps hf ps1 5 15 6 15,-5.04198849823E-001,+7.85035537037E-001,+2.44445909500E-001,+5.37254163572E-002,+2.45011968663E-001,+5.36920425884E-002,+1.96962646931E-001,+9.05306592856E-001,
12.9e6,caps hf ps1 5 15 6 16,-5.04727983055E-001,+7.84235022214E-001,+2.44622706646E-001,+5.32055872493E-002,+2.44603337156E-001,+5.27088798858E-002,+2.01538727867E-001,+9.05056599960E-001,
12.9e6,caps hf ps1 5 15 6 31,-5.04597607233E-001,+7.84473217367E-001,+2.43986339458E-001,+5.11085808449E-002,+2.43977736170E-001,+5.07255700496E-002,+2.14112745317E-001,+9.02658694565E-001,
12.9e6,caps hf ps1 5 15 6 32,-5.03890458120E-001,+7.85110390518E-001,+2.42537449015E-001,+4.98533189544E-002,+2.43149982948E-001,+4.98982004105E-002,+2.21294077714E-001,+9.01388361920E-001,
12.9e6,caps hf ps1 5 15 6 47,-5.04890188710E-001,+7.85017142851E-001,+2.42082614802E-001,+4.76239230716E-002,+2.42754151741E-001,+4.80409218429E-002,+2.34438700503E-001,+8.97649576760E-001,
12.9e6,caps hf ps1 5 15 6 48,-5.05214817639E-001,+7.85480923567E-001,+2.41866679009E-001,+4.76880571258E-002,+2.42469179651E-001,+4.73699826578E-002,+2.38014281704E-001,+8.97446180940E-001,
12.9e6,caps hf ps1 5 15 6 63,-5.04924756242E-001,+7.85954146883E-001,+2.41400234560E-001,+4.52154202858E-002,+2.41766684157E-001,+4.55695729778E-002,+2.50959965948E-001,+8.93865840989E-001,
12.9e6,caps hf ps1 5 16 0 0,-4.81833811987E-001,+7.82523305800E-001,+2.29470222222E-001,+1.87801900744E-001,+2.29269058697E-001,+1.88606690586E-001,-6.30037644321E-001,+6.47082609996E-001,
12.9e6,caps hf ps1 5 16 0 15,-4.83797067917E-001,+7.81937933970E-001,+2.33097066157E-001,+1.82151159972E-001,+2.33481951731E-001,+1.81939456596E-001,-5.96039869018E-001,+6.80491640378E-001,
12.9e6,caps hf ps1 5 16 0 16,-4.84078890150E-001,+7.81761866657E-001,+2.34059046898E-001,+1.80261002701E-001,+2.34400045656E-001,+1.80844069407E-001,-5.87182209738E-001,+6.88555094120E-001,
12.9e6,caps hf ps1 5 16 0 31,-4.86221321180E-001,+7.81939309684E-001,+2.37676858823E-001,+1.74942526334E-001,+2.37721296361E-001,+1.74608073837E-001,-5.53358545583E-001,+7.16895353977E-001,
12.9e6,caps hf ps1 5 16 0 32,-4.86022285765E-001,+7.81860350662E-001,+2.39073935961E-001,+1.71486502289E-001,+2.39033725928E-001,+1.71881063060E-001,-5.35666591901E-001,+7.30043902602E-001,
12.9e6,caps hf ps1 5 16 0 47,-4.86926156976E-001,+7.81185133803E-001,+2.41825368883E-001,+1.65545569829E-001,+2.42264648462E-001,+1.65602097754E-001,-5.01270132520E-001,+7.54890217362E-001,
12.9e6,caps hf ps1 5 16 0 48,-4.86763134418E-001,+7.81500787935E-001,+2.42501202909E-001,+1.63190496106E-001,+2.42514888548E-001,+1.64281446685E-001,-4.92401180340E-001,+7.60946454723E-001,
12.9e6,caps hf ps1 5 16 0 63,-4.87581456307E-001,+7.80798805356E-001,+2.44179332278E-001,+1.58046272064E-001,+2.45139526500E-001,+1.58984058746E-001,-4.58173326614E-001,+7.82401074706E-001,
12.9e6,caps hf ps1 5 16 1 0,-4.88654342805E-001,+7.80972837172E-001,+2.45682902515E-001,+1.56286494952E-001,+2.45635076237E-001,+1.56469980730E-001,-4.48090802718E-001,+7.88715115525E-001,
12.9e6,caps hf ps1 5 16 1 15,-4.89546195174E-001,+7.80952600806E-001,+2.47619374965E-001,+1.50631232751E-001,+2.47561565970E-001,+1.51031554696E-001,-4.14796003223E-001,+8.07501512755E-001,
12.9e6,caps hf ps1 5 16 1 16,-4.89608774457E-001,+7.81396288440E-001,+2.48122161081E-001,+1.49454135473E-001,+2.48538171091E-001,+1.48621716257E-001,-4.04842787017E-001,+8.13436170700E-001,
12.9e6,caps hf ps1 5 16 1 31,-4.90882979328E-001,+7.80755996090E-001,+2.49717309420E-001,+1.43491547539E-001,+2.49983668721E-001,+1.43937816499E-001,-3.72937511974E-001,+8.28940096266E-001,
12.9e6,caps hf ps1 5 16 1 32,-4.90925761991E-001,+7.81015416195E-001,+2.50346194115E-001,+1.40771078030E-001,+2.49831815467E-001,+1.41441207527E-001,-3.56584614969E-001,+8.36207780875E-001,
12.9e6,caps hf ps1 5 16 1 47,-4.91698693220E-001,+7.80225403848E-001,+2.51333721684E-001,+1.35634911190E-001,+2.51392993411E-001,+1.35972089157E-001,-3.25335245217E-001,+8.49457091098E-001,
12.9e6,caps hf ps1 5 16 1 48,-4.91669534459E-001,+7.81168453839E-001,+2.51430645454E-001,+1.33906684762E-001,+2.52060983611E-001,+1.34066963956E-001,-3.15604433825E-001,+8.53942805936E-001,
12.9e6,caps hf ps1 5 16 1 63,-4.92809750429E-001,+7.80393968421E-001,+2.52746549835E-001,+1.28752689474E-001,+2.52773038476E-001,+1.29696064130E-001,-2.86204857130E-001,+8.64812445321E-001,
12.9e6,caps hf ps1 5 16 2 0,-4.93398681248E-001,+7.81233434106E-001,+2.53195926412E-001,+1.26802233658E-001,+2.53166859844E-001,+1.26996394412E-001,-2.73162603573E-001,+8.69770546177E-001,
12.9e6,caps hf ps1 5 16 2 15,-4.93985498370E-001,+7.80463984993E-001,+2.53508715383E-001,+1.22396047705E-001,+2.54390114443E-001,+1.22248780859E-001,-2.43399423724E-001,+8.79829002273E-001,
12.9e6,caps hf ps1 5 16 2 16,-4.94500051135E-001,+7.80222077822E-001,+2.53241774853E-001,+1.20825370181E-001,+2.53861680810E-001,+1.20726009728E-001,-2.34440002240E-001,+8.81622558714E-001,
12.9e6,caps hf ps1 5 16 2 31,-4.94873575230E-001,+7.81216121817E-001,+2.54007995290E-001,+1.16063449253E-001,+2.54018655596E-001,+1.16522719583E-001,-2.06480626731E-001,+8.88647600896E-001,
12.9e6,caps hf ps1 5 16 2 32,-4.95527544466E-001,+7.81718035588E-001,+2.54427774255E-001,+1.13868586656E-001,+2.54581778756E-001,+1.14136839482E-001,-1.92103018567E-001,+8.93386724723E-001,
12.9e6,caps hf ps1 5 16 2 47,-4.96309858267E-001,+7.81717406636E-001,+2.54901386974E-001,+1.09732413908E-001,+2.54758043734E-001,+1.10354711205E-001,-1.65029681785E-001,+8.99002709330E-001,
12.9e6,caps hf ps1 5 16 2 48,-4.96115956124E-001,+7.80492945895E-001,+2.53994971135E-001,+1.08149436323E-001,+2.54543909983E-001,+1.08228789163E-001,-1.57051351898E-001,+9.01128462935E-001,
12.9e6,caps hf ps1 5 16 2 63,-4.96767183895E-001,+7.80891263170E-001,+2.54139969799E-001,+1.04372178837E-001,+2.54370822850E-001,+1.04269583296E-001,-1.31482053942E-001,+9.05457804648E-001,
12.9e6,caps hf ps1 5 16 3 0,-4.97152780955E-001,+7.81126595595E-001,+2.54486287337E-001,+1.02524936379E-001,+2.54611438570E-001,+1.02552958222E-001,-1.20894822299E-001,+9.07787579940E-001,
12.9e6,caps hf ps1 5 16 3 15,-4.97534785906E-001,+7.81295964759E-001,+2.54194166037E-001,+9.84928526980E-002,+2.54296245814E-001,+9.88155557851E-002,-9.64367924449E-002,+9.10990567198E-001,
12.9e6,caps hf ps1 5 16 3 16,-4.97488023055E-001,+7.80768965150E-001,+2.53679152275E-001,+9.73837332001E-002,+2.54535601449E-001,+9.73965003850E-002,-8.82284162442E-002,+9.12959381270E-001,
12.9e6,caps hf ps1 5 16 3 31,-4.98689977903E-001,+7.81780477560E-001,+2.54121946282E-001,+9.33682574357E-002,+2.53674942230E-001,+9.37654960849E-002,-6.51193284943E-002,+9.15295060719E-001,
12.9e6,caps hf ps1 5 16 3 32,-4.98643291613E-001,+7.82354140830E-001,+2.53653023597E-001,+9.19207114744E-002,+2.53716154192E-001,+9.20780456350E-002,-5.38148922221E-002,+9.15501145600E-001,
12.9e6,caps hf ps1 5 16 3 47,-4.98847025707E-001,+7.82331655587E-001,+2.53048605814E-001,+8.83463808165E-002,+2.53579175592E-001,+8.81858796439E-002,-3.06585359261E-002,+9.17324941048E-001,
12.9e6,caps hf ps1 5 16 3 48,-4.99736808810E-001,+7.82274641576E-001,+2.53178880231E-001,+8.79976352897E-002,+2.53037572149E-001,+8.72406249104E-002,-2.37609899602E-002,+9.18007998605E-001,
12.9e6,caps hf ps1 5 16 3 63,-4.99550400135E-001,+7.81860410167E-001,+2.52689435292E-001,+8.39763022628E-002,+2.52757399263E-001,+8.38560297437E-002,-2.19140554464E-003,+9.18619548625E-001,
12.9e6,caps hf ps1 5 16 4 0,-4.99976012331E-001,+7.81946195953E-001,+2.52582925073E-001,+8.32729674269E-002,+2.52572120149E-001,+8.32297080270E-002,+6.29341693323E-005,+9.19193695050E-001,
12.9e6,caps hf ps1 5 16 4 15,-5.00033755811E-001,+7.82271615630E-001,+2.51890379023E-001,+8.03189899525E-002,+2.52192641799E-001,+8.07747105094E-002,+1.95708447963E-002,+9.19596460702E-001,
12.9e6,caps hf ps1 5 16 4 16,-5.00576712987E-001,+7.82424174587E-001,+2.52409802618E-001,+7.93917837658E-002,+2.52159419363E-001,+7.95467551317E-002,+2.61495069689E-002,+9.19257074933E-001,
12.9e6,caps hf ps1 5 16 4 31,-5.00827134346E-001,+7.82676088257E-001,+2.51512707290E-001,+7.65254865908E-002,+2.51696693922E-001,+7.62588506700E-002,+4.68092084282E-002,+9.19837825943E-001,
12.9e6,caps hf ps1 5 16 4 32,-5.01357386973E-001,+7.83161001426E-001,+2.50669168404E-001,+7.49636739810E-002,+2.51241367153E-001,+7.46234303681E-002,+5.67521359830E-002,+9.19968839029E-001,
12.9e6,caps hf ps1 5 16 4 47,-5.02029151176E-001,+7.82400435590E-001,+2.50347564591E-001,+7.17516073408E-002,+2.50720553176E-001,+7.18811199064E-002,+7.55248923741E-002,+9.19460358481E-001,
12.9e6,caps hf ps1 5 16 4 48,-5.01236971712E-001,+7.83646189107E-001,+2.50588292849E-001,+7.06676938447E-002,+2.50601357645E-001,+7.10155547394E-002,+8.06297680712E-002,+9.18474347618E-001,
12.9e6,caps hf ps1 5 16 4 63,-5.01756023655E-001,+7.83509777686E-001,+2.49839098150E-001,+6.83604573773E-002,+2.49813017472E-001,+6.83672419922E-002,+9.87587781409E-002,+9.17811640722E-001,
12.9e6,caps hf ps1 5 16 5 0,-5.02052868978E-001,+7.83210966880E-001,+2.49549588777E-001,+6.80056628846E-002,+2.49167072207E-001,+6.79692835479E-002,+1.01081852137E-001,+9.17842940112E-001,
12.9e6,caps hf ps1 5 16 5 15,-5.02638034885E-001,+7.83779844783E-001,+2.48569576829E-001,+6.52083634081E-002,+2.48883408855E-001,+6.46157524163E-002,+1.19607201469E-001,+9.15928177952E-001,
12.9e6,caps hf ps1 5 16 5 16,-5.02205431942E-001,+7.83476194397E-001,+2.48761788211E-001,+6.40742521846E-002,+2.48663572396E-001,+6.42550525075E-002,+1.24219558896E-001,+9.15981774574E-001,
12.9e6,caps hf ps1 5 16 5 31,-5.03179957368E-001,+7.83263371306E-001,+2.47572790258E-001,+6.21453010685E-002,+2.47990805574E-001,+6.20485733624E-002,+1.40129696281E-001,+9.13700875263E-001,
12.9e6,caps hf ps1 5 16 5 32,-5.03325417219E-001,+7.83160731033E-001,+2.47161509357E-001,+6.07598884076E-002,+2.47122986413E-001,+6.08078208472E-002,+1.49317702115E-001,+9.12889547725E-001,
12.9e6,caps hf ps1 5 16 5 47,-5.03672510690E-001,+7.84347551473E-001,+2.46555808988E-001,+5.80488618498E-002,+2.46275311932E-001,+5.88541279007E-002,+1.64469266822E-001,+9.10678781144E-001,
12.9e6,caps hf ps1 5 16 5 48,-5.03207726357E-001,+7.84203003376E-001,+2.46312433462E-001,+5.74244709404E-002,+2.46032673169E-001,+5.74438934956E-002,+1.69543194381E-001,+9.09681406507E-001,
12.9e6,caps hf ps1 5 16 5 63,-5.03577424525E-001,+7.83763819788E-001,+2.45898344975E-001,+5.57485461145E-002,+2.45489490357E-001,+5.54645770776E-002,+1.83712014993E-001,+9.07785332391E-001,
12.9e6,caps hf ps1 5 16 6 0,-5.03377169426E-001,+7.84451540518E-001,+2.45860946152E-001,+5.59675878925E-002,+2.45847124316E-001,+5.60006060407E-002,+1.81732630934E-001,+9.08439655538E-001,
12.9e6,caps hf ps1 5 16 6 15,-5.04117837034E-001,+7.84662301187E-001,+2.44817678226E-001,+5.35370699247E-002,+2.45327061038E-001,+5.31902848295E-002,+1.97140042701E-001,+9.06689746009E-001,
12.9e6,caps hf ps1 5 16 6 16,-5.04088297620E-001,+7.84740158478E-001,+2.45063221368E-001,+5.25440513764E-002,+2.44907223206E-001,+5.28993222250E-002,+2.00268975523E-001,+9.04980179421E-001,
12.9e6,caps hf ps1 5 16 6 31,-5.03977083795E-001,+7.85118046708E-001,+2.44139188594E-001,+5.03839842470E-002,+2.44104646766E-001,+5.09576750155E-002,+2.14442247423E-001,+9.02385620535E-001,
12.9e6,caps hf ps1 5 16 6 32,-5.04848582657E-001,+7.84861608162E-001,+2.43378872887E-001,+5.00279555991E-002,+2.43458752747E-001,+4.99960619162E-002,+2.20891790062E-001,+9.01137803309E-001,
12.9e6,caps hf ps1 5 16 6 47,-5.05291577511E-001,+7.85393153191E-001,+2.42418880597E-001,+4.76566426889E-002,+2.42809067322E-001,+4.79262171266E-002,+2.34815958681E-001,+8.97901602173E-001,
12.9e6,caps hf ps1 5 16 6 48,-5.04923246789E-001,+7.84534207612E-001,+2.42659050349E-001,+4.72602766424E-002,+2.42576166909E-001,+4.73554698513E-002,+2.38040433210E-001,+8.97474034251E-001,
12.9e6,caps hf ps1 5 16 6 63,-5.05065110228E-001,+7.85412182343E-001,+2.41504811251E-001,+4.56922208284E-002,+2.41170790878E-001,+4.51041768831E-002,+2.51050090165E-001,+8.94458822479E-001,
12.9e6,caps hf ps1 5 31 0 0,-4.75827538490E-001,+7.90742938171E-001,+2.23119279810E-001,+1.79719871384E-001,+2.22868832300E-001,+1.79828762677E-001,-6.26088760017E-001,+6.56608691944E-001,
12.9e6,caps hf ps1 5 31 0 15,-4.76665500965E-001,+7.89470205983E-001,+2.26444270785E-001,+1.73264632066E-001,+2.27169144974E-001,+1.74300219195E-001,-5.91445436679E-001,+6.89380141935E-001,
12.9e6,caps hf ps1 5 31 0 16,-4.77327128616E-001,+7.89776515109E-001,+2.27209576755E-001,+1.71370281337E-001,+2.27936532706E-001,+1.72392844390E-001,-5.81599235327E-001,+6.96778736893E-001,
12.9e6,caps hf ps1 5 31 0 31,-4.78213183049E-001,+7.89912438753E-001,+2.31324076819E-001,+1.65877418368E-001,+2.31069594697E-001,+1.65907205236E-001,-5.46958415398E-001,+7.26013019112E-001,
12.9e6,caps hf ps1 5 31 0 32,-4.79189238684E-001,+7.89373764284E-001,+2.32380485432E-001,+1.62832428996E-001,+2.32847473120E-001,+1.63152966056E-001,-5.29218961836E-001,+7.38861478224E-001,
12.9e6,caps hf ps1 5 31 0 47,-4.80569616405E-001,+7.89018338362E-001,+2.34934155923E-001,+1.56911448669E-001,+2.35068971842E-001,+1.57436425698E-001,-4.94446478587E-001,+7.62552269237E-001,
12.9e6,caps hf ps1 5 31 0 48,-4.79872297492E-001,+7.89905563578E-001,+2.35832891486E-001,+1.55619537415E-001,+2.35164630003E-001,+1.55862481802E-001,-4.85226050617E-001,+7.69089243117E-001,
12.9e6,caps hf ps1 5 31 0 63,-4.81289607090E-001,+7.89666752687E-001,+2.37803027105E-001,+1.50331103736E-001,+2.37794252765E-001,+1.50290271224E-001,-4.51729021836E-001,+7.90380276366E-001,
12.9e6,caps hf ps1 5 31 1 0,-4.81808133503E-001,+7.89219588433E-001,+2.38827490541E-001,+1.48239365373E-001,+2.38675652661E-001,+1.48328684817E-001,-4.41338839357E-001,+7.96001664322E-001,
12.9e6,caps hf ps1 5 31 1 15,-4.81922607624E-001,+7.89361919906E-001,+2.40157711606E-001,+1.42827680134E-001,+2.40179071240E-001,+1.43199585637E-001,-4.08246299814E-001,+8.14876158211E-001,
12.9e6,caps hf ps1 5 31 1 16,-4.82646088935E-001,+7.88872437125E-001,+2.40464357074E-001,+1.41474939018E-001,+2.40673976075E-001,+1.41225300799E-001,-3.97607961329E-001,+8.19782352584E-001,
12.9e6,caps hf ps1 5 31 1 31,-4.83554762449E-001,+7.89799340072E-001,+2.42222442982E-001,+1.36238514808E-001,+2.42531460206E-001,+1.36159065553E-001,-3.66035826524E-001,+8.36006448237E-001,
12.9e6,caps hf ps1 5 31 1 32,-4.83371134540E-001,+7.89137296993E-001,+2.43166578351E-001,+1.33201333480E-001,+2.42732802900E-001,+1.33565885137E-001,-3.48663172165E-001,+8.43287358174E-001,
12.9e6,caps hf ps1 5 31 1 47,-4.84253896871E-001,+7.90171453440E-001,+2.43739292150E-001,+1.28032276647E-001,+2.43859939551E-001,+1.28039619610E-001,-3.17919352565E-001,+8.56077356930E-001,
12.9e6,caps hf ps1 5 31 1 48,-4.85026446828E-001,+7.88875148530E-001,+2.44178022705E-001,+1.26972481618E-001,+2.44358900397E-001,+1.26910963037E-001,-3.08300346411E-001,+8.60184015372E-001,
12.9e6,caps hf ps1 5 31 1 63,-4.84474228821E-001,+7.88798604062E-001,+2.44905017209E-001,+1.21414457009E-001,+2.44880430692E-001,+1.22052736663E-001,-2.78352269477E-001,+8.70874610160E-001,
12.9e6,caps hf ps1 5 31 2 0,-4.86050752193E-001,+7.89677402791E-001,+2.44961127629E-001,+1.19866692201E-001,+2.45008678936E-001,+1.20262763658E-001,-2.65345388224E-001,+8.74690372073E-001,
12.9e6,caps hf ps1 5 31 2 15,-4.86662528644E-001,+7.88884815830E-001,+2.45620594900E-001,+1.15291347486E-001,+2.45499837285E-001,+1.15567927500E-001,-2.35849889700E-001,+8.84242209815E-001,
12.9e6,caps hf ps1 5 31 2 16,-4.85723877299E-001,+7.89374140018E-001,+2.45598136362E-001,+1.13665608753E-001,+2.46075432186E-001,+1.14033626875E-001,-2.26667968278E-001,+8.88109643534E-001,
12.9e6,caps hf ps1 5 31 2 31,-4.86798722571E-001,+7.89349360967E-001,+2.46062625713E-001,+1.09572018959E-001,+2.45889495312E-001,+1.09571586362E-001,-1.97941404965E-001,+8.94607599381E-001,
12.9e6,caps hf ps1 5 31 2 32,-4.87727094813E-001,+7.89453073530E-001,+2.46056954731E-001,+1.07009192651E-001,+2.46552671116E-001,+1.06883481065E-001,-1.82715077621E-001,+8.98118189962E-001,
12.9e6,caps hf ps1 5 31 2 47,-4.88225468754E-001,+7.90304455541E-001,+2.46512220766E-001,+1.03138764810E-001,+2.46241617293E-001,+1.03295333676E-001,-1.57292797985E-001,+9.03724758566E-001,
12.9e6,caps hf ps1 5 31 2 48,-4.88661230295E-001,+7.89472316958E-001,+2.46162802872E-001,+1.01762056974E-001,+2.46247668648E-001,+1.01952254626E-001,-1.49406027761E-001,+9.06645163894E-001,
12.9e6,caps hf ps1 5 31 2 63,-4.88999889099E-001,+7.90150685627E-001,+2.46510771845E-001,+9.76663775102E-002,+2.46132432490E-001,+9.81059944651E-002,-1.23000230215E-001,+9.10285566654E-001,
12.9e6,caps hf ps1 5 31 3 0,-4.89415927610E-001,+7.90462426835E-001,+2.46422002617E-001,+9.60507229801E-002,+2.45827334267E-001,+9.59857942444E-002,-1.12716381062E-001,+9.11725680520E-001,
12.9e6,caps hf ps1 5 31 3 15,-4.90553238073E-001,+7.90516802722E-001,+2.46010941759E-001,+9.24101236499E-002,+2.46676758845E-001,+9.24656955840E-002,-8.84504051910E-002,+9.15375712579E-001,
12.9e6,caps hf ps1 5 31 3 16,-4.89844345022E-001,+7.89781008773E-001,+2.46009159181E-001,+9.13970926055E-002,+2.46236503164E-001,+9.13685047509E-002,-8.03431221366E-002,+9.16528928956E-001,
12.9e6,caps hf ps1 5 31 3 31,-4.91176012920E-001,+7.89835192420E-001,+2.45742834238E-001,+8.75430364527E-002,+2.46021635121E-001,+8.76510123169E-002,-5.71748635654E-002,+9.19322167097E-001,
12.9e6,caps hf ps1 5 31 3 32,-4.90379044392E-001,+7.90698984233E-001,+2.45270286175E-001,+8.57628185490E-002,+2.45356995023E-001,+8.59313867914E-002,-4.45383784177E-002,+9.19888660840E-001,
12.9e6,caps hf ps1 5 31 3 47,-4.91329970179E-001,+7.90409887265E-001,+2.44956880880E-001,+8.24569975843E-002,+2.45005324788E-001,+8.28383641474E-002,-2.27996697129E-002,+9.20951512880E-001,
12.9e6,caps hf ps1 5 31 3 48,-4.91334055434E-001,+7.90731535560E-001,+2.44758339563E-001,+8.14972096727E-002,+2.44613671713E-001,+8.14610981529E-002,-1.59898034422E-002,+9.21152693786E-001,
12.9e6,caps hf ps1 5 31 3 63,-4.91992207812E-001,+7.90143688069E-001,+2.44107084211E-001,+7.87425836328E-002,+2.44830782347E-001,+7.83521028425E-002,+6.48332044065E-003,+9.22113273732E-001,
12.9e6,caps hf ps1 5 31 4 0,-4.91847041611E-001,+7.91459145244E-001,+2.44019257276E-001,+7.77855494555E-002,+2.44141095389E-001,+7.76343282778E-002,+7.72183979217E-003,+9.22671203093E-001,
12.9e6,caps hf ps1 5 31 4 15,-4.92175519668E-001,+7.92306700929E-001,+2.44020647911E-001,+7.42691935296E-002,+2.43993285442E-001,+7.49817505634E-002,+2.91719549184E-002,+9.22823158152E-001,
12.9e6,caps hf ps1 5 31 4 16,-4.92532761687E-001,+7.90298860125E-001,+2.43085482927E-001,+7.38532865194E-002,+2.43736576519E-001,+7.39413348402E-002,+3.43667665202E-002,+9.22796285690E-001,
12.9e6,caps hf ps1 5 31 4 31,-4.92815719683E-001,+7.91676027909E-001,+2.43006449456E-001,+7.07792495895E-002,+2.42806759161E-001,+7.06955472184E-002,+5.53040117306E-002,+9.23303098839E-001,
12.9e6,caps hf ps1 5 31 4 32,-4.93252254782E-001,+7.91348543747E-001,+2.42643141321E-001,+6.92612765702E-002,+2.42803305999E-001,+6.97114441043E-002,+6.44144800553E-002,+9.22408686100E-001,
12.9e6,caps hf ps1 5 31 4 47,-4.93879888527E-001,+7.92199484376E-001,+2.42399624746E-001,+6.70082437312E-002,+2.41935402551E-001,+6.69048876900E-002,+8.33963913636E-002,+9.21536015280E-001,
12.9e6,caps hf ps1 5 31 4 48,-4.93869804520E-001,+7.91243465473E-001,+2.41736242797E-001,+6.56664635500E-002,+2.41560391483E-001,+6.63932658789E-002,+8.85184821362E-002,+9.20561862560E-001,
12.9e6,caps hf ps1 5 31 4 63,-4.93355585222E-001,+7.92273267723E-001,+2.41329785138E-001,+6.28351403859E-002,+2.40992126499E-001,+6.32355888227E-002,+1.07192534437E-001,+9.19107318612E-001,
12.9e6,caps hf ps1 5 31 5 0,-4.93781640901E-001,+7.91698274357E-001,+2.40573900377E-001,+6.31201246197E-002,+2.40765706479E-001,+6.30223395212E-002,+1.09741350873E-001,+9.20187902234E-001,
12.9e6,caps hf ps1 5 31 5 15,-4.93748725305E-001,+7.92321384501E-001,+2.39825091303E-001,+6.03702937767E-002,+2.40238470313E-001,+5.99015296593E-002,+1.27657837990E-001,+9.18461294175E-001,
12.9e6,caps hf ps1 5 31 5 16,-4.95156444003E-001,+7.92180484174E-001,+2.40214619455E-001,+6.02560031558E-002,+2.40156543952E-001,+6.00208758527E-002,+1.32053362786E-001,+9.17770866079E-001,
12.9e6,caps hf ps1 5 31 5 31,-4.93833368506E-001,+7.92207248810E-001,+2.39275953595E-001,+5.70226069981E-002,+2.39167707171E-001,+5.69084421659E-002,+1.49003942151E-001,+9.15825495644E-001,
12.9e6,caps hf ps1 5 31 5 32,-4.94113900296E-001,+7.92144105580E-001,+2.39270017679E-001,+5.58998611069E-002,+2.39182390833E-001,+5.62408980220E-002,+1.56810786491E-001,+9.15134487364E-001,
12.9e6,caps hf ps1 5 31 5 47,-4.95026466104E-001,+7.91930497300E-001,+2.38163197945E-001,+5.39366599841E-002,+2.38030513631E-001,+5.38471292602E-002,+1.72391078845E-001,+9.12168101899E-001,
12.9e6,caps hf ps1 5 31 5 48,-4.95109312208E-001,+7.93275270140E-001,+2.37606876249E-001,+5.33051148457E-002,+2.37445184414E-001,+5.32177344416E-002,+1.77362975495E-001,+9.11112583313E-001,
12.9e6,caps hf ps1 5 31 5 63,-4.94493054624E-001,+7.92779331682E-001,+2.36790486925E-001,+5.13766025394E-002,+2.36941370575E-001,+5.07253386958E-002,+1.91376911441E-001,+9.09441767743E-001,
12.9e6,caps hf ps1 5 31 6 0,-4.95386369257E-001,+7.92414780803E-001,+2.37062755619E-001,+5.13934711760E-002,+2.37248123740E-001,+5.14458256953E-002,+1.89208416811E-001,+9.09863218753E-001,
12.9e6,caps hf ps1 5 31 6 15,-4.96109555356E-001,+7.92470934474E-001,+2.36182204724E-001,+4.91937544612E-002,+2.36200030835E-001,+4.91708558058E-002,+2.04447278240E-001,+9.06392945017E-001,
12.9e6,caps hf ps1 5 31 6 16,-4.96046549232E-001,+7.93225423185E-001,+2.36310581915E-001,+4.87949569944E-002,+2.36164252025E-001,+4.86802534712E-002,+2.08782206876E-001,+9.06057121532E-001,
12.9e6,caps hf ps1 5 31 6 31,-4.95579200786E-001,+7.93909945138E-001,+2.34962104085E-001,+4.59349432825E-002,+2.35134371974E-001,+4.65954336499E-002,+2.22017607077E-001,+9.03015847717E-001,
12.9e6,caps hf ps1 5 31 6 32,-4.95431297230E-001,+7.93979902251E-001,+2.34751119333E-001,+4.52215502526E-002,+2.34920669276E-001,+4.54323191807E-002,+2.28972729276E-001,+9.01519363741E-001,
12.9e6,caps hf ps1 5 31 6 47,-4.96241192164E-001,+7.94161871714E-001,+2.33892763030E-001,+4.35108469566E-002,+2.33967244480E-001,+4.33668729579E-002,+2.42600181102E-001,+8.98925370377E-001,
12.9e6,caps hf ps1 5 31 6 48,-4.97023411642E-001,+7.93902920900E-001,+2.34217461663E-001,+4.32203101041E-002,+2.33892070493E-001,+4.26711548403E-002,+2.46746803948E-001,+8.97872259050E-001,
12.9e6,caps hf ps1 5 31 6 63,-4.97066258720E-001,+7.93941376482E-001,+2.32406381309E-001,+4.15369099672E-002,+2.32713450991E-001,+4.13733807425E-002,+2.58585719898E-001,+8.94654906458E-001,
12.9e6,caps hf ps1 5 32 0 0,-4.73691884602E-001,+7.92825599380E-001,+2.21166131439E-001,+1.77176467888E-001,+2.21335816279E-001,+1.77163091150E-001,-6.23311997653E-001,+6.59660149698E-001,
12.9e6,caps hf ps1 5 32 0 15,-4.75534997251E-001,+7.92831907482E-001,+2.25116741220E-001,+1.71165824259E-001,+2.25031040335E-001,+1.71382552161E-001,-5.89060060941E-001,+6.91088076724E-001,
12.9e6,caps hf ps1 5 32 0 16,-4.75311750458E-001,+7.92083447421E-001,+2.25794378773E-001,+1.68758324116E-001,+2.25936900198E-001,+1.69464611471E-001,-5.78790234202E-001,+7.00274703466E-001,
12.9e6,caps hf ps1 5 32 0 31,-4.75268054088E-001,+7.93019221375E-001,+2.28639396797E-001,+1.63739421755E-001,+2.29211633851E-001,+1.64082560201E-001,-5.44469349917E-001,+7.28097809055E-001,
12.9e6,caps hf ps1 5 32 0 32,-4.77141500215E-001,+7.91660430511E-001,+2.30438151688E-001,+1.60394288578E-001,+2.31011828506E-001,+1.60627191192E-001,-5.27077131189E-001,+7.41467697204E-001,
12.9e6,caps hf ps1 5 32 0 47,-4.77281779537E-001,+7.92489080267E-001,+2.32981667534E-001,+1.54957387905E-001,+2.33075298367E-001,+1.55024848118E-001,-4.92485836131E-001,+7.65467694894E-001,
12.9e6,caps hf ps1 5 32 0 48,-4.77710543181E-001,+7.92982125096E-001,+2.33637358988E-001,+1.53420806412E-001,+2.33722081545E-001,+1.53755002278E-001,-4.83422952993E-001,+7.71351959986E-001,
12.9e6,caps hf ps1 5 32 0 63,-4.78606245217E-001,+7.91937667205E-001,+2.35594103046E-001,+1.47885175001E-001,+2.35622489879E-001,+1.48248910651E-001,-4.49556375257E-001,+7.91677489994E-001,
12.9e6,caps hf ps1 5 32 1 0,-4.78989792166E-001,+7.91611090910E-001,+2.36092120571E-001,+1.45994631203E-001,+2.37019150993E-001,+1.46433328447E-001,-4.40411072289E-001,+7.98422930637E-001,
12.9e6,caps hf ps1 5 32 1 15,-4.79758044310E-001,+7.91037839839E-001,+2.37921003974E-001,+1.40652467710E-001,+2.38688556474E-001,+1.40943612731E-001,-4.05680445589E-001,+8.16769092271E-001,
12.9e6,caps hf ps1 5 32 1 16,-4.80976299155E-001,+7.91824329645E-001,+2.38578988798E-001,+1.39144098094E-001,+2.39012055943E-001,+1.39211349174E-001,-3.95881244925E-001,+8.22369512559E-001,
12.9e6,caps hf ps1 5 32 1 31,-4.80543202367E-001,+7.90578298129E-001,+2.40273968072E-001,+1.33848793343E-001,+2.40272910425E-001,+1.33691838740E-001,-3.62832924184E-001,+8.37412035524E-001,
12.9e6,caps hf ps1 5 32 1 32,-4.81297986849E-001,+7.91666837905E-001,+2.40528013142E-001,+1.31092137373E-001,+2.40456065429E-001,+1.31121846171E-001,-3.46737654962E-001,+8.44435059513E-001,
12.9e6,caps hf ps1 5 32 1 47,-4.82188088174E-001,+7.91684654368E-001,+2.41575486698E-001,+1.26113316505E-001,+2.41302043144E-001,+1.26878878224E-001,-3.15743165231E-001,+8.58125719142E-001,
12.9e6,caps hf ps1 5 32 1 48,-4.82278837783E-001,+7.91477162315E-001,+2.41742155738E-001,+1.24554386980E-001,+2.42363201732E-001,+1.24868184763E-001,-3.06213438818E-001,+8.61026568760E-001,
12.9e6,caps hf ps1 5 32 1 63,-4.83236109346E-001,+7.91513139290E-001,+2.42738605250E-001,+1.20224127620E-001,+2.42888458650E-001,+1.20494114284E-001,-2.75827052670E-001,+8.71713109937E-001,
12.9e6,caps hf ps1 5 32 2 0,-4.83453878748E-001,+7.91506856432E-001,+2.42835388377E-001,+1.17857957763E-001,+2.43181185420E-001,+1.17809116089E-001,-2.62967810818E-001,+8.77358202225E-001,
12.9e6,caps hf ps1 5 32 2 15,-4.83981030803E-001,+7.90994824486E-001,+2.42921343492E-001,+1.13244834641E-001,+2.43456841853E-001,+1.13526442861E-001,-2.33024611936E-001,+8.85861345755E-001,
12.9e6,caps hf ps1 5 32 2 16,-4.84247751834E-001,+7.92223268717E-001,+2.43709433344E-001,+1.11621154678E-001,+2.43647456411E-001,+1.12228574920E-001,-2.24415216441E-001,+8.88851486602E-001,
12.9e6,caps hf ps1 5 32 2 31,-4.85475494352E-001,+7.92175340012E-001,+2.44113561326E-001,+1.07556690223E-001,+2.44430300268E-001,+1.08151302764E-001,-1.96104330272E-001,+8.96401581012E-001,
12.9e6,caps hf ps1 5 32 2 32,-4.84903180809E-001,+7.91803800644E-001,+2.44240369604E-001,+1.05421095755E-001,+2.44212099506E-001,+1.05584714988E-001,-1.81966793375E-001,+8.98851263932E-001,
12.9e6,caps hf ps1 5 32 2 47,-4.85645179406E-001,+7.92564611253E-001,+2.43743781687E-001,+1.00553200212E-001,+2.44381837811E-001,+1.01615545937E-001,-1.54899632951E-001,+9.05196437693E-001,
12.9e6,caps hf ps1 5 32 2 48,-4.86511207113E-001,+7.91781181446E-001,+2.43730667698E-001,+1.00306782048E-001,+2.44177406474E-001,+9.98884865823E-002,-1.45840789369E-001,+9.06651882039E-001,
12.9e6,caps hf ps1 5 32 2 63,-4.86561055787E-001,+7.91849700857E-001,+2.43646115698E-001,+9.64122843549E-002,+2.43835213984E-001,+9.62992363826E-002,-1.20844232082E-001,+9.10268771028E-001,
12.9e6,caps hf ps1 5 32 3 0,-4.86691523326E-001,+7.92614304395E-001,+2.44178910325E-001,+9.43253145113E-002,+2.43975844958E-001,+9.47826574199E-002,-1.10783994339E-001,+9.12890046387E-001,
12.9e6,caps hf ps1 5 32 3 15,-4.87062794159E-001,+7.92339361287E-001,+2.43335768295E-001,+9.09557582120E-002,+2.43561546730E-001,+9.13029634615E-002,-8.57352956680E-002,+9.15963785550E-001,
12.9e6,caps hf ps1 5 32 3 16,-4.87100224802E-001,+7.93125985545E-001,+2.43512714679E-001,+8.92318961738E-002,+2.43334054242E-001,+8.95039087580E-002,-7.87495536479E-002,+9.16835731546E-001,
12.9e6,caps hf ps1 5 32 3 31,-4.88239463822E-001,+7.92305119069E-001,+2.43148269382E-001,+8.60916654764E-002,+2.43166075531E-001,+8.62399506445E-002,-5.49065724074E-002,+9.19642141778E-001,
12.9e6,caps hf ps1 5 32 3 32,-4.88530692997E-001,+7.92583377988E-001,+2.43209551089E-001,+8.47704799652E-002,+2.43310526274E-001,+8.43950609122E-002,-4.21060271408E-002,+9.20606319633E-001,
12.9e6,caps hf ps1 5 32 3 47,-4.89122571461E-001,+7.93070922472E-001,+2.42880255692E-001,+8.14588243703E-002,+2.42716648011E-001,+8.13808799073E-002,-2.08627403841E-002,+9.21713200960E-001,
12.9e6,caps hf ps1 5 32 3 48,-4.88819004268E-001,+7.93820029623E-001,+2.42279708615E-001,+8.03955370612E-002,+2.42983829062E-001,+8.04028159021E-002,-1.31477750553E-002,+9.22667183316E-001,
12.9e6,caps hf ps1 5 32 3 63,-4.89501080332E-001,+7.92458164465E-001,+2.42217864669E-001,+7.68974545784E-002,+2.41832469271E-001,+7.69708594180E-002,+8.00347190103E-003,+9.23188361363E-001,
12.9e6,caps hf ps1 5 32 4 0,-4.89520829198E-001,+7.92670752963E-001,+2.42017877804E-001,+7.63610136606E-002,+2.41928018820E-001,+7.65430461395E-002,+9.61494779150E-003,+9.23605106344E-001,
12.9e6,caps hf ps1 5 32 4 15,-4.90371708086E-001,+7.93628580096E-001,+2.41832655724E-001,+7.33718581403E-002,+2.41671428271E-001,+7.39233571728E-002,+3.12917122462E-002,+9.23771394345E-001,
12.9e6,caps hf ps1 5 32 4 16,-4.90185840641E-001,+7.93789200064E-001,+2.41417013849E-001,+7.27174598603E-002,+2.41717614332E-001,+7.24044339114E-002,+3.71092678991E-002,+9.23734216031E-001,
12.9e6,caps hf ps1 5 32 4 31,-4.89971320440E-001,+7.93651467630E-001,+2.40602380266E-001,+6.97255709019E-002,+2.40180967129E-001,+6.96993892327E-002,+5.70507031717E-002,+9.22260035450E-001,
12.9e6,caps hf ps1 5 32 4 32,-4.89325261773E-001,+7.93449953488E-001,+2.39902961986E-001,+6.84568115941E-002,+2.40214920406E-001,+6.81528127964E-002,+6.56356918166E-002,+9.22878268864E-001,
12.9e6,caps hf ps1 5 32 4 47,-4.90760694734E-001,+7.93766689215E-001,+2.39712453333E-001,+6.57912869084E-002,+2.39900416105E-001,+6.56443011175E-002,+8.51032774038E-002,+9.21665146453E-001,
12.9e6,caps hf ps1 5 32 4 48,-4.91618247823E-001,+7.93976523222E-001,+2.39255769536E-001,+6.47523063065E-002,+2.39799407833E-001,+6.48385262201E-002,+9.16085174109E-002,+9.21441080729E-001,
12.9e6,caps hf ps1 5 32 4 63,-4.91311872817E-001,+7.93655010062E-001,+2.38698988690E-001,+6.22508443813E-002,+2.38457717301E-001,+6.24421116726E-002,+1.09098260242E-001,+9.19142998713E-001,
12.9e6,caps hf ps1 5 32 5 0,-4.91803807354E-001,+7.93278223029E-001,+2.38324526096E-001,+6.17789719558E-002,+2.38559504507E-001,+6.15311536568E-002,+1.11378608493E-001,+9.19764884350E-001,
12.9e6,caps hf ps1 5 32 5 15,-4.92362923971E-001,+7.94307569696E-001,+2.38320177042E-001,+5.97881949513E-002,+2.38178756888E-001,+5.90404617400E-002,+1.28791259197E-001,+9.18842254964E-001,
12.9e6,caps hf ps1 5 32 5 16,-4.92202894222E-001,+7.95084076769E-001,+2.37407498670E-001,+5.84963347057E-002,+2.37277411349E-001,+5.81047639849E-002,+1.33891616161E-001,+9.17851507562E-001,
12.9e6,caps hf ps1 5 32 5 31,-4.93022233736E-001,+7.94385367988E-001,+2.37276097135E-001,+5.59424967710E-002,+2.36599155980E-001,+5.59752260278E-002,+1.50146973921E-001,+9.15840633068E-001,
12.9e6,caps hf ps1 5 32 5 32,-4.92439611334E-001,+7.93998129258E-001,+2.36219254323E-001,+5.48074266305E-002,+2.36609607385E-001,+5.52036268440E-002,+1.57841092747E-001,+9.14185823352E-001,
12.9e6,caps hf ps1 5 32 5 47,-4.92333097999E-001,+7.95094380725E-001,+2.35293702161E-001,+5.34116961925E-002,+2.35642632208E-001,+5.21954234707E-002,+1.75129001990E-001,+9.12585921919E-001,
12.9e6,caps hf ps1 5 32 5 48,-4.92472921687E-001,+7.94526200676E-001,+2.35181251786E-001,+5.19455983505E-002,+2.35849330256E-001,+5.21447739070E-002,+1.78871344331E-001,+9.12007529048E-001,
12.9e6,caps hf ps1 5 32 5 63,-4.94010909125E-001,+7.95029911130E-001,+2.34685214944E-001,+5.04025066740E-002,+2.35135192665E-001,+4.97719847452E-002,+1.94012191318E-001,+9.09997876329E-001,
12.9e6,caps hf ps1 5 32 6 0,-4.93015278207E-001,+7.95367587637E-001,+2.34910627699E-001,+5.03523590554E-002,+2.34585005334E-001,+5.01509283102E-002,+1.91207095233E-001,+9.09372775621E-001,
12.9e6,caps hf ps1 5 32 6 15,-4.92845785544E-001,+7.95247327537E-001,+2.34166205589E-001,+4.81287803248E-002,+2.34040938415E-001,+4.79176850734E-002,+2.07080415173E-001,+9.07421642815E-001,
12.9e6,caps hf ps1 5 32 6 16,-4.93487365297E-001,+7.95436307196E-001,+2.33641457706E-001,+4.71026991410E-002,+2.33702272261E-001,+4.75761358330E-002,+2.09953613604E-001,+9.06475273261E-001,
12.9e6,caps hf ps1 5 32 6 31,-4.93135388535E-001,+7.94709735016E-001,+2.32824951822E-001,+4.54320746452E-002,+2.33056335744E-001,+4.50743710830E-002,+2.25018479312E-001,+9.03059036475E-001,
12.9e6,caps hf ps1 5 32 6 32,-4.93658627870E-001,+7.95727025162E-001,+2.32690642940E-001,+4.44879826960E-002,+2.32554992355E-001,+4.45603205561E-002,+2.30580173660E-001,+9.02112782489E-001,
12.9e6,caps hf ps1 5 32 6 47,-4.94056773043E-001,+7.95824874938E-001,+2.31757567949E-001,+4.32828824815E-002,+2.31618213875E-001,+4.33447936458E-002,+2.43583462363E-001,+8.98604004391E-001,
12.9e6,caps hf ps1 5 32 6 48,-4.94051204387E-001,+7.95224525147E-001,+2.31558441412E-001,+4.28568872547E-002,+2.31503350672E-001,+4.25001520616E-002,+2.48022023888E-001,+8.98841030761E-001,
12.9e6,caps hf ps1 5 32 6 63,-4.94039556880E-001,+7.95400946791E-001,+2.29954962145E-001,+4.12460330726E-002,+2.30669695472E-001,+4.04891433013E-002,+2.60314480596E-001,+8.95123509152E-001,
12.9e6,caps hf ps1 5 47 0 0,-4.67288321954E-001,+8.00816465344E-001,+2.15537393446E-001,+1.69037252659E-001,+2.15349453275E-001,+1.69185860769E-001,-6.19075994447E-001,+6.68557188514E-001,
12.9e6,caps hf ps1 5 47 0 15,-4.67448807899E-001,+8.00232982412E-001,+2.18800274050E-001,+1.63138668880E-001,+2.19121478274E-001,+1.63774592092E-001,-5.83927514742E-001,+6.99964237697E-001,
12.9e6,caps hf ps1 5 47 0 16,-4.67732643840E-001,+8.00454395170E-001,+2.20304562526E-001,+1.60958162343E-001,+2.20109295146E-001,+1.61718871258E-001,-5.73504541549E-001,+7.08803564725E-001,
12.9e6,caps hf ps1 5 47 0 31,-4.68870425070E-001,+7.98817950042E-001,+2.22554303984E-001,+1.56062803001E-001,+2.23282874189E-001,+1.56467497540E-001,-5.39308976013E-001,+7.35459564632E-001,
12.9e6,caps hf ps1 5 47 0 32,-4.69941105052E-001,+7.99319666838E-001,+2.23681358183E-001,+1.52827449420E-001,+2.24161967728E-001,+1.52898670923E-001,-5.21608579337E-001,+7.48144520274E-001,
12.9e6,caps hf ps1 5 47 0 47,-4.71328949637E-001,+7.99686450699E-001,+2.27504098961E-001,+1.47109890422E-001,+2.26284553793E-001,+1.47483662737E-001,-4.87012676676E-001,+7.71033618188E-001,
12.9e6,caps hf ps1 5 47 0 48,-4.71752595439E-001,+7.99989314224E-001,+2.27457123336E-001,+1.45925425405E-001,+2.27454544889E-001,+1.46350726086E-001,-4.77205369295E-001,+7.78770857079E-001,
12.9e6,caps hf ps1 5 47 0 63,-4.71681680921E-001,+7.99078926278E-001,+2.29320717655E-001,+1.40557206536E-001,+2.29259801662E-001,+1.41146664137E-001,-4.42707866744E-001,+7.99111901655E-001,
12.9e6,caps hf ps1 5 47 1 0,-4.72507164516E-001,+7.99516296898E-001,+2.29677133885E-001,+1.38454222465E-001,+2.30188366075E-001,+1.38551160721E-001,-4.31464238344E-001,+8.05833547087E-001,
12.9e6,caps hf ps1 5 47 1 15,-4.72550954264E-001,+7.98973994746E-001,+2.30969707247E-001,+1.32966487302E-001,+2.31753850205E-001,+1.33791415994E-001,-3.98914768947E-001,+8.23389456422E-001,
12.9e6,caps hf ps1 5 47 1 16,-4.73465871964E-001,+7.98569019600E-001,+2.31489949386E-001,+1.31726787408E-001,+2.32056875642E-001,+1.31992822181E-001,-3.89020376897E-001,+8.28551175874E-001,
12.9e6,caps hf ps1 5 47 1 31,-4.74017843893E-001,+7.98920774220E-001,+2.32764293678E-001,+1.27011733805E-001,+2.32963415180E-001,+1.26796799832E-001,-3.55790765174E-001,+8.44148532550E-001,
12.9e6,caps hf ps1 5 47 1 32,-4.73616906254E-001,+7.98625490621E-001,+2.33492517000E-001,+1.24275658595E-001,+2.33530054835E-001,+1.24201270991E-001,-3.39634988187E-001,+8.51224802112E-001,
12.9e6,caps hf ps1 5 47 1 47,-4.75274750841E-001,+7.99479598299E-001,+2.34078081550E-001,+1.19280819774E-001,+2.34201533200E-001,+1.20021886225E-001,-3.08229455481E-001,+8.63097953165E-001,
12.9e6,caps hf ps1 5 47 1 48,-4.75601224941E-001,+7.99495082674E-001,+2.34169393769E-001,+1.18209297256E-001,+2.34809172051E-001,+1.18465770030E-001,-2.98566316958E-001,+8.67129873654E-001,
12.9e6,caps hf ps1 5 47 1 63,-4.75711404542E-001,+7.98448784307E-001,+2.35169868495E-001,+1.13052464299E-001,+2.35831618988E-001,+1.13403740557E-001,-2.68054403744E-001,+8.77915929008E-001,
12.9e6,caps hf ps1 5 47 2 0,-4.76018909280E-001,+7.99504999134E-001,+2.35453870880E-001,+1.11217207372E-001,+2.35228657313E-001,+1.11298365886E-001,-2.54468117641E-001,+8.81683595950E-001,
12.9e6,caps hf ps1 5 47 2 15,-4.76530117380E-001,+7.98963880488E-001,+2.35615710338E-001,+1.06745199894E-001,+2.36304662151E-001,+1.07116151515E-001,-2.25751337411E-001,+8.90882907403E-001,
12.9e6,caps hf ps1 5 47 2 16,-4.76808460075E-001,+7.99005044034E-001,+2.35837369332E-001,+1.05065017330E-001,+2.36124047767E-001,+1.05395942656E-001,-2.15999150444E-001,+8.93146413495E-001,
12.9e6,caps hf ps1 5 47 2 31,-4.77351527773E-001,+7.99145329110E-001,+2.36092621863E-001,+1.01459768234E-001,+2.36695302771E-001,+1.01839220880E-001,-1.87771158737E-001,+9.00239928548E-001,
12.9e6,caps hf ps1 5 47 2 32,-4.77520764038E-001,+8.00163862315E-001,+2.36375753786E-001,+9.93838576043E-002,+2.36710629962E-001,+9.92240875020E-002,-1.74202650182E-001,+9.03854480084E-001,
12.9e6,caps hf ps1 5 47 2 47,-4.77882842182E-001,+7.99131174619E-001,+2.36062015480E-001,+9.54825341775E-002,+2.36511402598E-001,+9.54659065325E-002,-1.46425908398E-001,+9.09454126894E-001,
12.9e6,caps hf ps1 5 47 2 48,-4.78478700675E-001,+7.99342755571E-001,+2.36359762276E-001,+9.42800996045E-002,+2.36381940740E-001,+9.40627240161E-002,-1.38552857841E-001,+9.10285782319E-001,
12.9e6,caps hf ps1 5 47 2 63,-4.80025206416E-001,+8.00003787021E-001,+2.36819664794E-001,+9.05050961379E-002,+2.36381743860E-001,+9.06583523453E-002,-1.13057215017E-001,+9.15277464044E-001,
12.9e6,caps hf ps1 5 47 3 0,-4.79022454298E-001,+8.00386964699E-001,+2.36314759033E-001,+8.86698030744E-002,+2.36195330806E-001,+8.92612307860E-002,-1.03835872800E-001,+9.16730082255E-001,
12.9e6,caps hf ps1 5 47 3 15,-4.79070746103E-001,+8.00541721472E-001,+2.35665169639E-001,+8.49400580159E-002,+2.35610245060E-001,+8.52440362299E-002,-7.75444490123E-002,+9.19555157218E-001,
12.9e6,caps hf ps1 5 47 3 16,-4.79225958733E-001,+8.01420999851E-001,+2.35703981831E-001,+8.40589068215E-002,+2.35839596189E-001,+8.43560024229E-002,-7.06638809580E-002,+9.20860660045E-001,
12.9e6,caps hf ps1 5 47 3 31,-4.80392746657E-001,+8.00383847272E-001,+2.35118214113E-001,+8.08033327162E-002,+2.35233684681E-001,+8.04912857124E-002,-4.64422827718E-002,+9.22635883909E-001,
12.9e6,caps hf ps1 5 47 3 32,-4.81009806726E-001,+8.00798954022E-001,+2.34885831052E-001,+7.89409942151E-002,+2.35115007348E-001,+7.89869932053E-002,-3.53813078477E-002,+9.23743694561E-001,
12.9e6,caps hf ps1 5 47 3 47,-4.80295593836E-001,+8.00378654640E-001,+2.34732836615E-001,+7.59385210092E-002,+2.34734336059E-001,+7.58845122295E-002,-1.16817892984E-002,+9.24610209111E-001,
12.9e6,caps hf ps1 5 47 3 48,-4.80661566754E-001,+8.00427025853E-001,+2.34405926850E-001,+7.49509932149E-002,+2.34459555033E-001,+7.47480009611E-002,-5.16099154120E-003,+9.24956582513E-001,
12.9e6,caps hf ps1 5 47 3 63,-4.82680866937E-001,+8.00993934097E-001,+2.34215739665E-001,+7.20162570798E-002,+2.33904780697E-001,+7.12208807740E-002,+1.60093356506E-002,+9.26187935211E-001,
12.9e6,caps hf ps1 5 47 4 0,-4.81685868055E-001,+8.00326300353E-001,+2.34384476098E-001,+7.12499340209E-002,+2.33772936860E-001,+7.19714044060E-002,+1.73322032242E-002,+9.25365653773E-001,
12.9e6,caps hf ps1 5 47 4 15,-4.81060630292E-001,+8.00956366625E-001,+2.33438346935E-001,+6.85945405412E-002,+2.33811545268E-001,+6.85129323402E-002,+3.86640414112E-002,+9.26228213066E-001,
12.9e6,caps hf ps1 5 47 4 16,-4.82459766716E-001,+8.00530755920E-001,+2.33032933001E-001,+6.75508005468E-002,+2.33170890115E-001,+6.75645473938E-002,+4.48628480000E-002,+9.26020372757E-001,
12.9e6,caps hf ps1 5 47 4 31,-4.83013566746E-001,+8.00841209760E-001,+2.32713149841E-001,+6.46571080181E-002,+2.32853538982E-001,+6.44459606950E-002,+6.55495481350E-002,+9.24777469404E-001,
12.9e6,caps hf ps1 5 47 4 32,-4.82935202845E-001,+8.01754096789E-001,+2.32339526881E-001,+6.36896046549E-002,+2.32681008275E-001,+6.32668953334E-002,+7.46870523380E-002,+9.25750632450E-001,
12.9e6,caps hf ps1 5 47 4 47,-4.82807004252E-001,+8.02616403150E-001,+2.31319401191E-001,+6.08347853790E-002,+2.31935709849E-001,+6.09446421603E-002,+9.36107844214E-002,+9.24141121453E-001,
12.9e6,caps hf ps1 5 47 4 48,-4.83149123580E-001,+8.01007291956E-001,+2.31180345562E-001,+6.03871552380E-002,+2.31458212874E-001,+6.02223559008E-002,+9.87562625079E-002,+9.23315385357E-001,
12.9e6,caps hf ps1 5 47 4 63,-4.83321408089E-001,+8.01644711586E-001,+2.30393398341E-001,+5.74981886124E-002,+2.30474001641E-001,+5.74072180656E-002,+1.16720764220E-001,+9.21861791986E-001,
12.9e6,caps hf ps1 5 47 5 0,-4.84165499856E-001,+8.01870796528E-001,+2.30448080093E-001,+5.74868299712E-002,+2.30092572960E-001,+5.75441190795E-002,+1.18435945907E-001,+9.21647879665E-001,
12.9e6,caps hf ps1 5 47 5 15,-4.83886430716E-001,+8.01627751779E-001,+2.29706351845E-001,+5.47736090960E-002,+2.29674226777E-001,+5.49109176204E-002,+1.36786235624E-001,+9.19658874511E-001,
12.9e6,caps hf ps1 5 47 5 16,-4.84197316688E-001,+8.02780070023E-001,+2.29418294985E-001,+5.40147203883E-002,+2.29292309564E-001,+5.37489620955E-002,+1.42160768887E-001,+9.19472885941E-001,
12.9e6,caps hf ps1 5 47 5 31,-4.83410713633E-001,+8.02917444849E-001,+2.28614578270E-001,+5.19504882142E-002,+2.28597136487E-001,+5.15501575594E-002,+1.58994930278E-001,+9.16509473094E-001,
12.9e6,caps hf ps1 5 47 5 32,-4.84016311463E-001,+8.03012428766E-001,+2.28429721067E-001,+5.07263079434E-002,+2.28433989453E-001,+5.05063904884E-002,+1.65836174335E-001,+9.16385919220E-001,
12.9e6,caps hf ps1 5 47 5 47,-4.84637370489E-001,+8.02708864080E-001,+2.27652098417E-001,+4.83359195792E-002,+2.27668302658E-001,+4.84197743458E-002,+1.81840378171E-001,+9.13190392926E-001,
12.9e6,caps hf ps1 5 47 5 48,-4.84612232288E-001,+8.02156806981E-001,+2.26879794853E-001,+4.77724073994E-002,+2.27475732914E-001,+4.76282477761E-002,+1.86375330968E-001,+9.12454473555E-001,
12.9e6,caps hf ps1 5 47 5 63,-4.85424047669E-001,+8.02562027051E-001,+2.26307855613E-001,+4.61185604827E-002,+2.26911075036E-001,+4.59178256534E-002,+2.01144824109E-001,+9.09879027044E-001,
12.9e6,caps hf ps1 5 47 6 0,-4.84893279862E-001,+8.02624890242E-001,+2.26678997698E-001,+4.63458704298E-002,+2.26599503562E-001,+4.58512025898E-002,+1.98058338541E-001,+9.11453515181E-001,
12.9e6,caps hf ps1 5 47 6 15,-4.85104991576E-001,+8.02531609134E-001,+2.26056576879E-001,+4.41382969620E-002,+2.26235289019E-001,+4.43617333161E-002,+2.13412330688E-001,+9.07947280551E-001,
12.9e6,caps hf ps1 5 47 6 16,-4.85692851719E-001,+8.03426305141E-001,+2.25829355534E-001,+4.34153937551E-002,+2.25782523749E-001,+4.36706783291E-002,+2.17639184671E-001,+9.07157549407E-001,
12.9e6,caps hf ps1 5 47 6 31,-4.85738590826E-001,+8.03078123111E-001,+2.24843273330E-001,+4.16777539520E-002,+2.25000536826E-001,+4.22210875022E-002,+2.31194473799E-001,+9.04139925086E-001,
12.9e6,caps hf ps1 5 47 6 32,-4.84979530596E-001,+8.02851253113E-001,+2.24439407235E-001,+4.09043982622E-002,+2.24760821269E-001,+4.10337560016E-002,+2.37631499201E-001,+9.03448292964E-001,
12.9e6,caps hf ps1 5 47 6 47,-4.86145860704E-001,+8.02460810539E-001,+2.23406870342E-001,+3.95149035872E-002,+2.23882037719E-001,+3.88604395912E-002,+2.50874537347E-001,+8.99800359040E-001,
12.9e6,caps hf ps1 5 47 6 48,-4.86269400920E-001,+8.03555173459E-001,+2.23305617671E-001,+3.84275452718E-002,+2.23153919744E-001,+3.86226890915E-002,+2.54955189747E-001,+8.98438130672E-001,
12.9e6,caps hf ps1 5 47 6 63,-4.86394559162E-001,+8.02951446316E-001,+2.22458740696E-001,+3.68826722049E-002,+2.22832680713E-001,+3.67511470294E-002,+2.67031474132E-001,+8.95754765371E-001,
12.9e6,caps hf ps1 5 48 0 0,-4.67526897586E-001,+7.99942930496E-001,+2.14584680795E-001,+1.68400614149E-001,+2.16107601233E-001,+1.69175512428E-001,-6.18424931955E-001,+6.69062019484E-001,
12.9e6,caps hf ps1 5 48 0 15,-4.68554601590E-001,+7.99551463796E-001,+2.18683108419E-001,+1.62595911608E-001,+2.19090211539E-001,+1.63451537049E-001,-5.83843360263E-001,+6.99572268752E-001,
12.9e6,caps hf ps1 5 48 0 16,-4.68367864221E-001,+8.00723048668E-001,+2.20423729441E-001,+1.61280878644E-001,+2.19881421581E-001,+1.61557640503E-001,-5.73968196845E-001,+7.08538239990E-001,
12.9e6,caps hf ps1 5 48 0 31,-4.68986948739E-001,+7.99093864222E-001,+2.23494511392E-001,+1.55432183532E-001,+2.22847808370E-001,+1.56489541166E-001,-5.39195364314E-001,+7.35266226652E-001,
12.9e6,caps hf ps1 5 48 0 32,-4.69685950383E-001,+7.99656826904E-001,+2.23783817267E-001,+1.52654407119E-001,+2.24150615933E-001,+1.53883952037E-001,-5.21789110389E-001,+7.48595769164E-001,
12.9e6,caps hf ps1 5 48 0 47,-4.71695350205E-001,+7.99438141907E-001,+2.26105310941E-001,+1.47740858752E-001,+2.26599169699E-001,+1.47495796500E-001,-4.86553531833E-001,+7.71822271738E-001,
12.9e6,caps hf ps1 5 48 0 48,-4.71075494715E-001,+7.99610581602E-001,+2.27713204105E-001,+1.46271632598E-001,+2.27212403715E-001,+1.45702270403E-001,-4.76598979054E-001,+7.79189625204E-001,
12.9e6,caps hf ps1 5 48 0 63,-4.71738041935E-001,+7.98678336602E-001,+2.29290622236E-001,+1.40311707640E-001,+2.29158102882E-001,+1.40642960547E-001,-4.42038058204E-001,+7.98176771804E-001,
12.9e6,caps hf ps1 5 48 1 0,-4.72542107066E-001,+7.99511321768E-001,+2.29752367840E-001,+1.38465332935E-001,+2.29775801308E-001,+1.39314777756E-001,-4.32915698455E-001,+8.05394463701E-001,
12.9e6,caps hf ps1 5 48 1 15,-4.72305231706E-001,+7.99154854793E-001,+2.31206537148E-001,+1.32909566191E-001,+2.31444766155E-001,+1.33701823655E-001,-3.99107785271E-001,+8.24107496524E-001,
12.9e6,caps hf ps1 5 48 1 16,-4.72786353898E-001,+7.98834608130E-001,+2.31756151518E-001,+1.31930493781E-001,+2.32015370436E-001,+1.31804629461E-001,-3.88475577444E-001,+8.28345534533E-001,
12.9e6,caps hf ps1 5 48 1 31,-4.73441110425E-001,+7.99036631480E-001,+2.33028215752E-001,+1.27011696921E-001,+2.33218497528E-001,+1.27019161517E-001,-3.56169685516E-001,+8.43495073905E-001,
12.9e6,caps hf ps1 5 48 1 32,-4.74650584696E-001,+7.99280950692E-001,+2.33374855832E-001,+1.24149309801E-001,+2.33599158233E-001,+1.24613760972E-001,-3.39623860012E-001,+8.51115791276E-001,
12.9e6,caps hf ps1 5 48 1 47,-4.75787295315E-001,+7.97989889536E-001,+2.34139920681E-001,+1.19730291829E-001,+2.34965555405E-001,+1.19663392611E-001,-3.07607828486E-001,+8.63524011350E-001,
12.9e6,caps hf ps1 5 48 1 48,-4.75517708015E-001,+7.99060964924E-001,+2.34600654115E-001,+1.18646710356E-001,+2.35209155255E-001,+1.18340964789E-001,-2.98930515217E-001,+8.66883268925E-001,
12.9e6,caps hf ps1 5 48 1 63,-4.75686760806E-001,+7.99789424333E-001,+2.35238326754E-001,+1.13511077688E-001,+2.35908578116E-001,+1.13474723358E-001,-2.68490012077E-001,+8.77621874279E-001,
12.9e6,caps hf ps1 5 48 2 0,-4.77035472750E-001,+7.99127212560E-001,+2.35280368103E-001,+1.11324973427E-001,+2.36019427432E-001,+1.11297665803E-001,-2.55146998137E-001,+8.82172841464E-001,
12.9e6,caps hf ps1 5 48 2 15,-4.76094224477E-001,+7.99545729475E-001,+2.36054620553E-001,+1.07256767442E-001,+2.36144510515E-001,+1.06807630359E-001,-2.25349494323E-001,+8.91230396246E-001,
12.9e6,caps hf ps1 5 48 2 16,-4.77106511357E-001,+7.99921558924E-001,+2.36392062395E-001,+1.05635205206E-001,+2.36478238835E-001,+1.05567336768E-001,-2.17501844475E-001,+8.93642008749E-001,
12.9e6,caps hf ps1 5 48 2 31,-4.77097681736E-001,+8.00153479640E-001,+2.35928686459E-001,+1.01093872363E-001,+2.36627644986E-001,+1.01367002326E-001,-1.87748142688E-001,+9.00540000343E-001,
12.9e6,caps hf ps1 5 48 2 32,-4.78812576380E-001,+7.99741621996E-001,+2.36297997797E-001,+9.96565411716E-002,+2.36503632397E-001,+9.95227699076E-002,-1.74006054107E-001,+9.03481003907E-001,
12.9e6,caps hf ps1 5 48 2 47,-4.78011933549E-001,+7.99436752486E-001,+2.36248417420E-001,+9.53676989321E-002,+2.36972860033E-001,+9.49985104600E-002,-1.46373189118E-001,+9.08783648343E-001,
12.9e6,caps hf ps1 5 48 2 48,-4.78572583436E-001,+7.99894592108E-001,+2.35927132645E-001,+9.40964037465E-002,+2.36472534973E-001,+9.42899087098E-002,-1.38556440359E-001,+9.11062450340E-001,
12.9e6,caps hf ps1 5 48 2 63,-4.78907079766E-001,+8.00279085480E-001,+2.36094428545E-001,+9.04206036597E-002,+2.36368552619E-001,+9.02518160136E-002,-1.12121417104E-001,+9.14943284547E-001,
12.9e6,caps hf ps1 5 48 3 0,-4.79223686294E-001,+7.99811190100E-001,+2.36079410515E-001,+8.89354643384E-002,+2.35955154173E-001,+8.88809445363E-002,-1.03350119479E-001,+9.16089141316E-001,
12.9e6,caps hf ps1 5 48 3 15,-4.79257199122E-001,+8.00474653843E-001,+2.35530372871E-001,+8.53570947308E-002,+2.35840133065E-001,+8.51888907104E-002,-7.81993432661E-002,+9.19972673596E-001,
12.9e6,caps hf ps1 5 48 3 16,-4.79724716356E-001,+8.00111798332E-001,+2.35598496218E-001,+8.41131584154E-002,+2.35796626661E-001,+8.42826174601E-002,-7.08667233764E-002,+9.20563806440E-001,
12.9e6,caps hf ps1 5 48 3 31,-4.80734861761E-001,+8.00022578206E-001,+2.35154148081E-001,+8.06268941545E-002,+2.35623715251E-001,+8.05214277948E-002,-4.68621048683E-002,+9.22532624106E-001,
12.9e6,caps hf ps1 5 48 3 32,-4.80570108190E-001,+8.00547060338E-001,+2.34960351632E-001,+7.89038871252E-002,+2.35116193192E-001,+7.89163088920E-002,-3.46738557350E-002,+9.23403784805E-001,
12.9e6,caps hf ps1 5 48 3 47,-4.80921591957E-001,+8.00413673575E-001,+2.34451860162E-001,+7.58467264384E-002,+2.34706064486E-001,+7.57143551078E-002,-1.25660368289E-002,+9.25006872236E-001,
12.9e6,caps hf ps1 5 48 3 48,-4.80991264967E-001,+8.00214269286E-001,+2.34447314532E-001,+7.53459984559E-002,+2.35040641622E-001,+7.50203047816E-002,-5.93048104610E-003,+9.24846453320E-001,
12.9e6,caps hf ps1 5 48 3 63,-4.80915320037E-001,+8.01064926369E-001,+2.34101214633E-001,+7.20993271756E-002,+2.34374988655E-001,+7.18533425455E-002,+1.59877941345E-002,+9.26101049246E-001,
12.9e6,caps hf ps1 5 48 4 0,-4.81403179859E-001,+8.00807595179E-001,+2.33846764726E-001,+7.11339431333E-002,+2.34290708844E-001,+7.16414402891E-002,+1.77507265840E-002,+9.26478763722E-001,
12.9e6,caps hf ps1 5 48 4 15,-4.81145492120E-001,+8.01712508308E-001,+2.33758809066E-001,+6.85607087606E-002,+2.33452680255E-001,+6.87685304042E-002,+3.82342496506E-002,+9.25970693806E-001,
12.9e6,caps hf ps1 5 48 4 16,-4.81951112973E-001,+8.01591556562E-001,+2.33458939464E-001,+6.75065296911E-002,+2.33187938536E-001,+6.76878230466E-002,+4.45811143784E-002,+9.26107084777E-001,
12.9e6,caps hf ps1 5 48 4 31,-4.82230443830E-001,+8.00925211768E-001,+2.32667807515E-001,+6.54459933690E-002,+2.32421249470E-001,+6.53460354403E-002,+6.42547434248E-002,+9.25182504294E-001,
12.9e6,caps hf ps1 5 48 4 32,-4.83044503922E-001,+8.01706806007E-001,+2.32244404507E-001,+6.31683644540E-002,+2.32484605988E-001,+6.35246964999E-002,+7.35952299669E-002,+9.25136987473E-001,
12.9e6,caps hf ps1 5 48 4 47,-4.84182388734E-001,+8.01601358930E-001,+2.31825740817E-001,+6.08205499314E-002,+2.31555258260E-001,+6.09705862326E-002,+9.37711043231E-002,+9.23785161528E-001,
12.9e6,caps hf ps1 5 48 4 48,-4.82819981961E-001,+8.01972294043E-001,+2.31550496347E-001,+5.98997480283E-002,+2.30817321915E-001,+6.02498631530E-002,+9.78500136899E-002,+9.23288770706E-001,
12.9e6,caps hf ps1 5 48 4 63,-4.83543365175E-001,+8.01886385135E-001,+2.30601706302E-001,+5.76429311396E-002,+2.30965679279E-001,+5.73877937495E-002,+1.16044765391E-001,+9.22204631201E-001,
12.9e6,caps hf ps1 5 48 5 0,-4.84054398299E-001,+8.01986671223E-001,+2.30687367773E-001,+5.71921959918E-002,+2.30351445475E-001,+5.70482854011E-002,+1.19206555763E-001,+9.21677817882E-001,
12.9e6,caps hf ps1 5 48 5 15,-4.84261887660E-001,+8.01402747371E-001,+2.29709054898E-001,+5.52068498545E-002,+2.30031133453E-001,+5.45656469002E-002,+1.36428156098E-001,+9.20389093719E-001,
12.9e6,caps hf ps1 5 48 5 16,-4.83436144003E-001,+8.03045852313E-001,+2.29511430839E-001,+5.39572102160E-002,+2.29839424026E-001,+5.37221351256E-002,+1.42724845593E-001,+9.19274024943E-001,
12.9e6,caps hf ps1 5 48 5 31,-4.84155445954E-001,+8.02063253694E-001,+2.28603754796E-001,+5.15696669971E-002,+2.28723336530E-001,+5.19885904004E-002,+1.57905545480E-001,+9.16678807833E-001,
12.9e6,caps hf ps1 5 48 5 32,-4.83975364311E-001,+8.02364538758E-001,+2.28191258322E-001,+5.10338809363E-002,+2.28260456371E-001,+5.07850416735E-002,+1.66362340117E-001,+9.15760217617E-001,
12.9e6,caps hf ps1 5 48 5 47,-4.85220367830E-001,+8.02302318141E-001,+2.27678337526E-001,+4.90440100093E-002,+2.27941176392E-001,+4.87203431934E-002,+1.81341660501E-001,+9.13740214960E-001,
12.9e6,caps hf ps1 5 48 5 48,-4.84354588170E-001,+8.03485096819E-001,+2.27321925332E-001,+4.81662353614E-002,+2.27827193101E-001,+4.81161387294E-002,+1.86384679803E-001,+9.12817030559E-001,
12.9e6,caps hf ps1 5 48 5 63,-4.84685036237E-001,+8.02616169902E-001,+2.25927239041E-001,+4.55779611936E-002,+2.26926344642E-001,+4.55326139308E-002,+2.00964706879E-001,+9.10723165667E-001,
12.9e6,caps hf ps1 5 48 6 0,-4.84666087114E-001,+8.02524615560E-001,+2.26523254166E-001,+4.60813099271E-002,+2.26603238205E-001,+4.60814440386E-002,+1.99227182252E-001,+9.10584119915E-001,
12.9e6,caps hf ps1 5 48 6 15,-4.84280803639E-001,+8.03062165362E-001,+2.25481796028E-001,+4.37740068715E-002,+2.25660551721E-001,+4.40665899315E-002,+2.14207161731E-001,+9.07535751284E-001,
12.9e6,caps hf ps1 5 48 6 16,-4.85221710968E-001,+8.03708853583E-001,+2.25904725934E-001,+4.34495782748E-002,+2.26163478312E-001,+4.30854929738E-002,+2.18167287641E-001,+9.08116456456E-001,
12.9e6,caps hf ps1 5 48 6 31,-4.85093535356E-001,+8.02908845809E-001,+2.25002409826E-001,+4.19688501543E-002,+2.25087775264E-001,+4.20151504710E-002,+2.30874524757E-001,+9.04022134596E-001,
12.9e6,caps hf ps1 5 48 6 32,-4.85720441551E-001,+8.02215658064E-001,+2.24161032559E-001,+4.05491614324E-002,+2.24632007181E-001,+4.11249889956E-002,+2.36906029098E-001,+9.03033384980E-001,
12.9e6,caps hf ps1 5 48 6 47,-4.86986798944E-001,+8.03335708696E-001,+2.23571969252E-001,+3.88187151824E-002,+2.23777682073E-001,+3.90764835939E-002,+2.51173579717E-001,+9.00000769969E-001,
12.9e6,caps hf ps1 5 48 6 48,-4.86526760095E-001,+8.02783617366E-001,+2.23132565801E-001,+3.85416588348E-002,+2.23557007226E-001,+3.81898207599E-002,+2.54691312798E-001,+8.98514789837E-001,
12.9e6,caps hf ps1 5 48 6 63,-4.85783271849E-001,+8.03755071989E-001,+2.22435096512E-001,+3.69052923484E-002,+2.22173240943E-001,+3.69744352973E-002,+2.67261525046E-001,+8.95121376492E-001,
12.9e6,caps hf ps1 5 63 0 0,-4.60722760117E-001,+8.07345876213E-001,+2.09984765807E-001,+1.61128191022E-001,+2.10041330280E-001,+1.61967118394E-001,-6.14498138644E-001,+6.76401935702E-001,
12.9e6,caps hf ps1 5 63 0 15,-4.60886331676E-001,+8.06763935063E-001,+2.13392304697E-001,+1.55250821765E-001,+2.13264622731E-001,+1.55956235193E-001,-5.78568795924E-001,+7.06946218915E-001,
12.9e6,caps hf ps1 5 63 0 16,-4.61333093833E-001,+8.07123901109E-001,+2.14105127630E-001,+1.53794534348E-001,+2.14493023718E-001,+1.54230696177E-001,-5.68410796550E-001,+7.16135001406E-001,
12.9e6,caps hf ps1 5 63 0 31,-4.62400690371E-001,+8.06911850127E-001,+2.16738049220E-001,+1.48743029466E-001,+2.16930717056E-001,+1.48700644487E-001,-5.33580271035E-001,+7.42889522761E-001,
12.9e6,caps hf ps1 5 63 0 32,-4.63158599641E-001,+8.06411350078E-001,+2.18135065379E-001,+1.46135226084E-001,+2.17970097590E-001,+1.45843779885E-001,-5.15720325914E-001,+7.55458288334E-001,
12.9e6,caps hf ps1 5 63 0 47,-4.63803762511E-001,+8.06610577478E-001,+2.20590073808E-001,+1.40499137876E-001,+2.20425508861E-001,+1.40800920114E-001,-4.80161522892E-001,+7.78831477518E-001,
12.9e6,caps hf ps1 5 63 0 48,-4.64848310472E-001,+8.06992000610E-001,+2.20589325362E-001,+1.38976404916E-001,+2.20680629757E-001,+1.38983390418E-001,-4.70664930312E-001,+7.85155397108E-001,
12.9e6,caps hf ps1 5 63 0 63,-4.65236505462E-001,+8.06237096477E-001,+2.22974668771E-001,+1.33532497601E-001,+2.22908193157E-001,+1.34163423822E-001,-4.36759487337E-001,+8.05427679613E-001,
12.9e6,caps hf ps1 5 63 1 0,-4.64724574850E-001,+8.06622307849E-001,+2.23193539838E-001,+1.31462638909E-001,+2.23784969927E-001,+1.31849124981E-001,-4.25980252289E-001,+8.12227257410E-001,
12.9e6,caps hf ps1 5 63 1 15,-4.65822436835E-001,+8.06070262796E-001,+2.24306394177E-001,+1.26682760412E-001,+2.25092478136E-001,+1.26969211652E-001,-3.91919276016E-001,+8.29768965236E-001,
12.9e6,caps hf ps1 5 63 1 16,-4.66638765051E-001,+8.06210287556E-001,+2.25105557578E-001,+1.25486612770E-001,+2.25174004812E-001,+1.25055263580E-001,-3.81637772680E-001,+8.33706834446E-001,
12.9e6,caps hf ps1 5 63 1 31,-4.66397517063E-001,+8.06723728827E-001,+2.26144117616E-001,+1.20095650523E-001,+2.26680747837E-001,+1.20569471744E-001,-3.48843780314E-001,+8.49467655232E-001,
12.9e6,caps hf ps1 5 63 1 32,-4.67528525962E-001,+8.06702276517E-001,+2.26847679937E-001,+1.17839324274E-001,+2.27152721448E-001,+1.18262842025E-001,-3.33383091290E-001,+8.56710301316E-001,
12.9e6,caps hf ps1 5 63 1 47,-4.68160126949E-001,+8.06617123563E-001,+2.27769363422E-001,+1.12946888019E-001,+2.27434451142E-001,+1.13657590957E-001,-3.00726344963E-001,+8.68952455276E-001,
12.9e6,caps hf ps1 5 63 1 48,-4.67752577744E-001,+8.05779142450E-001,+2.27314146108E-001,+1.11635766089E-001,+2.27763471848E-001,+1.12013924307E-001,-2.91634699379E-001,+8.71992313798E-001,
12.9e6,caps hf ps1 5 63 1 63,-4.68595886963E-001,+8.06789887202E-001,+2.27839266219E-001,+1.07788183525E-001,+2.28165267822E-001,+1.07348308179E-001,-2.60510716011E-001,+8.81859937374E-001,
12.9e6,caps hf ps1 5 63 2 0,-4.68800707695E-001,+8.05920844413E-001,+2.28449454831E-001,+1.05070176364E-001,+2.28363574427E-001,+1.05493185311E-001,-2.47491709969E-001,+8.87104042791E-001,
12.9e6,caps hf ps1 5 63 2 15,-4.69046016585E-001,+8.06531688282E-001,+2.28782561938E-001,+1.01180343035E-001,+2.28848203795E-001,+1.01317292330E-001,-2.18246510799E-001,+8.95446832503E-001,
12.9e6,caps hf ps1 5 63 2 16,-4.69999410957E-001,+8.06528482866E-001,+2.29052262002E-001,+9.98247601142E-002,+2.29118262112E-001,+9.97867570390E-002,-2.09518503583E-001,+8.97999983877E-001,
12.9e6,caps hf ps1 5 63 2 31,-4.70676647298E-001,+8.06713236892E-001,+2.29233370578E-001,+9.56607369222E-002,+2.29543924555E-001,+9.65723015533E-002,-1.81467478188E-001,+9.04488252355E-001,
12.9e6,caps hf ps1 5 63 2 32,-4.70282824778E-001,+8.06996571966E-001,+2.28915664373E-001,+9.36241441277E-002,+2.28923173648E-001,+9.37675803953E-002,-1.66121070385E-001,+9.07792623758E-001,
12.9e6,caps hf ps1 5 63 2 47,-4.71692471165E-001,+8.07407665855E-001,+2.29021454640E-001,+8.96754912439E-002,+2.29097116596E-001,+8.98444988271E-002,-1.39329930186E-001,+9.13221300463E-001,
12.9e6,caps hf ps1 5 63 2 48,-4.71746742304E-001,+8.06606261112E-001,+2.29128655713E-001,+8.82840227818E-002,+2.28783803598E-001,+8.87299159593E-002,-1.31475413054E-001,+9.14428644824E-001,
12.9e6,caps hf ps1 5 63 2 63,-4.71844040302E-001,+8.06529382003E-001,+2.28848529614E-001,+8.48563299775E-002,+2.28412496333E-001,+8.52307694629E-002,-1.05954898571E-001,+9.18028218927E-001,
12.9e6,caps hf ps1 5 63 3 0,-4.71456362801E-001,+8.06740821401E-001,+2.28560441338E-001,+8.33575217424E-002,+2.29186584138E-001,+8.36432772906E-002,-9.60155524851E-002,+9.20305165227E-001,
12.9e6,caps hf ps1 5 63 3 15,-4.71590932302E-001,+8.07577974568E-001,+2.28286682716E-001,+7.98132874896E-002,+2.28227841923E-001,+7.99342171445E-002,-7.13521922204E-002,+9.23127118750E-001,
12.9e6,caps hf ps1 5 63 3 16,-4.71652669860E-001,+8.07504472475E-001,+2.28045345804E-001,+7.87716555500E-002,+2.28607148531E-001,+7.92563122348E-002,-6.33129034210E-002,+9.23781603973E-001,
12.9e6,caps hf ps1 5 63 3 31,-4.73167342459E-001,+8.06910379386E-001,+2.28099684296E-001,+7.56227455485E-002,+2.28043505528E-001,+7.59637536152E-002,-3.95533436138E-002,+9.25575474026E-001,
12.9e6,caps hf ps1 5 63 3 32,-4.73310291775E-001,+8.07592035711E-001,+2.27478562528E-001,+7.39855626261E-002,+2.27751290777E-001,+7.40923258915E-002,-2.69845600573E-002,+9.25953777170E-001,
12.9e6,caps hf ps1 5 63 3 47,-4.73963631418E-001,+8.08058016870E-001,+2.27403496324E-001,+7.08192670828E-002,+2.27717677939E-001,+7.12186275785E-002,-4.91165636248E-003,+9.28203562261E-001,
12.9e6,caps hf ps1 5 63 3 48,-4.74059492650E-001,+8.07966379222E-001,+2.27158843575E-001,+6.98906906281E-002,+2.26887651540E-001,+7.01057099761E-002,+1.74079189114E-003,+9.27661505215E-001,
12.9e6,caps hf ps1 5 63 3 63,-4.73924854465E-001,+8.07808893693E-001,+2.26160922187E-001,+6.68142317397E-002,+2.26321520525E-001,+6.72813424532E-002,+2.28787617624E-002,+9.27776750353E-001,
12.9e6,caps hf ps1 5 63 4 0,-4.73603561987E-001,+8.07946365496E-001,+2.26443700251E-001,+6.66669266961E-002,+2.26497503645E-001,+6.67088400252E-002,+2.49859080934E-002,+9.28214622610E-001,
12.9e6,caps hf ps1 5 63 4 15,-4.74337202716E-001,+8.07258350832E-001,+2.25498230226E-001,+6.40843908212E-002,+2.25807877986E-001,+6.38144885943E-002,+4.60387568655E-002,+9.28113593578E-001,
12.9e6,caps hf ps1 5 63 4 16,-4.75227923045E-001,+8.07912433482E-001,+2.25872192427E-001,+6.34064524286E-002,+2.25276409902E-001,+6.26832202232E-002,+5.23428545853E-002,+9.28268238985E-001,
12.9e6,caps hf ps1 5 63 4 31,-4.74871176612E-001,+8.07767361028E-001,+2.24439095253E-001,+6.05690918064E-002,+2.24823676112E-001,+6.04508806127E-002,+7.16396228652E-002,+9.26568673236E-001,
12.9e6,caps hf ps1 5 63 4 32,-4.74859965043E-001,+8.08723007508E-001,+2.24671225637E-001,+5.92783545892E-002,+2.24883161902E-001,+5.88570323754E-002,+8.12201086913E-002,+9.26748805611E-001,
12.9e6,caps hf ps1 5 63 4 47,-4.75112592036E-001,+8.08153851660E-001,+2.23526955290E-001,+5.63375606595E-002,+2.24174221161E-001,+5.62359908171E-002,+1.00308014773E-001,+9.25108091255E-001,
12.9e6,caps hf ps1 5 63 4 48,-4.75561599037E-001,+8.08411911115E-001,+2.22932743884E-001,+5.57012889859E-002,+2.23733679037E-001,+5.60409053918E-002,+1.05156961917E-001,+9.24700613636E-001,
12.9e6,caps hf ps1 5 63 4 63,-4.75766571588E-001,+8.09353691137E-001,+2.22855817095E-001,+5.37398889368E-002,+2.22999166123E-001,+5.31308104713E-002,+1.23990095414E-001,+9.23278388915E-001,
12.9e6,caps hf ps1 5 63 5 0,-4.75619236048E-001,+8.08726169935E-001,+2.22650048940E-001,+5.28979503543E-002,+2.22416186726E-001,+5.30421704638E-002,+1.26936674638E-001,+9.23369667268E-001,
12.9e6,caps hf ps1 5 63 5 15,-4.75901305872E-001,+8.08777116164E-001,+2.21812546887E-001,+5.06016563779E-002,+2.22584004893E-001,+5.05480818163E-002,+1.44140554043E-001,+9.20868524542E-001,
12.9e6,caps hf ps1 5 63 5 16,-4.75988321058E-001,+8.09457357871E-001,+2.22061518672E-001,+4.98755877521E-002,+2.22199587692E-001,+4.98381222153E-002,+1.49116473948E-001,+9.20479597819E-001,
12.9e6,caps hf ps1 5 63 5 31,-4.76531739841E-001,+8.09175251920E-001,+2.20901019403E-001,+4.77076147613E-002,+2.21194905006E-001,+4.78273093629E-002,+1.65301422749E-001,+9.18742281330E-001,
12.9e6,caps hf ps1 5 63 5 32,-4.76685248946E-001,+8.09377434929E-001,+2.20652140538E-001,+4.66194336814E-002,+2.20697609516E-001,+4.62846839573E-002,+1.73921520811E-001,+9.16977571559E-001,
12.9e6,caps hf ps1 5 63 5 47,-4.76493736645E-001,+8.09626750872E-001,+2.19743172297E-001,+4.52136664504E-002,+2.19609278003E-001,+4.49394694197E-002,+1.88592941117E-001,+9.14316752538E-001,
12.9e6,caps hf ps1 5 63 5 48,-4.77096469439E-001,+8.10286972721E-001,+2.19659442027E-001,+4.37890316486E-002,+2.19577397788E-001,+4.39874506695E-002,+1.93424647840E-001,+9.13878725878E-001,
12.9e6,caps hf ps1 5 63 5 63,-4.77290153725E-001,+8.10482514849E-001,+2.18637802210E-001,+4.18695471669E-002,+2.18757256455E-001,+4.23817572327E-002,+2.08306438203E-001,+9.10854628144E-001,
12.9e6,caps hf ps1 5 63 6 0,-4.77243726662E-001,+8.09376398366E-001,+2.18986225887E-001,+4.27017271074E-002,+2.19189261980E-001,+4.25602299364E-002,+2.06325330561E-001,+9.12073475346E-001,
12.9e6,caps hf ps1 5 63 6 15,-4.77410972459E-001,+8.10419833555E-001,+2.18397504413E-001,+4.08486620234E-002,+2.18854517709E-001,+4.04469971723E-002,+2.20298508443E-001,+9.08932428714E-001,
12.9e6,caps hf ps1 5 63 6 16,-4.77869082678E-001,+8.10905475605E-001,+2.18234541551E-001,+4.02221175939E-002,+2.18618131874E-001,+4.02571721747E-002,+2.23955717616E-001,+9.08049736721E-001,
12.9e6,caps hf ps1 5 63 6 31,-4.77489985504E-001,+8.09851377111E-001,+2.16702282657E-001,+3.82775474218E-002,+2.17215872446E-001,+3.85582055222E-002,+2.38615423769E-001,+9.04661534270E-001,
12.9e6,caps hf ps1 5 63 6 32,-4.76793429436E-001,+8.10052516687E-001,+2.16568272262E-001,+3.78299887259E-002,+2.16843574782E-001,+3.70574991937E-002,+2.44489490106E-001,+9.03201107697E-001,
12.9e6,caps hf ps1 5 63 6 47,-4.77757479225E-001,+8.10074990531E-001,+2.16024827962E-001,+3.61968198276E-002,+2.16179602500E-001,+3.57515860761E-002,+2.57911041787E-001,+8.99729025132E-001,
12.9e6,caps hf ps1 5 63 6 48,-4.78214526990E-001,+8.10418672068E-001,+2.15380157037E-001,+3.55229770231E-002,+2.15768787585E-001,+3.50953777232E-002,+2.61480108815E-001,+8.98844636796E-001,
12.9e6,caps hf ps1 5 63 6 63,-4.78525654718E-001,+8.09921757251E-001,+2.15040298607E-001,+3.35434340202E-002,+2.15329291556E-001,+3.36302597334E-002,+2.73325636313E-001,+8.96043087978E-001,
12.9e6,caps hf ps1 6 0 0 0,-4.59394713484E-001,+8.08612747510E-001,+2.09083051136E-001,+1.60078183253E-001,+2.09078355889E-001,+1.60648370264E-001,-6.13817536951E-001,+6.79259786387E-001,
12.9e6,caps hf ps1 6 0 0 15,-4.60246594507E-001,+8.09105153894E-001,+2.12215062458E-001,+1.53823414079E-001,+2.12253940805E-001,+1.55296877253E-001,-5.77923958849E-001,+7.08746768172E-001,
12.9e6,caps hf ps1 6 0 0 16,-4.60510694964E-001,+8.07882927817E-001,+2.12877349793E-001,+1.52989769258E-001,+2.13518519911E-001,+1.52692113637E-001,-5.67797242291E-001,+7.17876663863E-001,
12.9e6,caps hf ps1 6 0 0 31,-4.61717549557E-001,+8.08045731233E-001,+2.15491922979E-001,+1.47658770685E-001,+2.15630659100E-001,+1.47420226717E-001,-5.33131475634E-001,+7.44644043418E-001,
12.9e6,caps hf ps1 6 0 0 32,-4.62457994024E-001,+8.07321094456E-001,+2.17005322127E-001,+1.44206884844E-001,+2.16834752695E-001,+1.44604458934E-001,-5.14799040302E-001,+7.57310320338E-001,
12.9e6,caps hf ps1 6 0 0 47,-4.62942561363E-001,+8.07211185894E-001,+2.18925088951E-001,+1.39412900575E-001,+2.19211452496E-001,+1.39528949050E-001,-4.79816851295E-001,+7.80587562371E-001,
12.9e6,caps hf ps1 6 0 0 48,-4.62691654771E-001,+8.07594868991E-001,+2.19383403279E-001,+1.37244430876E-001,+2.19477474455E-001,+1.37283846479E-001,-4.69736556335E-001,+7.86345066012E-001,
12.9e6,caps hf ps1 6 0 0 63,-4.63954762116E-001,+8.07202273816E-001,+2.21172694777E-001,+1.32673144180E-001,+2.21732272719E-001,+1.32951047011E-001,-4.34883416041E-001,+8.06894894620E-001,
12.9e6,caps hf ps1 6 0 1 0,-4.63848367784E-001,+8.07306331893E-001,+2.21779506270E-001,+1.30418733268E-001,+2.22608683360E-001,+1.30642210355E-001,-4.24898580931E-001,+8.13444949454E-001,
12.9e6,caps hf ps1 6 0 1 15,-4.64865003165E-001,+8.06274890144E-001,+2.23592882928E-001,+1.25934974698E-001,+2.23525100127E-001,+1.26153541239E-001,-3.91731822075E-001,+8.30768791220E-001,
12.9e6,caps hf ps1 6 0 1 16,-4.64825252319E-001,+8.08130915312E-001,+2.24050181302E-001,+1.24197523162E-001,+2.24047349647E-001,+1.24063507231E-001,-3.80793685025E-001,+8.35559959129E-001,
12.9e6,caps hf ps1 6 0 1 31,-4.66366052764E-001,+8.07752893707E-001,+2.24841782069E-001,+1.19296086128E-001,+2.25482563533E-001,+1.19214985951E-001,-3.48084003951E-001,+8.50401027214E-001,
12.9e6,caps hf ps1 6 0 1 32,-4.65510647946E-001,+8.06862755826E-001,+2.24926309047E-001,+1.16769847813E-001,+2.25313973484E-001,+1.16838225413E-001,-3.31225859553E-001,+8.56513057850E-001,
12.9e6,caps hf ps1 6 0 1 47,-4.66407362585E-001,+8.07883862496E-001,+2.26596515540E-001,+1.11952402298E-001,+2.26312817236E-001,+1.12469475133E-001,-2.99713842798E-001,+8.69705152043E-001,
12.9e6,caps hf ps1 6 0 1 48,-4.66915130177E-001,+8.07022849794E-001,+2.26590183006E-001,+1.11066525546E-001,+2.26752136338E-001,+1.10787965847E-001,-2.90264998581E-001,+8.72483145678E-001,
12.9e6,caps hf ps1 6 0 1 63,-4.67457413069E-001,+8.07286709724E-001,+2.26682268635E-001,+1.07000422641E-001,+2.27370310072E-001,+1.06597193434E-001,-2.59262350647E-001,+8.83011332879E-001,
12.9e6,caps hf ps1 6 0 2 0,-4.67941996516E-001,+8.07424099398E-001,+2.27100392207E-001,+1.04670907365E-001,+2.27301418039E-001,+1.04804712620E-001,-2.46675752137E-001,+8.87000506082E-001,
12.9e6,caps hf ps1 6 0 2 15,-4.67992770190E-001,+8.07378012373E-001,+2.27561063929E-001,+1.00403378731E-001,+2.28043944135E-001,+1.00704148319E-001,-2.17095942659E-001,+8.95724043762E-001,
12.9e6,caps hf ps1 6 0 2 16,-4.67647376842E-001,+8.08093693148E-001,+2.27893324479E-001,+9.88734396563E-002,+2.27354934411E-001,+9.90469455123E-002,-2.08414386509E-001,+8.98109893569E-001,
12.9e6,caps hf ps1 6 0 2 31,-4.68847231297E-001,+8.08122934645E-001,+2.28266171815E-001,+9.50143557293E-002,+2.28056559562E-001,+9.49740598813E-002,-1.79669129650E-001,+9.05592651000E-001,
12.9e6,caps hf ps1 6 0 2 32,-4.69688996529E-001,+8.07476823824E-001,+2.27786146186E-001,+9.29886119757E-002,+2.27850228027E-001,+9.26469946604E-002,-1.65266052359E-001,+9.08104649404E-001,
12.9e6,caps hf ps1 6 0 2 47,-4.69352122635E-001,+8.08595743682E-001,+2.27865519234E-001,+8.85562878703E-002,+2.27744335900E-001,+8.91245486204E-002,-1.38225655808E-001,+9.12745278400E-001,
12.9e6,caps hf ps1 6 0 2 48,-4.69745231458E-001,+8.07391018914E-001,+2.27455456531E-001,+8.84202947828E-002,+2.27944264382E-001,+8.86319889074E-002,-1.30872532026E-001,+9.14031532490E-001,
12.9e6,caps hf ps1 6 0 2 63,-4.69832065476E-001,+8.07541806192E-001,+2.27465335612E-001,+8.44863140314E-002,+2.27139202116E-001,+8.41069022364E-002,-1.03998857729E-001,+9.18606737895E-001,
12.9e6,caps hf ps1 6 0 3 0,-4.70247482532E-001,+8.08874547403E-001,+2.27384074000E-001,+8.28869394791E-002,+2.27335286490E-001,+8.32518461655E-002,-9.45647181090E-002,+9.20428343993E-001,
12.9e6,caps hf ps1 6 0 3 15,-4.70413743869E-001,+8.07766776964E-001,+2.26936323154E-001,+7.96220365399E-002,+2.27609785596E-001,+7.96665632854E-002,-6.97299075498E-002,+9.23084135429E-001,
12.9e6,caps hf ps1 6 0 3 16,-4.71137040695E-001,+8.08529688466E-001,+2.26737711142E-001,+7.82735221537E-002,+2.27839529985E-001,+7.87803632896E-002,-6.25528923746E-002,+9.24523836650E-001,
12.9e6,caps hf ps1 6 0 3 31,-4.71954263030E-001,+8.08612293313E-001,+2.26864694137E-001,+7.51792095785E-002,+2.27212305530E-001,+7.59634067440E-002,-3.91707716970E-002,+9.26458286867E-001,
12.9e6,caps hf ps1 6 0 3 32,-4.71991475392E-001,+8.08479384941E-001,+2.26584892798E-001,+7.34606489353E-002,+2.26704870790E-001,+7.36959322089E-002,-2.66771955615E-002,+9.26806814511E-001,
12.9e6,caps hf ps1 6 0 3 47,-4.71870369355E-001,+8.08280507616E-001,+2.25680401083E-001,+7.02008980176E-002,+2.25880055924E-001,+7.00503181516E-002,-3.36558068135E-003,+9.27041557736E-001,
12.9e6,caps hf ps1 6 0 3 48,-4.72663434645E-001,+8.08480065708E-001,+2.25373343116E-001,+6.93037576230E-002,+2.26367270574E-001,+6.97044998083E-002,+2.42440986700E-003,+9.27751907520E-001,
12.9e6,caps hf ps1 6 0 3 63,-4.73074012584E-001,+8.08839223920E-001,+2.24967389194E-001,+6.64539194097E-002,+2.25248634122E-001,+6.70582709546E-002,+2.39245216541E-002,+9.27846238629E-001,
12.9e6,caps hf ps1 6 0 4 0,-4.73347311094E-001,+8.08562278205E-001,+2.25175175763E-001,+6.66137667312E-002,+2.25165853973E-001,+6.65239404020E-002,+2.61245219624E-002,+9.28248221068E-001,
12.9e6,caps hf ps1 6 0 4 15,-4.73143568018E-001,+8.08898863375E-001,+2.24666605100E-001,+6.34346914267E-002,+2.24658937210E-001,+6.36614148517E-002,+4.61037760586E-002,+9.27709588494E-001,
12.9e6,caps hf ps1 6 0 4 16,-4.73201806570E-001,+8.09361906514E-001,+2.24115355039E-001,+6.27656436277E-002,+2.24180872629E-001,+6.26475814199E-002,+5.26987007086E-002,+9.27590191908E-001,
12.9e6,caps hf ps1 6 0 4 31,-4.72914462303E-001,+8.09415052463E-001,+2.23568731293E-001,+5.96429563908E-002,+2.23936756444E-001,+5.96597035176E-002,+7.36586220652E-002,+9.26819663739E-001,
12.9e6,caps hf ps1 6 0 4 32,-4.74195628706E-001,+8.09750487939E-001,+2.23303545759E-001,+5.86648855454E-002,+2.23511770091E-001,+5.88787094138E-002,+8.19902769025E-002,+9.26159025013E-001,
12.9e6,caps hf ps1 6 0 4 47,-4.74773116145E-001,+8.09200625921E-001,+2.23120624929E-001,+5.64482938231E-002,+2.22998396292E-001,+5.63526188940E-002,+1.01022596872E-001,+9.25081671736E-001,
12.9e6,caps hf ps1 6 0 4 48,-4.73585966749E-001,+8.10266141311E-001,+2.22371604362E-001,+5.57611286109E-002,+2.22567605377E-001,+5.55319119652E-002,+1.06429814472E-001,+9.24815056001E-001,
12.9e6,caps hf ps1 6 0 4 63,-4.74269874853E-001,+8.09829582505E-001,+2.21969850620E-001,+5.28924026289E-002,+2.21990036704E-001,+5.30858583566E-002,+1.24589322910E-001,+9.22027563486E-001,
12.9e6,caps hf ps1 6 0 5 0,-4.74270322922E-001,+8.10398470163E-001,+2.21589678902E-001,+5.25568169725E-002,+2.21685120940E-001,+5.29052185738E-002,+1.27525201374E-001,+9.23152495537E-001,
12.9e6,caps hf ps1 6 0 5 15,-4.74718105908E-001,+8.10746219676E-001,+2.20722460459E-001,+5.00414875817E-002,+2.20700902548E-001,+5.04176203923E-002,+1.45017367278E-001,+9.20597673698E-001,
12.9e6,caps hf ps1 6 0 5 16,-4.74607478049E-001,+8.09225130831E-001,+2.20564481981E-001,+4.99579213826E-002,+2.20539467591E-001,+4.95917683130E-002,+1.49145161625E-001,+9.20542830744E-001,
12.9e6,caps hf ps1 6 0 5 31,-4.74989040321E-001,+8.09717708313E-001,+2.20134263971E-001,+4.75645772694E-002,+2.19958617294E-001,+4.71921700268E-002,+1.66215014096E-001,+9.18337023159E-001,
12.9e6,caps hf ps1 6 0 5 32,-4.75405654618E-001,+8.10458850856E-001,+2.19727842898E-001,+4.67534118398E-002,+2.19841699722E-001,+4.68114878819E-002,+1.73082271406E-001,+9.17301864296E-001,
12.9e6,caps hf ps1 6 0 5 47,-4.75733075703E-001,+8.09865905993E-001,+2.18959883646E-001,+4.43708995068E-002,+2.18892227200E-001,+4.47937757449E-002,+1.89484425048E-001,+9.13327232172E-001,
12.9e6,caps hf ps1 6 0 5 48,-4.75890211211E-001,+8.09863252206E-001,+2.18450406481E-001,+4.44464772656E-002,+2.17903617017E-001,+4.43373635308E-002,+1.93538702681E-001,+9.12751640260E-001,
12.9e6,caps hf ps1 6 0 5 63,-4.76390953616E-001,+8.10744941070E-001,+2.17376000679E-001,+4.21272245342E-002,+2.17973571964E-001,+4.21859385834E-002,+2.08892976961E-001,+9.10902559686E-001,
12.9e6,caps hf ps1 6 0 6 0,-4.74911885415E-001,+8.11586302489E-001,+2.17417873988E-001,+4.23521692146E-002,+2.18315582084E-001,+4.20674388291E-002,+2.06348514258E-001,+9.11812488150E-001,
12.9e6,caps hf ps1 6 0 6 15,-4.76182817755E-001,+8.11296213051E-001,+2.16794728932E-001,+4.01384494728E-002,+2.17088671412E-001,+4.03317334438E-002,+2.20522049035E-001,+9.08601571816E-001,
12.9e6,caps hf ps1 6 0 6 16,-4.76395321160E-001,+8.10840627837E-001,+2.17006191638E-001,+3.99046462769E-002,+2.16819082205E-001,+3.97867819404E-002,+2.25429407102E-001,+9.06770513233E-001,
12.9e6,caps hf ps1 6 0 6 31,-4.76859592914E-001,+8.10265548242E-001,+2.16072228548E-001,+3.81279117468E-002,+2.15942699172E-001,+3.85335743776E-002,+2.38329663401E-001,+9.04228906568E-001,
12.9e6,caps hf ps1 6 0 6 32,-4.76656384652E-001,+8.11047535892E-001,+2.15635596272E-001,+3.70999536569E-002,+2.16009518584E-001,+3.73033530202E-002,+2.44865948000E-001,+9.03533386481E-001,
12.9e6,caps hf ps1 6 0 6 47,-4.76438178921E-001,+8.11345635942E-001,+2.15092928669E-001,+3.58397323789E-002,+2.14543817339E-001,+3.52601230752E-002,+2.59295332192E-001,+8.99650535052E-001,
12.9e6,caps hf ps1 6 0 6 48,-4.76593953778E-001,+8.11259596978E-001,+2.14427737838E-001,+3.54599043448E-002,+2.14629605894E-001,+3.46756241514E-002,+2.62342627793E-001,+8.98843683518E-001,
12.9e6,caps hf ps1 6 0 6 63,-4.76680386338E-001,+8.11757225117E-001,+2.14039680276E-001,+3.33705492084E-002,+2.14147888735E-001,+3.34855713501E-002,+2.74339679885E-001,+8.96348334207E-001,
12.9e6,caps hf ps1 6 15 0 0,-4.52889028600E-001,+8.14175974197E-001,+2.03787868254E-001,+1.52891738474E-001,+2.03977655933E-001,+1.52973841963E-001,-6.08091120567E-001,+6.86109158035E-001,
12.9e6,caps hf ps1 6 15 0 15,-4.54334503138E-001,+8.14836184692E-001,+2.07032026451E-001,+1.47522011565E-001,+2.06948759219E-001,+1.47516829739E-001,-5.73060566115E-001,+7.16761665694E-001,
12.9e6,caps hf ps1 6 15 0 16,-4.54679732472E-001,+8.15209384418E-001,+2.07494532068E-001,+1.46083326452E-001,+2.07256065220E-001,+1.45994753502E-001,-5.62120233307E-001,+7.24731159002E-001,
12.9e6,caps hf ps1 6 15 0 31,-4.54934513183E-001,+8.13270565297E-001,+2.09551466667E-001,+1.39886195547E-001,+2.10608112450E-001,+1.40834940614E-001,-5.26777633595E-001,+7.52202309478E-001,
12.9e6,caps hf ps1 6 15 0 32,-4.55679783720E-001,+8.14674329556E-001,+2.10846909614E-001,+1.37514751847E-001,+2.11452487634E-001,+1.38119300247E-001,-5.08542115422E-001,+7.63998577247E-001,
12.9e6,caps hf ps1 6 15 0 47,-4.56595131914E-001,+8.14856573718E-001,+2.13415276484E-001,+1.32305201778E-001,+2.13597894679E-001,+1.32709613037E-001,-4.73613325896E-001,+7.86522440623E-001,
12.9e6,caps hf ps1 6 15 0 48,-4.56298883979E-001,+8.13412647964E-001,+2.12930845539E-001,+1.30959578422E-001,+2.13376683725E-001,+1.31212010702E-001,-4.63108867320E-001,+7.92722787598E-001,
12.9e6,caps hf ps1 6 15 0 63,-4.57207553015E-001,+8.14211382280E-001,+2.15286108369E-001,+1.26211124940E-001,+2.15954250370E-001,+1.26471637706E-001,-4.29221642448E-001,+8.13026411770E-001,
12.9e6,caps hf ps1 6 15 1 0,-4.58029606330E-001,+8.14139334901E-001,+2.15619748862E-001,+1.24456412908E-001,+2.15940202836E-001,+1.24688113266E-001,-4.18817532822E-001,+8.18978714892E-001,
12.9e6,caps hf ps1 6 15 1 15,-4.58148260922E-001,+8.13890198532E-001,+2.16946995739E-001,+1.19727255562E-001,+2.17208600383E-001,+1.19874810553E-001,-3.84999073291E-001,+8.35825259874E-001,
12.9e6,caps hf ps1 6 15 1 16,-4.58329427820E-001,+8.14058422335E-001,+2.17354475201E-001,+1.17687486883E-001,+2.17598023411E-001,+1.18006038878E-001,-3.73806477900E-001,+8.40939238573E-001,
12.9e6,caps hf ps1 6 15 1 31,-4.58739498307E-001,+8.14070945761E-001,+2.18709738173E-001,+1.13682925023E-001,+2.18576573191E-001,+1.13880407518E-001,-3.41634452207E-001,+8.55864198275E-001,
12.9e6,caps hf ps1 6 15 1 32,-4.59043921475E-001,+8.13406172648E-001,+2.19044601663E-001,+1.10970908737E-001,+2.18510213154E-001,+1.11187499465E-001,-3.25230625988E-001,+8.62258689391E-001,
12.9e6,caps hf ps1 6 15 1 47,-4.60333045363E-001,+8.14331042072E-001,+2.19389114586E-001,+1.06419980967E-001,+2.19801413355E-001,+1.06491640798E-001,-2.92877768797E-001,+8.74251504534E-001,
12.9e6,caps hf ps1 6 15 1 48,-4.60168608789E-001,+8.13668971536E-001,+2.19837720436E-001,+1.05278551294E-001,+2.20273567776E-001,+1.05088969325E-001,-2.83477086445E-001,+8.77655993615E-001,
12.9e6,caps hf ps1 6 15 1 63,-4.60471310538E-001,+8.13740250210E-001,+2.20278606260E-001,+1.00530973961E-001,+2.20267844089E-001,+1.01126471099E-001,-2.52820606256E-001,+8.87346920015E-001,
12.9e6,caps hf ps1 6 15 2 0,-4.61124721719E-001,+8.14465971225E-001,+2.20378555338E-001,+9.87287160261E-002,+2.20795076487E-001,+9.91736883560E-002,-2.40713005316E-001,+8.92581836238E-001,
12.9e6,caps hf ps1 6 15 2 15,-4.62082472383E-001,+8.14179369043E-001,+2.20618667178E-001,+9.50182053438E-002,+2.20629569262E-001,+9.48816778720E-002,-2.09807057491E-001,+9.00301832312E-001,
12.9e6,caps hf ps1 6 15 2 16,-4.62074018932E-001,+8.13644180387E-001,+2.20674379430E-001,+9.37778127583E-002,+2.20784132780E-001,+9.39008022489E-002,-2.01529648155E-001,+9.01632747665E-001,
12.9e6,caps hf ps1 6 15 2 31,-4.61514060974E-001,+8.14167932383E-001,+2.20772247030E-001,+8.97096937621E-002,+2.20861382007E-001,+8.96761669850E-002,-1.73247712798E-001,+9.08907503573E-001,
12.9e6,caps hf ps1 6 15 2 32,-4.62794016595E-001,+8.14259334318E-001,+2.20759609789E-001,+8.76652628173E-002,+2.20881460020E-001,+8.82139514546E-002,-1.59014694547E-001,+9.11564592041E-001,
12.9e6,caps hf ps1 6 15 2 47,-4.62224766617E-001,+8.15436794131E-001,+2.20923914120E-001,+8.38861363944E-002,+2.20542035763E-001,+8.41753861772E-002,-1.31329954654E-001,+9.15925672623E-001,
12.9e6,caps hf ps1 6 15 2 48,-4.63086478310E-001,+8.14142731822E-001,+2.20665078811E-001,+8.32149839480E-002,+2.21073067381E-001,+8.31907952771E-002,-1.23018646146E-001,+9.18763422158E-001,
12.9e6,caps hf ps1 6 15 2 63,-4.64084492021E-001,+8.15091696114E-001,+2.20490304436E-001,+7.96124202662E-002,+2.20386425552E-001,+7.95738402094E-002,-9.77246327798E-002,+9.21668513613E-001,
12.9e6,caps hf ps1 6 15 3 0,-4.63784386376E-001,+8.14840492671E-001,+2.20470242779E-001,+7.81556140316E-002,+2.20279813752E-001,+7.80152402305E-002,-8.77109733681E-002,+9.23056232969E-001,
12.9e6,caps hf ps1 6 15 3 15,-4.64001071998E-001,+8.14920849158E-001,+2.19762869480E-001,+7.48322557261E-002,+2.19962188327E-001,+7.57395476590E-002,-6.31991244232E-002,+9.25761336170E-001,
12.9e6,caps hf ps1 6 15 3 16,-4.63544927500E-001,+8.14564863433E-001,+2.19986093867E-001,+7.38348590846E-002,+2.20189287976E-001,+7.40369985357E-002,-5.52552360767E-002,+9.26634092807E-001,
12.9e6,caps hf ps1 6 15 3 31,-4.65105574250E-001,+8.15730929050E-001,+2.19142495096E-001,+7.07329412483E-002,+2.19638721576E-001,+7.10287465769E-002,-3.22029362528E-002,+9.28840032525E-001,
12.9e6,caps hf ps1 6 15 3 32,-4.63885715084E-001,+8.15575844216E-001,+2.19007829455E-001,+6.85490648219E-002,+2.19183524894E-001,+6.86885011566E-002,-1.90681693417E-002,+9.29527203458E-001,
12.9e6,caps hf ps1 6 15 3 47,-4.65317703693E-001,+8.15028143399E-001,+2.18577011541E-001,+6.64794413225E-002,+2.18560310675E-001,+6.64743472880E-002,+2.87467273175E-003,+9.29608848350E-001,
12.9e6,caps hf ps1 6 15 3 48,-4.65100568701E-001,+8.15722910087E-001,+2.18392318306E-001,+6.52009687561E-002,+2.18670231314E-001,+6.52285831435E-002,+9.48063448554E-003,+9.29949057993E-001,
12.9e6,caps hf ps1 6 15 3 63,-4.66296059575E-001,+8.14985285594E-001,+2.18009513374E-001,+6.24522234189E-002,+2.18338297767E-001,+6.25271946365E-002,+3.07443005474E-002,+9.30128229384E-001,
12.9e6,caps hf ps1 6 15 4 0,-4.66144705114E-001,+8.14911916987E-001,+2.17913129696E-001,+6.26237788016E-002,+2.17671195472E-001,+6.18990001776E-002,+3.31098069146E-002,+9.30301916368E-001,
12.9e6,caps hf ps1 6 15 4 15,-4.65880357159E-001,+8.15587746870E-001,+2.17040779943E-001,+5.94069925087E-002,+2.17198758589E-001,+5.93254203693E-002,+5.39252202613E-002,+9.28946102410E-001,
12.9e6,caps hf ps1 6 15 4 16,-4.66747143677E-001,+8.15750878690E-001,+2.17372223489E-001,+5.82902362298E-002,+2.16977121783E-001,+5.88734797846E-002,+5.97545042917E-002,+9.29264911122E-001,
12.9e6,caps hf ps1 6 15 4 31,-4.66574180048E-001,+8.15784346293E-001,+2.16470794599E-001,+5.63915982276E-002,+2.16648827312E-001,+5.64130157894E-002,+7.90180676496E-002,+9.28576358901E-001,
12.9e6,caps hf ps1 6 15 4 32,-4.66779505162E-001,+8.15924629620E-001,+2.16100521367E-001,+5.46442640187E-002,+2.16363455389E-001,+5.47630156706E-002,+8.91952768941E-002,+9.28121238377E-001,
12.9e6,caps hf ps1 6 15 4 47,-4.67082464310E-001,+8.16025500515E-001,+2.15440810592E-001,+5.23473773540E-002,+2.15639866847E-001,+5.23143957923E-002,+1.08102368827E-001,+9.26626411130E-001,
12.9e6,caps hf ps1 6 15 4 48,-4.66367717109E-001,+8.16366428061E-001,+2.15301863203E-001,+5.16335955757E-002,+2.14884414368E-001,+5.13422857732E-002,+1.13716632838E-001,+9.25772466633E-001,
12.9e6,caps hf ps1 6 15 4 63,-4.67577651295E-001,+8.16803513015E-001,+2.14362753557E-001,+4.96729738732E-002,+2.14392303420E-001,+4.93879352950E-002,+1.31035300925E-001,+9.24384110480E-001,
12.9e6,caps hf ps1 6 15 5 0,-4.67709158020E-001,+8.16535005848E-001,+2.14391884003E-001,+4.88060660339E-002,+2.14464531563E-001,+4.91398350596E-002,+1.33725333325E-001,+9.23578178546E-001,
12.9e6,caps hf ps1 6 15 5 15,-4.67641107232E-001,+8.16817722028E-001,+2.13667616518E-001,+4.69039394196E-002,+2.14056488654E-001,+4.68144749292E-002,+1.51075082522E-001,+9.22644488035E-001,
12.9e6,caps hf ps1 6 15 5 16,-4.68448141837E-001,+8.15926682715E-001,+2.13223347752E-001,+4.60580604766E-002,+2.13795207832E-001,+4.59168935206E-002,+1.55985606463E-001,+9.21532612697E-001,
12.9e6,caps hf ps1 6 15 5 31,-4.68585303146E-001,+8.16764854346E-001,+2.12387200032E-001,+4.41518412380E-002,+2.12539491485E-001,+4.38839681965E-002,+1.72257761260E-001,+9.19032337463E-001,
12.9e6,caps hf ps1 6 15 5 32,-4.67183322253E-001,+8.17561023577E-001,+2.11973177093E-001,+4.29534466317E-002,+2.12455113585E-001,+4.30257770519E-002,+1.80409465728E-001,+9.18543479758E-001,
12.9e6,caps hf ps1 6 15 5 47,-4.67912072466E-001,+8.17543554899E-001,+2.11949421154E-001,+4.09266541182E-002,+2.11572550730E-001,+4.09567819224E-002,+1.96381244287E-001,+9.15373390617E-001,
12.9e6,caps hf ps1 6 15 5 48,-4.68226887824E-001,+8.17196614932E-001,+2.11053946701E-001,+4.04341940107E-002,+2.11221366344E-001,+4.03856052932E-002,+2.00757147073E-001,+9.14793793982E-001,
12.9e6,caps hf ps1 6 15 5 63,-4.68106193227E-001,+8.17248630653E-001,+2.10856358866E-001,+3.87314409463E-002,+2.10484633923E-001,+3.87162448013E-002,+2.14870734997E-001,+9.11181436121E-001,
12.9e6,caps hf ps1 6 15 6 0,-4.68972880871E-001,+8.17053608590E-001,+2.10411598330E-001,+3.91562813155E-002,+2.10775723763E-001,+3.87381307218E-002,+2.13166342477E-001,+9.12326980011E-001,
12.9e6,caps hf ps1 6 15 6 15,-4.68924759974E-001,+8.17149076648E-001,+2.09495804753E-001,+3.70982181622E-002,+2.09518538418E-001,+3.70542322585E-002,+2.27627834496E-001,+9.09761091710E-001,
12.9e6,caps hf ps1 6 15 6 16,-4.69353564780E-001,+8.17442898070E-001,+2.09665437060E-001,+3.69458152331E-002,+2.10003400047E-001,+3.68723809227E-002,+2.31930138123E-001,+9.08484364798E-001,
12.9e6,caps hf ps1 6 15 6 31,-4.68042509337E-001,+8.18062071937E-001,+2.08355952761E-001,+3.47142860788E-002,+2.08815693013E-001,+3.48526729509E-002,+2.44800205744E-001,+9.06262744350E-001,
12.9e6,caps hf ps1 6 15 6 32,-4.69637707761E-001,+8.16919350607E-001,+2.08330368640E-001,+3.50265189567E-002,+2.08701970243E-001,+3.39010545205E-002,+2.51871295931E-001,+9.03625327772E-001,
12.9e6,caps hf ps1 6 15 6 47,-4.69577673485E-001,+8.17757391864E-001,+2.07729269243E-001,+3.28946857993E-002,+2.07654446969E-001,+3.21836412315E-002,+2.65471858353E-001,+8.99668275298E-001,
12.9e6,caps hf ps1 6 15 6 48,-4.69207979539E-001,+8.18343559298E-001,+2.07726412625E-001,+3.15659826345E-002,+2.07104670109E-001,+3.18906395327E-002,+2.68423519186E-001,+8.98744759039E-001,
12.9e6,caps hf ps1 6 15 6 63,-4.69248406998E-001,+8.18506152310E-001,+2.06394624292E-001,+3.06805943134E-002,+2.07074445601E-001,+3.00811560933E-002,+2.80617936427E-001,+8.95525396148E-001,
12.9e6,caps hf ps1 6 16 0 0,-4.53503466617E-001,+8.14651694828E-001,+2.03717203205E-001,+1.52867492488E-001,+2.03490131483E-001,+1.53595054236E-001,-6.08588203094E-001,+6.85517506653E-001,
12.9e6,caps hf ps1 6 16 0 15,-4.54186603654E-001,+8.14078800089E-001,+2.06726224339E-001,+1.47369574205E-001,+2.06812581600E-001,+1.47185046454E-001,-5.72950310075E-001,+7.15279139977E-001,
12.9e6,caps hf ps1 6 16 0 16,-4.54609998354E-001,+8.14218392205E-001,+2.07678760630E-001,+1.45718071700E-001,+2.07632376558E-001,+1.46057802044E-001,-5.61752807067E-001,+7.24210690781E-001,
12.9e6,caps hf ps1 6 16 0 31,-4.55119456226E-001,+8.13890916439E-001,+2.10186609449E-001,+1.40239052167E-001,+2.09817738222E-001,+1.40937357707E-001,-5.27690267679E-001,+7.51185415657E-001,
12.9e6,caps hf ps1 6 16 0 32,-4.55152154906E-001,+8.14717480868E-001,+2.11040642493E-001,+1.37788996310E-001,+2.11217149469E-001,+1.38130162550E-001,-5.09155134118E-001,+7.63552435713E-001,
12.9e6,caps hf ps1 6 16 0 47,-4.56450027518E-001,+8.13953322610E-001,+2.13620190022E-001,+1.32170556012E-001,+2.13594236317E-001,+1.32385607543E-001,-4.73035413214E-001,+7.87525710706E-001,
12.9e6,caps hf ps1 6 16 0 48,-4.56617291359E-001,+8.13784646281E-001,+2.13417634233E-001,+1.30905979559E-001,+2.14206185577E-001,+1.31452099640E-001,-4.63381293920E-001,+7.93252479374E-001,
12.9e6,caps hf ps1 6 16 0 63,-4.57103635777E-001,+8.13216526276E-001,+2.15082804022E-001,+1.25445732881E-001,+2.15543274485E-001,+1.26618729505E-001,-4.29351548795E-001,+8.13151171325E-001,
12.9e6,caps hf ps1 6 16 1 0,-4.57405839402E-001,+8.14008438243E-001,+2.15975066477E-001,+1.24454766879E-001,+2.16266496086E-001,+1.24745531910E-001,-4.18367446172E-001,+8.19225289903E-001,
12.9e6,caps hf ps1 6 16 1 15,-4.58658975393E-001,+8.14028493674E-001,+2.17087424396E-001,+1.19486295599E-001,+2.17338438230E-001,+1.19586136813E-001,-3.84794020023E-001,+8.36375332326E-001,
12.9e6,caps hf ps1 6 16 1 16,-4.58763061072E-001,+8.13626597000E-001,+2.17558102561E-001,+1.18055968279E-001,+2.18029203631E-001,+1.18169123416E-001,-3.74695191905E-001,+8.41518491392E-001,
12.9e6,caps hf ps1 6 16 1 31,-4.59185152895E-001,+8.14154013414E-001,+2.18361921164E-001,+1.13402380144E-001,+2.18446756966E-001,+1.13476584535E-001,-3.42513186694E-001,+8.55056653721E-001,
12.9e6,caps hf ps1 6 16 1 32,-4.58593666652E-001,+8.13966911264E-001,+2.18944365382E-001,+1.10817111923E-001,+2.19223691821E-001,+1.11150275263E-001,-3.25270833685E-001,+8.63008151959E-001,
12.9e6,caps hf ps1 6 16 1 47,-4.60915022234E-001,+8.13479760709E-001,+2.19773007877E-001,+1.06695293936E-001,+2.19950285746E-001,+1.06668492092E-001,-2.93271748125E-001,+8.74713649893E-001,
12.9e6,caps hf ps1 6 16 1 48,-4.59890260834E-001,+8.13813473029E-001,+2.19873677025E-001,+1.04973478542E-001,+2.19946432979E-001,+1.05236372482E-001,-2.83362949228E-001,+8.77260254618E-001,
12.9e6,caps hf ps1 6 16 1 63,-4.61524865507E-001,+8.14439484744E-001,+2.20219760864E-001,+1.01039693650E-001,+2.20675700040E-001,+1.01318523581E-001,-2.52831540084E-001,+8.88022229146E-001,
12.9e6,caps hf ps1 6 16 2 0,-4.60814402833E-001,+8.14083311583E-001,+2.20783883303E-001,+9.89399540145E-002,+2.20967804214E-001,+9.88103419840E-002,-2.40216855463E-001,+8.92294672460E-001,
12.9e6,caps hf ps1 6 16 2 15,-4.61149845973E-001,+8.13471329561E-001,+2.20669263782E-001,+9.50479077263E-002,+2.20784395636E-001,+9.51428244879E-002,-2.10345166298E-001,+9.00577989265E-001,
12.9e6,caps hf ps1 6 16 2 16,-4.62290767970E-001,+8.14151368733E-001,+2.20686764324E-001,+9.35415471671E-002,+2.21331340425E-001,+9.38502471923E-002,-2.01345129260E-001,+9.02683450884E-001,
12.9e6,caps hf ps1 6 16 2 31,-4.62440948429E-001,+8.13670604384E-001,+2.20591538953E-001,+8.96708261619E-002,+2.21196930952E-001,+8.96129386795E-002,-1.73083426754E-001,+9.09693641752E-001,
12.9e6,caps hf ps1 6 16 2 32,-4.62158602857E-001,+8.13863867002E-001,+2.20931467369E-001,+8.77788011936E-002,+2.21131441738E-001,+8.82019869639E-002,-1.58182236477E-001,+9.11508954568E-001,
12.9e6,caps hf ps1 6 16 2 47,-4.62600918948E-001,+8.14605446462E-001,+2.20677847120E-001,+8.40937995373E-002,+2.20468668598E-001,+8.48485496248E-002,-1.31962410032E-001,+9.16315134996E-001,
12.9e6,caps hf ps1 6 16 2 48,-4.63345581842E-001,+8.14880401898E-001,+2.20972781209E-001,+8.34658553534E-002,+2.20868407075E-001,+8.33432680857E-002,-1.23495093624E-001,+9.17353642421E-001,
12.9e6,caps hf ps1 6 16 2 63,-4.64083775197E-001,+8.15371908663E-001,+2.20914270393E-001,+7.99543605403E-002,+2.20513810257E-001,+7.93755843828E-002,-9.71276237973E-002,+9.20548181566E-001,
12.9e6,caps hf ps1 6 16 3 0,-4.64601542023E-001,+8.14460857160E-001,+2.20363514578E-001,+7.81077756674E-002,+2.20504213610E-001,+7.80970603113E-002,-8.74877563130E-002,+9.23525799894E-001,
12.9e6,caps hf ps1 6 16 3 15,-4.63932583954E-001,+8.15297776771E-001,+2.19981411963E-001,+7.43795349122E-002,+2.20033141118E-001,+7.48503401181E-002,-6.27863870602E-002,+9.25942790426E-001,
12.9e6,caps hf ps1 6 16 3 16,-4.64305191226E-001,+8.15468138891E-001,+2.20245754290E-001,+7.39654322540E-002,+2.19485434636E-001,+7.34271868753E-002,-5.46796243061E-002,+9.26600941219E-001,
12.9e6,caps hf ps1 6 16 3 31,-4.65577892264E-001,+8.15199687785E-001,+2.19587205403E-001,+7.10690649610E-002,+2.19770237174E-001,+7.08097100371E-002,-3.26595204290E-002,+9.27733792254E-001,
12.9e6,caps hf ps1 6 16 3 32,-4.65047776521E-001,+8.15564181637E-001,+2.19036615771E-001,+6.89276684013E-002,+2.19157185331E-001,+6.88491283763E-002,-1.99764092764E-002,+9.29128530177E-001,
12.9e6,caps hf ps1 6 16 3 47,-4.65692044298E-001,+8.15503883175E-001,+2.18463878806E-001,+6.59610727875E-002,+2.18868554699E-001,+6.65588303463E-002,+2.51726485764E-003,+9.29188750356E-001,
12.9e6,caps hf ps1 6 16 3 48,-4.65436859058E-001,+8.15003832902E-001,+2.18042241392E-001,+6.55988987281E-002,+2.18897986022E-001,+6.49497628120E-002,+9.56732653957E-003,+9.29771649290E-001,
12.9e6,caps hf ps1 6 16 3 63,-4.65933072008E-001,+8.15354670059E-001,+2.17857520649E-001,+6.21287552140E-002,+2.18071312325E-001,+6.27536459618E-002,+3.16149250022E-002,+9.29426690678E-001,
12.9e6,caps hf ps1 6 16 4 0,-4.66180551746E-001,+8.15246889964E-001,+2.17987474022E-001,+6.23062898295E-002,+2.18018423851E-001,+6.23098484351E-002,+3.20502605550E-002,+9.30255835182E-001,
12.9e6,caps hf ps1 6 16 4 15,-4.65315594268E-001,+8.16271892202E-001,+2.17445499304E-001,+5.89459644431E-002,+2.17294887169E-001,+5.95640178518E-002,+5.31822656117E-002,+9.29667388665E-001,
12.9e6,caps hf ps1 6 16 4 16,-4.65775898371E-001,+8.15989974909E-001,+2.16791727001E-001,+5.84165899439E-002,+2.17317979007E-001,+5.86774620676E-002,+5.95626507065E-002,+9.30150526697E-001,
12.9e6,caps hf ps1 6 16 4 31,-4.66050588025E-001,+8.16008121963E-001,+2.16236879052E-001,+5.61412895456E-002,+2.17203068276E-001,+5.66327895290E-002,+7.89633078187E-002,+9.29728207784E-001,
12.9e6,caps hf ps1 6 16 4 32,-4.67118522900E-001,+8.16219134150E-001,+2.16314329416E-001,+5.53258770476E-002,+2.16254179854E-001,+5.51268002152E-002,+8.85282652922E-002,+9.28056264017E-001,
12.9e6,caps hf ps1 6 16 4 47,-4.66694537786E-001,+8.16001646156E-001,+2.15573200300E-001,+5.27307979967E-002,+2.15286103591E-001,+5.21653272734E-002,+1.08494149397E-001,+9.25757246338E-001,
12.9e6,caps hf ps1 6 16 4 48,-4.67028708152E-001,+8.16327930064E-001,+2.15223828400E-001,+5.16884726792E-002,+2.15552106418E-001,+5.16035209056E-002,+1.13969829944E-001,+9.26599353621E-001,
12.9e6,caps hf ps1 6 16 4 63,-4.66860703406E-001,+8.16478935756E-001,+2.14603431801E-001,+4.89844494986E-002,+2.14747071070E-001,+4.96873910054E-002,+1.31354333801E-001,+9.24520300527E-001,
12.9e6,caps hf ps1 6 16 5 0,-4.67206898132E-001,+8.16549753196E-001,+2.14377314207E-001,+4.89015272020E-002,+2.14579862203E-001,+4.90798743890E-002,+1.33560883444E-001,+9.24429896339E-001,
12.9e6,caps hf ps1 6 16 5 15,-4.67926058612E-001,+8.16619912924E-001,+2.13618958007E-001,+4.67419304171E-002,+2.13284465118E-001,+4.68209674313E-002,+1.51316680499E-001,+9.22155409070E-001,
12.9e6,caps hf ps1 6 16 5 16,-4.67761263566E-001,+8.17098716058E-001,+2.13663795173E-001,+4.64741121456E-002,+2.13480908121E-001,+4.63818285192E-002,+1.55924191648E-001,+9.20915681609E-001,
12.9e6,caps hf ps1 6 16 5 31,-4.67377917548E-001,+8.17176263429E-001,+2.12379182401E-001,+4.37692381099E-002,+2.12701025034E-001,+4.39307180845E-002,+1.72813704225E-001,+9.18285010523E-001,
12.9e6,caps hf ps1 6 16 5 32,-4.67189150145E-001,+8.17239180855E-001,+2.12075093784E-001,+4.29765156811E-002,+2.12216877676E-001,+4.28655441785E-002,+1.81116367018E-001,+9.17333614284E-001,
12.9e6,caps hf ps1 6 16 5 47,-4.68607598134E-001,+8.17165568634E-001,+2.11555053218E-001,+4.11600208036E-002,+2.11827511832E-001,+4.10376164113E-002,+1.95438514843E-001,+9.15716651147E-001,
12.9e6,caps hf ps1 6 16 5 48,-4.68899915180E-001,+8.17772502563E-001,+2.11424915226E-001,+4.05837423970E-002,+2.11476250645E-001,+4.03149554675E-002,+2.00601686800E-001,+9.14818343790E-001,
12.9e6,caps hf ps1 6 16 5 63,-4.67951584460E-001,+8.16777282615E-001,+2.10552408426E-001,+3.85088538406E-002,+2.10533171211E-001,+3.86749945274E-002,+2.15407897082E-001,+9.10972422758E-001,
12.9e6,caps hf ps1 6 16 6 0,-4.68517992947E-001,+8.17574595898E-001,+2.10086586563E-001,+3.90478550729E-002,+2.10775207049E-001,+3.89220724254E-002,+2.13388897106E-001,+9.12096828494E-001,
12.9e6,caps hf ps1 6 16 6 15,-4.68604827153E-001,+8.17889419059E-001,+2.10172862125E-001,+3.72816443251E-002,+2.10712464903E-001,+3.67835247884E-002,+2.28011454789E-001,+9.09678221425E-001,
12.9e6,caps hf ps1 6 16 6 16,-4.68619694168E-001,+8.16734010255E-001,+2.09316674034E-001,+3.68422895539E-002,+2.09635033536E-001,+3.64749373116E-002,+2.32128288353E-001,+9.08276980874E-001,
12.9e6,caps hf ps1 6 16 6 31,-4.69299191227E-001,+8.17824215610E-001,+2.08703323670E-001,+3.47907055520E-002,+2.08953809652E-001,+3.50815979654E-002,+2.44310222348E-001,+9.05294484141E-001,
12.9e6,caps hf ps1 6 16 6 32,-4.68358258636E-001,+8.17618568047E-001,+2.08634661657E-001,+3.36028093582E-002,+2.08354136564E-001,+3.43027486863E-002,+2.51679810137E-001,+9.03015460134E-001,
12.9e6,caps hf ps1 6 16 6 47,-4.69307578709E-001,+8.17956801740E-001,+2.07139873020E-001,+3.22729766058E-002,+2.07708619419E-001,+3.20897014460E-002,+2.65105544493E-001,+9.00134785496E-001,
12.9e6,caps hf ps1 6 16 6 48,-4.69367755413E-001,+8.17621691653E-001,+2.07431600619E-001,+3.14462224983E-002,+2.07333122699E-001,+3.17991867728E-002,+2.68421986423E-001,+8.99329128564E-001,
12.9e6,caps hf ps1 6 16 6 63,-4.69935810279E-001,+8.18480747354E-001,+2.06798188293E-001,+3.03366441998E-002,+2.06550502545E-001,+3.06673808563E-002,+2.81017809494E-001,+8.95713592909E-001,
12.9e6,caps hf ps1 6 31 0 0,-4.46866550531E-001,+8.20543761841E-001,+1.98130612019E-001,+1.46698462632E-001,+1.98329709474E-001,+1.46801397318E-001,-6.04237151444E-001,+6.92163302329E-001,
12.9e6,caps hf ps1 6 31 0 15,-4.47635479765E-001,+8.20414620422E-001,+2.01155634718E-001,+1.40895536736E-001,+2.01292633092E-001,+1.40886007011E-001,-5.67978743924E-001,+7.22975952301E-001,
12.9e6,caps hf ps1 6 31 0 16,-4.48234143093E-001,+8.20365464176E-001,+2.02125984398E-001,+1.39693203147E-001,+2.02355499200E-001,+1.40164980054E-001,-5.58344612551E-001,+7.31324864769E-001,
12.9e6,caps hf ps1 6 31 0 31,-4.49560084200E-001,+8.20737621120E-001,+2.04365839368E-001,+1.33837359321E-001,+2.04840262346E-001,+1.34907117952E-001,-5.22517063297E-001,+7.58337838228E-001,
12.9e6,caps hf ps1 6 31 0 32,-4.49701693845E-001,+8.20240523996E-001,+2.05510786584E-001,+1.31602698827E-001,+2.05740392106E-001,+1.31839443496E-001,-5.04040241681E-001,+7.70173259206E-001,
12.9e6,caps hf ps1 6 31 0 47,-4.49352250144E-001,+8.19910984061E-001,+2.07631305356E-001,+1.26621904554E-001,+2.07685053752E-001,+1.26466326039E-001,-4.67513305020E-001,+7.92347640873E-001,
12.9e6,caps hf ps1 6 31 0 48,-4.50261566622E-001,+8.19922341761E-001,+2.08006401946E-001,+1.24576264436E-001,+2.07661886032E-001,+1.25241709725E-001,-4.58132104360E-001,+7.98863468918E-001,
12.9e6,caps hf ps1 6 31 0 63,-4.50862935032E-001,+8.19913808083E-001,+2.09561567306E-001,+1.20254026586E-001,+2.09546718389E-001,+1.20480074953E-001,-4.23154412832E-001,+8.18021049718E-001,
12.9e6,caps hf ps1 6 31 1 0,-4.51476620384E-001,+8.19697731663E-001,+2.09795984440E-001,+1.18587969736E-001,+2.10057574078E-001,+1.18804610048E-001,-4.13308676206E-001,+8.24268733380E-001,
12.9e6,caps hf ps1 6 31 1 15,-4.51527466150E-001,+8.19316043791E-001,+2.11252468370E-001,+1.13388385415E-001,+2.11500636229E-001,+1.14040366023E-001,-3.78330064359E-001,+8.41563259478E-001,
12.9e6,caps hf ps1 6 31 1 16,-4.51878890874E-001,+8.19842593131E-001,+2.11093286181E-001,+1.12155295344E-001,+2.11603836916E-001,+1.12851196963E-001,-3.69014744170E-001,+8.46527510598E-001,
12.9e6,caps hf ps1 6 31 1 31,-4.52862652167E-001,+8.20382196936E-001,+2.12251389299E-001,+1.07940412226E-001,+2.12665093694E-001,+1.08073869498E-001,-3.35574985295E-001,+8.60054632411E-001,
12.9e6,caps hf ps1 6 31 1 32,-4.53347193764E-001,+8.19739294757E-001,+2.12774220039E-001,+1.05485301152E-001,+2.12556612111E-001,+1.05516399156E-001,-3.18258815654E-001,+8.66704995077E-001,
12.9e6,caps hf ps1 6 31 1 47,-4.52554309742E-001,+8.19969052541E-001,+2.13470215649E-001,+1.01104178208E-001,+2.13395977699E-001,+1.01334819372E-001,-2.86895707338E-001,+8.79241806427E-001,
12.9e6,caps hf ps1 6 31 1 48,-4.53677006916E-001,+8.20430982591E-001,+2.13514948990E-001,+9.99279694249E-002,+2.13405509068E-001,+1.00630229958E-001,-2.77419566773E-001,+8.81981544300E-001,
12.9e6,caps hf ps1 6 31 1 63,-4.54109540220E-001,+8.20107933035E-001,+2.13623258316E-001,+9.53171134381E-002,+2.14173800341E-001,+9.57808606361E-002,-2.46457475664E-001,+8.92234163359E-001,
12.9e6,caps hf ps1 6 31 2 0,-4.53728934514E-001,+8.19939638495E-001,+2.14133405743E-001,+9.36958819439E-002,+2.14154366314E-001,+9.37880876707E-002,-2.33899643383E-001,+8.95822554992E-001,
12.9e6,caps hf ps1 6 31 2 15,-4.54238974354E-001,+8.20091054764E-001,+2.14090500177E-001,+8.96364376789E-002,+2.14490663828E-001,+9.00483519799E-002,-2.04492137928E-001,+9.04114174223E-001,
12.9e6,caps hf ps1 6 31 2 16,-4.55105431708E-001,+8.19483128177E-001,+2.13995784061E-001,+8.86977976979E-002,+2.14567127197E-001,+8.88715371810E-002,-1.94931237520E-001,+9.06199277680E-001,
12.9e6,caps hf ps1 6 31 2 31,-4.55804727297E-001,+8.20111193429E-001,+2.13994255652E-001,+8.50054227956E-002,+2.14587955894E-001,+8.45744084080E-002,-1.65215693613E-001,+9.12494699659E-001,
12.9e6,caps hf ps1 6 31 2 32,-4.55449890978E-001,+8.20370040646E-001,+2.14020807697E-001,+8.29422986271E-002,+2.14397336529E-001,+8.28320109153E-002,-1.51931844538E-001,+9.15014508929E-001,
12.9e6,caps hf ps1 6 31 2 47,-4.56704292763E-001,+8.20524729435E-001,+2.14185376025E-001,+7.93855853387E-002,+2.14055920605E-001,+7.97511129411E-002,-1.24912388278E-001,+9.20411995117E-001,
12.9e6,caps hf ps1 6 31 2 48,-4.56426331061E-001,+8.20394899084E-001,+2.13526660400E-001,+7.86468873367E-002,+2.14143966564E-001,+7.83381731472E-002,-1.17231885925E-001,+9.21012663153E-001,
12.9e6,caps hf ps1 6 31 2 63,-4.56503579404E-001,+8.21042077257E-001,+2.13806015941E-001,+7.50606611238E-002,+2.13564351540E-001,+7.54159947024E-002,-9.08398064034E-002,+9.24135347463E-001,
12.9e6,caps hf ps1 6 31 3 0,-4.57086519364E-001,+8.20526297908E-001,+2.13739056245E-001,+7.35538195132E-002,+2.13623474456E-001,+7.37814829392E-002,-8.15811968676E-002,+9.26086177229E-001,
12.9e6,caps hf ps1 6 31 3 15,-4.57852965025E-001,+8.21204355932E-001,+2.13293684284E-001,+7.06960760143E-002,+2.13602871383E-001,+7.05871201970E-002,-5.63564558345E-002,+9.28443112911E-001,
12.9e6,caps hf ps1 6 31 3 16,-4.57723354396E-001,+8.21263692390E-001,+2.12906543942E-001,+6.94010202135E-002,+2.13078599683E-001,+6.94524613027E-002,-4.83497544346E-002,+9.29028017410E-001,
12.9e6,caps hf ps1 6 31 3 31,-4.58409527510E-001,+8.21442972684E-001,+2.12455166561E-001,+6.68190266928E-002,+2.13004526817E-001,+6.63350077590E-002,-2.43600542560E-002,+9.30712008286E-001,
12.9e6,caps hf ps1 6 31 3 32,-4.58116941994E-001,+8.21320192278E-001,+2.12448302296E-001,+6.52528914122E-002,+2.12419017249E-001,+6.49584304408E-002,-1.33192825586E-002,+9.30473931381E-001,
12.9e6,caps hf ps1 6 31 3 47,-4.58464016414E-001,+8.21890712187E-001,+2.11780218787E-001,+6.20529941634E-002,+2.12015936194E-001,+6.21741841704E-002,+9.19345825449E-003,+9.31539430878E-001,
12.9e6,caps hf ps1 6 31 3 48,-4.59236266445E-001,+8.22040253416E-001,+2.11620696720E-001,+6.14379213117E-002,+2.11864665655E-001,+6.10121424864E-002,+1.65589068368E-002,+9.31807754599E-001,
12.9e6,caps hf ps1 6 31 3 63,-4.58944248851E-001,+8.22006428335E-001,+2.10732125758E-001,+5.86125107012E-002,+2.11849646002E-001,+5.86196773919E-002,+3.81874158096E-002,+9.32215873154E-001,
12.9e6,caps hf ps1 6 31 4 0,-4.59061452291E-001,+8.22437184150E-001,+2.11060048702E-001,+5.79760657201E-002,+2.11090931719E-001,+5.83546321280E-002,+3.90685090125E-002,+9.32049754811E-001,
12.9e6,caps hf ps1 6 31 4 15,-4.59603284848E-001,+8.21719705738E-001,+2.10773660415E-001,+5.58865784618E-002,+2.10880203219E-001,+5.56172572454E-002,+5.99409018103E-002,+9.31494707545E-001,
12.9e6,caps hf ps1 6 31 4 16,-4.59039223499E-001,+8.21445603650E-001,+2.10285932298E-001,+5.51434441863E-002,+2.10193137531E-001,+5.48843394320E-002,+6.67063489397E-002,+9.30616694300E-001,
12.9e6,caps hf ps1 6 31 4 31,-4.58854926956E-001,+8.22341679535E-001,+2.09770527437E-001,+5.24392444864E-002,+2.09940608796E-001,+5.19168008693E-002,+8.70442635912E-002,+9.30234778365E-001,
12.9e6,caps hf ps1 6 31 4 32,-4.59961842256E-001,+8.22256929897E-001,+2.09352575386E-001,+5.11037634686E-002,+2.09124035871E-001,+5.12493251498E-002,+9.59760869298E-002,+9.29269218923E-001,
12.9e6,caps hf ps1 6 31 4 47,-4.59143718638E-001,+8.22622962322E-001,+2.08205767370E-001,+4.92694596338E-002,+2.08486484580E-001,+4.86399822779E-002,+1.14321715864E-001,+9.26790710154E-001,
12.9e6,caps hf ps1 6 31 4 48,-4.60150477179E-001,+8.22039320166E-001,+2.08404390919E-001,+4.84641297059E-002,+2.08432496042E-001,+4.81938050088E-002,+1.19950024485E-001,+9.27725641894E-001,
12.9e6,caps hf ps1 6 31 4 63,-4.60567465183E-001,+8.23104312054E-001,+2.07723151010E-001,+4.58096331226E-002,+2.08240151709E-001,+4.61272187419E-002,+1.37495106420E-001,+9.25552382856E-001,
12.9e6,caps hf ps1 6 31 5 0,-4.60379866533E-001,+8.22141613357E-001,+2.07282352350E-001,+4.57474977446E-002,+2.07592416675E-001,+4.52596347302E-002,+1.40080939032E-001,+9.25652932182E-001,
12.9e6,caps hf ps1 6 31 5 15,-4.60344096336E-001,+8.23501339438E-001,+2.06833831788E-001,+4.35556344003E-002,+2.07057287951E-001,+4.37336904387E-002,+1.57768382395E-001,+9.23317753501E-001,
12.9e6,caps hf ps1 6 31 5 16,-4.61051056783E-001,+8.22465755847E-001,+2.06089700545E-001,+4.29825421879E-002,+2.06749162912E-001,+4.26517152681E-002,+1.63124654209E-001,+9.22604571329E-001,
12.9e6,caps hf ps1 6 31 5 31,-4.60923519431E-001,+8.22246671764E-001,+2.05726897856E-001,+4.10595137406E-002,+2.05851340186E-001,+4.09765113743E-002,+1.78883961089E-001,+9.19906958900E-001,
12.9e6,caps hf ps1 6 31 5 32,-4.60509862209E-001,+8.22467635886E-001,+2.05206940888E-001,+4.02607396218E-002,+2.05401678703E-001,+4.00437702483E-002,+1.86219129082E-001,+9.18389911850E-001,
12.9e6,caps hf ps1 6 31 5 47,-4.61052275260E-001,+8.23344245903E-001,+2.04268151648E-001,+3.81908212524E-002,+2.04651200035E-001,+3.80997653784E-002,+2.01790486561E-001,+9.15307513263E-001,
12.9e6,caps hf ps1 6 31 5 48,-4.61616970985E-001,+8.22329209265E-001,+2.04072875582E-001,+3.78607311228E-002,+2.04371572423E-001,+3.74168968748E-002,+2.07081897245E-001,+9.14264272389E-001,
12.9e6,caps hf ps1 6 31 5 63,-4.61572408568E-001,+8.23179925998E-001,+2.03531116695E-001,+3.52867435163E-002,+2.03347969279E-001,+3.58460009027E-002,+2.21037108352E-001,+9.11279617221E-001,
12.9e6,caps hf ps1 6 31 6 0,-4.60551632042E-001,+8.23714466616E-001,+2.03861738263E-001,+3.59530971882E-002,+2.03516448539E-001,+3.57488485489E-002,+2.19916224051E-001,+9.12339124588E-001,
12.9e6,caps hf ps1 6 31 6 15,-4.62177013406E-001,+8.23382987136E-001,+2.03262594331E-001,+3.41967725738E-002,+2.03160521427E-001,+3.43162604146E-002,+2.33218062788E-001,+9.10098376152E-001,
12.9e6,caps hf ps1 6 31 6 16,-4.62032178148E-001,+8.23179987457E-001,+2.02391572284E-001,+3.38066182500E-002,+2.02936177649E-001,+3.36454882915E-002,+2.37880881066E-001,+9.09224686070E-001,
12.9e6,caps hf ps1 6 31 6 31,-4.61665282144E-001,+8.23662285240E-001,+2.01953854898E-001,+3.17564998295E-002,+2.02456373256E-001,+3.25109903397E-002,+2.50850789045E-001,+9.06199538608E-001,
12.9e6,caps hf ps1 6 31 6 32,-4.61876173992E-001,+8.23134323178E-001,+2.01006693155E-001,+3.08090978309E-002,+2.01620775682E-001,+3.13489512544E-002,+2.57407003752E-001,+9.03238864049E-001,
12.9e6,caps hf ps1 6 31 6 47,-4.61615095841E-001,+8.23443245924E-001,+2.00886410532E-001,+2.93670102966E-002,+2.00951027994E-001,+2.99284789887E-002,+2.70427390243E-001,+9.00161652823E-001,
12.9e6,caps hf ps1 6 31 6 48,-4.62500285408E-001,+8.23935217719E-001,+2.00688322579E-001,+2.95316743535E-002,+2.00968509095E-001,+2.87824642730E-002,+2.74925307182E-001,+8.99725055252E-001,
12.9e6,caps hf ps1 6 31 6 63,-4.62748149515E-001,+8.23676956274E-001,+1.99863181117E-001,+2.82046812491E-002,+1.99664056230E-001,+2.79275132957E-002,+2.86918279260E-001,+8.95612579622E-001,
12.9e6,caps hf ps1 6 32 0 0,-4.44470189445E-001,+8.21446248201E-001,+1.96923314284E-001,+1.44470955699E-001,+1.97058910357E-001,+1.44927895760E-001,-6.02253435235E-001,+6.93991740282E-001,
12.9e6,caps hf ps1 6 32 0 15,-4.46384646725E-001,+8.22132142936E-001,+1.99673996563E-001,+1.38998450905E-001,+1.99737550389E-001,+1.39578583802E-001,-5.65453109609E-001,+7.24358164297E-001,
12.9e6,caps hf ps1 6 32 0 16,-4.47103512387E-001,+8.21371072137E-001,+2.00059648186E-001,+1.38061604947E-001,+2.00145890114E-001,+1.38294061409E-001,-5.55812791123E-001,+7.33317857303E-001,
12.9e6,caps hf ps1 6 32 0 31,-4.47137219455E-001,+8.21574416833E-001,+2.02468160286E-001,+1.32611678381E-001,+2.02964183757E-001,+1.32749597024E-001,-5.19532640715E-001,+7.58784936674E-001,
12.9e6,caps hf ps1 6 32 0 32,-4.47954277383E-001,+8.22054950572E-001,+2.03728209957E-001,+1.29480998358E-001,+2.03957357215E-001,+1.30490904105E-001,-5.02331991677E-001,+7.72080160434E-001,
12.9e6,caps hf ps1 6 32 0 47,-4.48160798779E-001,+8.21211256153E-001,+2.05347532780E-001,+1.25482024122E-001,+2.05907668986E-001,+1.25484116150E-001,-4.66645036051E-001,+7.94481862190E-001,
12.9e6,caps hf ps1 6 32 0 48,-4.48741667314E-001,+8.21479815485E-001,+2.06385705873E-001,+1.23270349314E-001,+2.06378515758E-001,+1.23797907895E-001,-4.55951693756E-001,+8.01530581946E-001,
12.9e6,caps hf ps1 6 32 0 63,-4.48374283496E-001,+8.21462440012E-001,+2.07714236433E-001,+1.18326069545E-001,+2.07434517126E-001,+1.19114372745E-001,-4.21263505766E-001,+8.20139768615E-001,
12.9e6,caps hf ps1 6 32 1 0,-4.49591549533E-001,+8.21221188152E-001,+2.07879642887E-001,+1.17184856420E-001,+2.08177806377E-001,+1.17398031216E-001,-4.11045511792E-001,+8.25920061877E-001,
12.9e6,caps hf ps1 6 32 1 15,-4.49868157292E-001,+8.21676857180E-001,+2.09114762028E-001,+1.12519930261E-001,+2.09272546031E-001,+1.12632378857E-001,-3.76729512479E-001,+8.42157010816E-001,
12.9e6,caps hf ps1 6 32 1 16,-4.49675491669E-001,+8.21105648355E-001,+2.09598333068E-001,+1.10445422833E-001,+2.09721217305E-001,+1.11100246836E-001,-3.66715405444E-001,+8.47583766107E-001,
12.9e6,caps hf ps1 6 32 1 31,-4.50442172584E-001,+8.21382912456E-001,+2.10813543554E-001,+1.06688477814E-001,+2.10643225764E-001,+1.06510576252E-001,-3.33513373467E-001,+8.61392183438E-001,
12.9e6,caps hf ps1 6 32 1 32,-4.51492447715E-001,+8.21116750823E-001,+2.10573102370E-001,+1.04126895695E-001,+2.11318914456E-001,+1.04425869902E-001,-3.16627411758E-001,+8.69206596309E-001,
12.9e6,caps hf ps1 6 32 1 47,-4.52005272516E-001,+8.21439019027E-001,+2.11285298005E-001,+1.00372654092E-001,+2.11722536533E-001,+1.00213059141E-001,-2.85001093036E-001,+8.80477781720E-001,
12.9e6,caps hf ps1 6 32 1 48,-4.52000278595E-001,+8.21680119445E-001,+2.11480823229E-001,+9.83211330256E-002,+2.11714566168E-001,+9.85510484943E-002,-2.75605560927E-001,+8.83124292939E-001,
12.9e6,caps hf ps1 6 32 1 63,-4.52339942848E-001,+8.21963773378E-001,+2.12077153510E-001,+9.43977680664E-002,+2.12084722394E-001,+9.42860652421E-002,-2.44501087691E-001,+8.92896775008E-001,
12.9e6,caps hf ps1 6 32 2 0,-4.52035412245E-001,+8.21978281573E-001,+2.11956994834E-001,+9.27337350963E-002,+2.12285081474E-001,+9.26480741242E-002,-2.31685816050E-001,+8.96984244347E-001,
12.9e6,caps hf ps1 6 32 2 15,-4.53143680229E-001,+8.21824908428E-001,+2.12308114021E-001,+8.89306000876E-002,+2.12645541520E-001,+8.87430032864E-002,-2.02566403062E-001,+9.05007583324E-001,
12.9e6,caps hf ps1 6 32 2 16,-4.53049329999E-001,+8.21778911017E-001,+2.11921862090E-001,+8.76214100358E-002,+2.12131030566E-001,+8.74668458326E-002,-1.93281310796E-001,+9.06578646942E-001,
12.9e6,caps hf ps1 6 32 2 31,-4.53409230291E-001,+8.22148311789E-001,+2.12553686843E-001,+8.35906557578E-002,+2.12441848022E-001,+8.39504516846E-002,-1.64650594858E-001,+9.13508118621E-001,
12.9e6,caps hf ps1 6 32 2 32,-4.53815896671E-001,+8.22074628652E-001,+2.12170032646E-001,+8.21642120470E-002,+2.12316139884E-001,+8.12160347109E-002,-1.49713935386E-001,+9.15989103314E-001,
12.9e6,caps hf ps1 6 32 2 47,-4.53635733281E-001,+8.21880563179E-001,+2.12106516255E-001,+7.83083130744E-002,+2.12339927765E-001,+7.84168312196E-002,-1.22912338464E-001,+9.19986713261E-001,
12.9e6,caps hf ps1 6 32 2 48,-4.55107701350E-001,+8.22777083924E-001,+2.12024488444E-001,+7.73154547995E-002,+2.12169338888E-001,+7.72384346764E-002,-1.14488109166E-001,+9.21557589984E-001,
12.9e6,caps hf ps1 6 32 2 63,-4.55171654719E-001,+8.23064739454E-001,+2.12158300118E-001,+7.37576939382E-002,+2.12074367016E-001,+7.44244830942E-002,-8.98169386024E-002,+9.24807577045E-001,
12.9e6,caps hf ps1 6 32 3 0,-4.54857597690E-001,+8.22474774193E-001,+2.11705849233E-001,+7.25110692648E-002,+2.11859063321E-001,+7.27878719727E-002,-7.91908546420E-002,+9.26941490795E-001,
12.9e6,caps hf ps1 6 32 3 15,-4.55240743255E-001,+8.22951437570E-001,+2.11119334955E-001,+6.92039709755E-002,+2.11494700784E-001,+6.93751706900E-002,-5.39073908532E-002,+9.28598229353E-001,
12.9e6,caps hf ps1 6 32 3 16,-4.54167945363E-001,+8.23089128932E-001,+2.11327655761E-001,+6.84105423106E-002,+2.11268550368E-001,+6.87272719609E-002,-4.73759120935E-002,+9.29208945579E-001,
12.9e6,caps hf ps1 6 32 3 31,-4.55729167908E-001,+8.22919965007E-001,+2.10872055947E-001,+6.57334984661E-002,+2.11147606943E-001,+6.54655693379E-002,-2.33691519974E-002,+9.31904598958E-001,
12.9e6,caps hf ps1 6 32 3 32,-4.55909715283E-001,+8.23085415812E-001,+2.10367981305E-001,+6.39075833593E-002,+2.10425035407E-001,+6.38795068337E-002,-1.16406818794E-002,+9.31038202221E-001,
12.9e6,caps hf ps1 6 32 3 47,-4.56796603613E-001,+8.23521216535E-001,+2.10086583099E-001,+6.14045806655E-002,+2.09998681584E-001,+6.16529191225E-002,+1.12608815216E-002,+9.31398999378E-001,
12.9e6,caps hf ps1 6 32 3 48,-4.56974222943E-001,+8.23070352848E-001,+2.09321191730E-001,+6.02293338132E-002,+2.09588147077E-001,+6.05245793545E-002,+1.82667706211E-002,+9.32149391243E-001,
12.9e6,caps hf ps1 6 32 3 63,-4.57080328569E-001,+8.23995823019E-001,+2.09171236555E-001,+5.78763072394E-002,+2.09694254368E-001,+5.75973438121E-002,+3.96037030446E-002,+9.32598461251E-001,
12.9e6,caps hf ps1 6 32 4 0,-4.56448499539E-001,+8.22754255471E-001,+2.08747033456E-001,+5.72125852554E-002,+2.09784767673E-001,+5.70530571701E-002,+4.15745973639E-002,+9.32970788806E-001,
12.9e6,caps hf ps1 6 32 4 15,-4.57747390543E-001,+8.23755442482E-001,+2.08736079113E-001,+5.45839868193E-002,+2.08720217891E-001,+5.47424272826E-002,+6.22903483767E-002,+9.31276018536E-001,
12.9e6,caps hf ps1 6 32 4 16,-4.57226693343E-001,+8.22889640188E-001,+2.08365078347E-001,+5.40810694322E-002,+2.08470234136E-001,+5.36718871274E-002,+6.81168132779E-002,+9.31630804946E-001,
12.9e6,caps hf ps1 6 32 4 31,-4.58173434087E-001,+8.22570793010E-001,+2.07802520310E-001,+5.17371168354E-002,+2.07450525417E-001,+5.19585583964E-002,+8.71910514217E-002,+9.29697513663E-001,
12.9e6,caps hf ps1 6 32 4 32,-4.57711832839E-001,+8.23617073026E-001,+2.07117296658E-001,+5.02108782712E-002,+2.07400216609E-001,+5.05601904171E-002,+9.73141400281E-002,+9.29597688395E-001,
12.9e6,caps hf ps1 6 32 4 47,-4.58062726378E-001,+8.23508822877E-001,+2.06530218989E-001,+4.81013887327E-002,+2.06584291437E-001,+4.79944846711E-002,+1.15760777811E-001,+9.27545663750E-001,
12.9e6,caps hf ps1 6 32 4 48,-4.57508814283E-001,+8.24112929731E-001,+2.05981189662E-001,+4.76964380677E-002,+2.06391393081E-001,+4.71984602843E-002,+1.22569666703E-001,+9.27129625710E-001,
12.9e6,caps hf ps1 6 32 4 63,-4.57632760975E-001,+8.23962722025E-001,+2.05649398581E-001,+4.52117744557E-002,+2.05716176008E-001,+4.56569481605E-002,+1.38962207367E-001,+9.25302276711E-001,
12.9e6,caps hf ps1 6 32 5 0,-4.58603786535E-001,+8.24233005242E-001,+2.05321888555E-001,+4.49051063907E-002,+2.05858711603E-001,+4.47757313552E-002,+1.41945826665E-001,+9.25917162343E-001,
12.9e6,caps hf ps1 6 32 5 15,-4.58423071909E-001,+8.24401911202E-001,+2.04580841454E-001,+4.31006113376E-002,+2.05012181024E-001,+4.28404422678E-002,+1.59597877781E-001,+9.23787245385E-001,
12.9e6,caps hf ps1 6 32 5 16,-4.58424593818E-001,+8.24587748006E-001,+2.04828410782E-001,+4.18756452920E-002,+2.04599497522E-001,+4.20531240771E-002,+1.64513855004E-001,+9.21977418160E-001,
12.9e6,caps hf ps1 6 32 5 31,-4.59296156884E-001,+8.23604535596E-001,+2.04100616070E-001,+4.07410962575E-002,+2.04042184898E-001,+4.04256230220E-002,+1.80071762734E-001,+9.20084906952E-001,
12.9e6,caps hf ps1 6 32 5 32,-4.59466851581E-001,+8.24170704528E-001,+2.02978815872E-001,+3.94671308845E-002,+2.03304379651E-001,+3.92781633085E-002,+1.88029402020E-001,+9.17763075159E-001,
12.9e6,caps hf ps1 6 32 5 47,-4.59461970066E-001,+8.24514031362E-001,+2.02769766666E-001,+3.76551815646E-002,+2.02883186767E-001,+3.72410175543E-002,+2.03613026058E-001,+9.15219712231E-001,
12.9e6,caps hf ps1 6 32 5 48,-4.58832772523E-001,+8.24626559870E-001,+2.02609363064E-001,+3.70872337872E-002,+2.02974452933E-001,+3.68010473846E-002,+2.07762973317E-001,+9.14769032624E-001,
12.9e6,caps hf ps1 6 32 5 63,-4.59439803803E-001,+8.24752785784E-001,+2.01301683146E-001,+3.49965335786E-002,+2.01082161865E-001,+3.49433992709E-002,+2.23215104442E-001,+9.11933120268E-001,
12.9e6,caps hf ps1 6 32 6 0,-4.59486961020E-001,+8.24161585678E-001,+2.02111153083E-001,+3.53140340900E-002,+2.01904290901E-001,+3.49507470172E-002,+2.20935158008E-001,+9.12433164561E-001,
12.9e6,caps hf ps1 6 32 6 15,-4.60111203325E-001,+8.24460872766E-001,+2.01098559735E-001,+3.40333912250E-002,+2.01672314633E-001,+3.35487500016E-002,+2.35441667118E-001,+9.09894749132E-001,
12.9e6,caps hf ps1 6 32 6 16,-4.58958093168E-001,+8.25241802088E-001,+2.00522073240E-001,+3.29206951717E-002,+2.00571231936E-001,+3.24726960995E-002,+2.39813850418E-001,+9.08104653880E-001,
12.9e6,caps hf ps1 6 32 6 31,-4.59844248718E-001,+8.25076140553E-001,+2.00027726099E-001,+3.11215119231E-002,+1.99791516900E-001,+3.13084425411E-002,+2.52801216392E-001,+9.05861766946E-001,
12.9e6,caps hf ps1 6 32 6 32,-4.60106090804E-001,+8.25537967040E-001,+1.99544622282E-001,+3.08223086940E-002,+1.99766468468E-001,+3.04142170486E-002,+2.59621375122E-001,+9.03987053433E-001,
12.9e6,caps hf ps1 6 32 6 47,-4.60126758893E-001,+8.25784204283E-001,+1.99089954548E-001,+2.93240728972E-002,+1.99243423009E-001,+2.92090778711E-002,+2.72431386473E-001,+9.00351992846E-001,
12.9e6,caps hf ps1 6 32 6 48,-4.60058970524E-001,+8.25725176084E-001,+1.98573897045E-001,+2.90572997850E-002,+1.98493445671E-001,+2.88457134093E-002,+2.75382760858E-001,+8.98487571770E-001,
12.9e6,caps hf ps1 6 32 6 63,-4.60388881661E-001,+8.26308845176E-001,+1.98128038295E-001,+2.71405818513E-002,+1.97918632140E-001,+2.77623792823E-002,+2.87542184867E-001,+8.95426755199E-001,
12.9e6,caps hf ps1 6 47 0 0,-4.39369387757E-001,+8.27040017909E-001,+1.91036744880E-001,+1.38281527613E-001,+1.91726699174E-001,+1.38930758743E-001,-5.98225991303E-001,+7.00380672394E-001,
12.9e6,caps hf ps1 6 47 0 15,-4.40142444157E-001,+8.27840208332E-001,+1.94477539935E-001,+1.33436834470E-001,+1.94492045794E-001,+1.33910356007E-001,-5.61583450492E-001,+7.31670474426E-001,
12.9e6,caps hf ps1 6 47 0 16,-4.40202776368E-001,+8.27099949446E-001,+1.95313820962E-001,+1.32107530345E-001,+1.94974800018E-001,+1.31999159884E-001,-5.51354078171E-001,+7.39257635600E-001,
12.9e6,caps hf ps1 6 47 0 31,-4.41109092617E-001,+8.26616887734E-001,+1.97066387359E-001,+1.27411857845E-001,+1.97222730027E-001,+1.27192281207E-001,-5.15608439470E-001,+7.64217192987E-001,
12.9e6,caps hf ps1 6 47 0 32,-4.41761866466E-001,+8.27282866172E-001,+1.98129765813E-001,+1.24368373566E-001,+1.98624383084E-001,+1.24801003504E-001,-4.96063624357E-001,+7.77445060315E-001,
12.9e6,caps hf ps1 6 47 0 47,-4.42031697050E-001,+8.27449503496E-001,+2.00171273238E-001,+1.19762280504E-001,+2.00075065817E-001,+1.19493046878E-001,-4.60813534064E-001,+7.99559808879E-001,
12.9e6,caps hf ps1 6 47 0 48,-4.42182004057E-001,+8.26899140051E-001,+2.00645877606E-001,+1.17655299566E-001,+2.00189515426E-001,+1.17986324275E-001,-4.50622535980E-001,+8.05509560659E-001,
12.9e6,caps hf ps1 6 47 0 63,-4.42582366782E-001,+8.26609382597E-001,+2.02257792223E-001,+1.13005946082E-001,+2.02090992839E-001,+1.13043806657E-001,-4.15262643020E-001,+8.24136219075E-001,
12.9e6,caps hf ps1 6 47 1 0,-4.43353576530E-001,+8.27135838620E-001,+2.02385298599E-001,+1.11770930056E-001,+2.02493875408E-001,+1.12326383851E-001,-4.05596388443E-001,+8.31446646272E-001,
12.9e6,caps hf ps1 6 47 1 15,-4.43478898759E-001,+8.27317197177E-001,+2.03323796612E-001,+1.07064025344E-001,+2.03427137959E-001,+1.07227205018E-001,-3.71459868206E-001,+8.47946076495E-001,
12.9e6,caps hf ps1 6 47 1 16,-4.44296421352E-001,+8.28213864706E-001,+2.04104936669E-001,+1.05839053048E-001,+2.03900360915E-001,+1.05911337160E-001,-3.60623640680E-001,+8.52673617568E-001,
12.9e6,caps hf ps1 6 47 1 31,-4.44442191621E-001,+8.27123456806E-001,+2.04448615819E-001,+1.01553358123E-001,+2.04159336136E-001,+1.01661279337E-001,-3.27616534715E-001,+8.65427058781E-001,
12.9e6,caps hf ps1 6 47 1 32,-4.45379983091E-001,+8.27538402604E-001,+2.04730642935E-001,+9.90119955772E-002,+2.05108556304E-001,+9.94565734776E-002,-3.09961249831E-001,+8.72637353401E-001,
12.9e6,caps hf ps1 6 47 1 47,-4.45631427130E-001,+8.27412606505E-001,+2.05388487848E-001,+9.47187804586E-002,+2.05359400565E-001,+9.49044641068E-002,-2.77840346682E-001,+8.83772207959E-001,
12.9e6,caps hf ps1 6 47 1 48,-4.45242007153E-001,+8.27788651944E-001,+2.05614634755E-001,+9.39570543048E-002,+2.05603160082E-001,+9.42093834984E-002,-2.69244531736E-001,+8.87142688637E-001,
12.9e6,caps hf ps1 6 47 1 63,-4.46560251031E-001,+8.27803718825E-001,+2.05541941756E-001,+8.98661583109E-002,+2.06266112265E-001,+8.97505740089E-002,-2.38017900435E-001,+8.96866408276E-001,
12.9e6,caps hf ps1 6 47 2 0,-4.46571919297E-001,+8.27769255041E-001,+2.05886606402E-001,+8.77911264932E-002,+2.06392577632E-001,+8.81168050195E-002,-2.25675860385E-001,+9.00760210685E-001,
12.9e6,caps hf ps1 6 47 2 15,-4.47156221762E-001,+8.27924441402E-001,+2.06207531744E-001,+8.44041922823E-002,+2.06575906244E-001,+8.39675437032E-002,-1.95225476800E-001,+9.07692328147E-001,
12.9e6,caps hf ps1 6 47 2 16,-4.46784876879E-001,+8.27061908268E-001,+2.06015789291E-001,+8.29936521068E-002,+2.06512705995E-001,+8.36149148175E-002,-1.86389800050E-001,+9.10427878659E-001,
12.9e6,caps hf ps1 6 47 2 31,-4.47177022524E-001,+8.27969543839E-001,+2.05994974589E-001,+7.94578277674E-002,+2.06358708112E-001,+7.94385080563E-002,-1.58469067618E-001,+9.15876286175E-001,
12.9e6,caps hf ps1 6 47 2 32,-4.47925129337E-001,+8.27089752642E-001,+2.05644333773E-001,+7.76484615759E-002,+2.05894595473E-001,+7.76332507699E-002,-1.43675777762E-001,+9.19409131080E-001,
12.9e6,caps hf ps1 6 47 2 47,-4.48595183370E-001,+8.27638140676E-001,+2.05616957706E-001,+7.41954304155E-002,+2.06265011100E-001,+7.44627935519E-002,-1.17093266668E-001,+9.23536980985E-001,
12.9e6,caps hf ps1 6 47 2 48,-4.48797845364E-001,+8.27721396091E-001,+2.05594669041E-001,+7.33752044516E-002,+2.06423443165E-001,+7.34528866643E-002,-1.07914119388E-001,+9.24296118669E-001,
12.9e6,caps hf ps1 6 47 2 63,-4.48674464657E-001,+8.28311469311E-001,+2.05429564290E-001,+6.96765293598E-002,+2.05276159527E-001,+7.01230395363E-002,-8.15273737381E-002,+9.27735799063E-001,
12.9e6,caps hf ps1 6 47 3 0,-4.48233115303E-001,+8.28123508826E-001,+2.05372505698E-001,+6.85351936778E-002,+2.05686279741E-001,+6.85905270751E-002,-7.27519244711E-002,+9.29392716091E-001,
12.9e6,caps hf ps1 6 47 3 15,-4.48947453982E-001,+8.28437371129E-001,+2.05118625907E-001,+6.56915930177E-002,+2.05260736799E-001,+6.60838289347E-002,-4.81871649693E-002,+9.31770169577E-001,
12.9e6,caps hf ps1 6 47 3 16,-4.49338555422E-001,+8.28490215709E-001,+2.04945704166E-001,+6.48016143387E-002,+2.04831172952E-001,+6.43901126197E-002,-4.02526869190E-002,+9.32301413138E-001,
12.9e6,caps hf ps1 6 47 3 31,-4.49070998849E-001,+8.28763572679E-001,+2.04392631043E-001,+6.17321988883E-002,+2.04608381467E-001,+6.19398643398E-002,-1.76612059228E-002,+9.33590749034E-001,
12.9e6,caps hf ps1 6 47 3 32,-4.49335860865E-001,+8.28129543499E-001,+2.03464489280E-001,+6.03220108694E-002,+2.03909302286E-001,+6.06443607854E-002,-5.85307407492E-003,+9.33516947849E-001,
12.9e6,caps hf ps1 6 47 3 47,-4.49086352835E-001,+8.28613671938E-001,+2.03279499857E-001,+5.77599130143E-002,+2.03469719884E-001,+5.78231170797E-002,+1.78239719490E-002,+9.33560058824E-001,
12.9e6,caps hf ps1 6 47 3 48,-4.51092500139E-001,+8.27929704903E-001,+2.03021320753E-001,+5.68951779781E-002,+2.03162355433E-001,+5.67350950003E-002,+2.41537170520E-002,+9.33778407972E-001,
12.9e6,caps hf ps1 6 47 3 63,-4.49426114012E-001,+8.28287227496E-001,+2.02208493952E-001,+5.36933477852E-002,+2.02649725366E-001,+5.44378923298E-002,+4.57596997965E-002,+9.33057438584E-001,
12.9e6,caps hf ps1 6 47 4 0,-4.50700565174E-001,+8.28941485228E-001,+2.02799516436E-001,+5.38678494109E-002,+2.02683712850E-001,+5.39871951185E-002,+4.71978243302E-002,+9.33810590689E-001,
12.9e6,caps hf ps1 6 47 4 15,-4.50554200725E-001,+8.28312103158E-001,+2.01812391262E-001,+5.14007693489E-002,+2.02198657153E-001,+5.10048918289E-002,+6.81662286737E-002,+9.32885775604E-001,
12.9e6,caps hf ps1 6 47 4 16,-4.51266122068E-001,+8.29269592461E-001,+2.01591393010E-001,+5.05459525258E-002,+2.01955631517E-001,+5.07024413588E-002,+7.44570584199E-002,+9.32845618495E-001,
12.9e6,caps hf ps1 6 47 4 31,-4.50955024380E-001,+8.29191077563E-001,+2.01113243811E-001,+4.82192759895E-002,+2.01010656149E-001,+4.82389682839E-002,+9.34205397595E-002,+9.31436625943E-001,
12.9e6,caps hf ps1 6 47 4 32,-4.50790577989E-001,+8.29058571290E-001,+2.00635258195E-001,+4.74347836455E-002,+2.00772504572E-001,+4.74011648354E-002,+1.02794921049E-001,+9.30641307471E-001,
12.9e6,caps hf ps1 6 47 4 47,-4.51150963173E-001,+8.29985117964E-001,+2.00337206929E-001,+4.45401075672E-002,+2.00367309461E-001,+4.48133710569E-002,+1.22254181767E-001,+9.29535513640E-001,
12.9e6,caps hf ps1 6 47 4 48,-4.51330555525E-001,+8.28647071408E-001,+1.99464563392E-001,+4.42350133571E-002,+1.99907073872E-001,+4.43979196430E-002,+1.27913499414E-001,+9.27792525786E-001,
12.9e6,caps hf ps1 6 47 4 63,-4.51167185801E-001,+8.29824129009E-001,+1.99125202830E-001,+4.19011979519E-002,+1.98979635457E-001,+4.20899065094E-002,+1.44791015969E-001,+9.25987764295E-001,
12.9e6,caps hf ps1 6 47 5 0,-4.51844600794E-001,+8.29873310345E-001,+1.99099103309E-001,+4.19013660374E-002,+1.99292192221E-001,+4.21112895418E-002,+1.48010650614E-001,+9.26108005712E-001,
12.9e6,caps hf ps1 6 47 5 15,-4.51615417045E-001,+8.29916493829E-001,+1.98277242383E-001,+3.97412151793E-002,+1.98121380890E-001,+3.94830767821E-002,+1.64888470622E-001,+9.24142075161E-001,
12.9e6,caps hf ps1 6 47 5 16,-4.52346311094E-001,+8.29477178884E-001,+1.97795778526E-001,+3.97389662097E-002,+1.98048926792E-001,+3.92740046091E-002,+1.70330016669E-001,+9.23846060787E-001,
12.9e6,caps hf ps1 6 47 5 31,-4.52524934878E-001,+8.30330543455E-001,+1.97447664389E-001,+3.75576044286E-002,+1.97437932438E-001,+3.72807343542E-002,+1.85780574414E-001,+9.20502402380E-001,
12.9e6,caps hf ps1 6 47 5 32,-4.51776871735E-001,+8.29983297166E-001,+1.96704962202E-001,+3.69018423926E-002,+1.96557394726E-001,+3.63409730529E-002,+1.94072358215E-001,+9.19512619410E-001,
12.9e6,caps hf ps1 6 47 5 47,-4.52917720243E-001,+8.29875447120E-001,+1.95874689761E-001,+3.47335094211E-002,+1.96145082258E-001,+3.46850661774E-002,+2.09501488865E-001,+9.16241578741E-001,
12.9e6,caps hf ps1 6 47 5 48,-4.52869935159E-001,+8.30622538126E-001,+1.96009016196E-001,+3.40993519479E-002,+1.96045282620E-001,+3.41469883981E-002,+2.14102029099E-001,+9.14641793022E-001,
12.9e6,caps hf ps1 6 47 5 63,-4.52652562323E-001,+8.30514773500E-001,+1.94720951712E-001,+3.23836570178E-002,+1.95019291869E-001,+3.15626344666E-002,+2.29671921728E-001,+9.11086028894E-001,
12.9e6,caps hf ps1 6 47 6 0,-4.53134648307E-001,+8.29818686842E-001,+1.95228821434E-001,+3.27808524771E-002,+1.95345878413E-001,+3.27301249257E-002,+2.25841964853E-001,+9.13018474691E-001,
12.9e6,caps hf ps1 6 47 6 15,-4.52730873161E-001,+8.30642921363E-001,+1.94193921960E-001,+3.11288158023E-002,+1.94847111726E-001,+3.08188731868E-002,+2.40221697758E-001,+9.09735736430E-001,
12.9e6,caps hf ps1 6 47 6 16,-4.53259042839E-001,+8.30148075875E-001,+1.94214833622E-001,+3.06518207774E-002,+1.94741812865E-001,+3.05537748899E-002,+2.44402874696E-001,+9.08557638785E-001,
12.9e6,caps hf ps1 6 47 6 31,-4.53034532909E-001,+8.31727923901E-001,+1.93022117409E-001,+2.91092763070E-002,+1.93459266849E-001,+2.89544576784E-002,+2.58056518641E-001,+9.06488835345E-001,
12.9e6,caps hf ps1 6 47 6 32,-4.52871570938E-001,+8.30894017612E-001,+1.93552741969E-001,+2.77658013337E-002,+1.93670969918E-001,+2.78259087532E-002,+2.64576361660E-001,+9.03911080056E-001,
12.9e6,caps hf ps1 6 47 6 47,-4.53889808319E-001,+8.31143103650E-001,+1.92005152954E-001,+2.67870356291E-002,+1.92989738412E-001,+2.69638794988E-002,+2.77682771918E-001,+9.00443697868E-001,
12.9e6,caps hf ps1 6 47 6 48,-4.52750536154E-001,+8.30323769007E-001,+1.92181687013E-001,+2.64522766720E-002,+1.92679406550E-001,+2.69252967551E-002,+2.81145513242E-001,+9.00218948478E-001,
12.9e6,caps hf ps1 6 47 6 63,-4.53807032511E-001,+8.31591105686E-001,+1.91415781469E-001,+2.46109768657E-002,+1.91211225122E-001,+2.54471777521E-002,+2.93003485999E-001,+8.95268088109E-001,
12.9e6,caps hf ps1 6 48 0 0,-4.39511431279E-001,+8.27019577270E-001,+1.92075868682E-001,+1.38204127820E-001,+1.92040021866E-001,+1.38754210067E-001,-5.97684721223E-001,+7.00364096479E-001,
12.9e6,caps hf ps1 6 48 0 15,-4.40474480294E-001,+8.26876696149E-001,+1.94193653931E-001,+1.33739267346E-001,+1.94563895569E-001,+1.33741291379E-001,-5.61630341006E-001,+7.31825187621E-001,
12.9e6,caps hf ps1 6 48 0 16,-4.41132416694E-001,+8.27418935452E-001,+1.95321143214E-001,+1.31890001492E-001,+1.95264841750E-001,+1.32620729859E-001,-5.51789397677E-001,+7.39581763120E-001,
12.9e6,caps hf ps1 6 48 0 31,-4.41307208982E-001,+8.27635713146E-001,+1.97446166807E-001,+1.27026188492E-001,+1.97222501657E-001,+1.27137586253E-001,-5.14912269370E-001,+7.64900166766E-001,
12.9e6,caps hf ps1 6 48 0 32,-4.42169397612E-001,+8.27054749740E-001,+1.98198104119E-001,+1.24152643424E-001,+1.98969829051E-001,+1.24708397372E-001,-4.97406815750E-001,+7.77889461132E-001,
12.9e6,caps hf ps1 6 48 0 47,-4.41855203395E-001,+8.27416777349E-001,+2.00059059513E-001,+1.19267907776E-001,+2.00158005149E-001,+1.19717405171E-001,-4.61361985121E-001,+7.99498364728E-001,
12.9e6,caps hf ps1 6 48 0 48,-4.42390334492E-001,+8.27974855797E-001,+2.00176450679E-001,+1.17766367168E-001,+2.00822854128E-001,+1.18143033402E-001,-4.50794520056E-001,+8.05567578644E-001,
12.9e6,caps hf ps1 6 48 0 63,-4.42979545261E-001,+8.26918149885E-001,+2.01604259856E-001,+1.12683571990E-001,+2.02058219284E-001,+1.13435318222E-001,-4.15392782794E-001,+8.25548429611E-001,
12.9e6,caps hf ps1 6 48 1 0,-4.43600813130E-001,+8.27854511237E-001,+2.02179465180E-001,+1.11466939327E-001,+2.02753524451E-001,+1.11694910303E-001,-4.05216398586E-001,+8.30962747460E-001,
12.9e6,caps hf ps1 6 48 1 15,-4.43538852334E-001,+8.26772747585E-001,+2.03354904469E-001,+1.07091246546E-001,+2.03725247998E-001,+1.07057196288E-001,-3.70896344784E-001,+8.47478790137E-001,
12.9e6,caps hf ps1 6 48 1 16,-4.44498882146E-001,+8.28037553760E-001,+2.04087183203E-001,+1.05979751786E-001,+2.03954195608E-001,+1.05863451741E-001,-3.61536898386E-001,+8.51513513753E-001,
12.9e6,caps hf ps1 6 48 1 31,-4.45213120428E-001,+8.27291441029E-001,+2.04847297516E-001,+1.01794253912E-001,+2.04611847610E-001,+1.01476916350E-001,-3.27698926329E-001,+8.65823615272E-001,
12.9e6,caps hf ps1 6 48 1 32,-4.44782531774E-001,+8.26866694186E-001,+2.04841441769E-001,+9.87206268312E-002,+2.04979659529E-001,+9.91839617775E-002,-3.10791082620E-001,+8.72867128298E-001,
12.9e6,caps hf ps1 6 48 1 47,-4.46215453371E-001,+8.26379732841E-001,+2.05308291630E-001,+9.47428648904E-002,+2.05925432767E-001,+9.48123243320E-002,-2.78330519305E-001,+8.83664613419E-001,
12.9e6,caps hf ps1 6 48 1 48,-4.45269944579E-001,+8.26193514026E-001,+2.05474549240E-001,+9.35121246506E-002,+2.05805259384E-001,+9.39079554396E-002,-2.69010441674E-001,+8.87407838275E-001,
12.9e6,caps hf ps1 6 48 1 63,-4.45718166586E-001,+8.26802205683E-001,+2.05843949083E-001,+8.95456975770E-002,+2.05846360609E-001,+8.97788162647E-002,-2.38798751578E-001,+8.95762994636E-001,
12.9e6,caps hf ps1 6 48 2 0,-4.47016156875E-001,+8.26789935023E-001,+2.05628563107E-001,+8.81424227140E-002,+2.05741863404E-001,+8.82516134074E-002,-2.25609218353E-001,+9.00653204260E-001,
12.9e6,caps hf ps1 6 48 2 15,-4.46366716504E-001,+8.28213184738E-001,+2.06000771633E-001,+8.39324792407E-002,+2.06332071646E-001,+8.43045577374E-002,-1.95058503476E-001,+9.08075160614E-001,
12.9e6,caps hf ps1 6 48 2 16,-4.46612062433E-001,+8.27688527120E-001,+2.06130054206E-001,+8.28695114223E-002,+2.06225615953E-001,+8.31959195748E-002,-1.86827092476E-001,+9.09842417118E-001,
12.9e6,caps hf ps1 6 48 2 31,-4.47010956557E-001,+8.27647850384E-001,+2.05949922215E-001,+7.92942870387E-002,+2.06014987929E-001,+7.95391828309E-002,-1.58483737762E-001,+9.16405768809E-001,
12.9e6,caps hf ps1 6 48 2 32,-4.47779575178E-001,+8.27979926702E-001,+2.06113450504E-001,+7.73846798677E-002,+2.05880533815E-001,+7.76414712272E-002,-1.43300910975E-001,+9.18272868376E-001,
12.9e6,caps hf ps1 6 48 2 47,-4.48781005361E-001,+8.27693885224E-001,+2.05221934905E-001,+7.42573765053E-002,+2.05551367333E-001,+7.37131847951E-002,-1.15737371184E-001,+9.22757353418E-001,
12.9e6,caps hf ps1 6 48 2 48,-4.48126500273E-001,+8.28040460504E-001,+2.05643230973E-001,+7.28705549121E-002,+2.05766997828E-001,+7.32455067608E-002,-1.08522838869E-001,+9.23900631385E-001,
12.9e6,caps hf ps1 6 48 2 63,-4.48334096111E-001,+8.28869733034E-001,+2.05041764008E-001,+6.97919402629E-002,+2.05639835861E-001,+6.99088777868E-002,-8.22354120280E-002,+9.28010455242E-001,
12.9e6,caps hf ps1 6 48 3 0,-4.48166608439E-001,+8.27968546181E-001,+2.05001438112E-001,+6.86178966313E-002,+2.05429444356E-001,+6.90467852352E-002,-7.36259887009E-002,+9.29442755294E-001,
12.9e6,caps hf ps1 6 48 3 15,-4.49038496379E-001,+8.28626752752E-001,+2.04906182785E-001,+6.54377935151E-002,+2.05285802721E-001,+6.56351139474E-002,-4.75699663950E-002,+9.30834054512E-001,
12.9e6,caps hf ps1 6 48 3 16,-4.48520556633E-001,+8.28738397703E-001,+2.04645407943E-001,+6.47150307436E-002,+2.04669354611E-001,+6.47709307399E-002,-4.06344839941E-002,+9.31809172769E-001,
12.9e6,caps hf ps1 6 48 3 31,-4.49056703833E-001,+8.28798314835E-001,+2.04248636544E-001,+6.15466844332E-002,+2.04290489012E-001,+6.14260409138E-002,-1.71523679686E-002,+9.32538075488E-001,
12.9e6,caps hf ps1 6 48 3 32,-4.50102538821E-001,+8.28466543017E-001,+2.03730531520E-001,+6.02304820408E-002,+2.04304997583E-001,+6.01910405129E-002,-5.50683164556E-003,+9.33850828902E-001,
12.9e6,caps hf ps1 6 48 3 47,-4.50442185861E-001,+8.28235862615E-001,+2.03225653725E-001,+5.69122272747E-002,+2.03653389879E-001,+5.76160608970E-002,+1.75318987513E-002,+9.34656941756E-001,
12.9e6,caps hf ps1 6 48 3 48,-4.50119171281E-001,+8.28665298999E-001,+2.03449965883E-001,+5.69160990767E-002,+2.03714323928E-001,+5.68246246090E-002,+2.45704625222E-002,+9.34434800082E-001,
12.9e6,caps hf ps1 6 48 3 63,-4.49982310780E-001,+8.28890779591E-001,+2.02090055080E-001,+5.42707384152E-002,+2.02757843228E-001,+5.44269174713E-002,+4.46005902136E-002,+9.33110549038E-001,
12.9e6,caps hf ps1 6 48 4 0,-4.51060560121E-001,+8.28680605704E-001,+2.02541556598E-001,+5.38971733097E-002,+2.02767848321E-001,+5.40221601117E-002,+4.71693239755E-002,+9.33529842008E-001,
12.9e6,caps hf ps1 6 48 4 15,-4.50952372537E-001,+8.28918325688E-001,+2.02344486939E-001,+5.17221880557E-002,+2.02083891201E-001,+5.13983578363E-002,+6.81702666642E-002,+9.33574452906E-001,
12.9e6,caps hf ps1 6 48 4 16,-4.50193844675E-001,+8.29305295690E-001,+2.01493031966E-001,+5.02615379859E-002,+2.01563175233E-001,+5.03534487729E-002,+7.44053750190E-002,+9.32200457706E-001,
12.9e6,caps hf ps1 6 48 4 31,-4.50895643572E-001,+8.29156668713E-001,+2.01042431998E-001,+4.84571147646E-002,+2.01721618973E-001,+4.82976026923E-002,+9.33256357215E-002,+9.31577766069E-001,
12.9e6,caps hf ps1 6 48 4 32,-4.51099624731E-001,+8.29416749195E-001,+2.00537842234E-001,+4.69048737288E-002,+2.00698031151E-001,+4.75782943749E-002,+1.03156717657E-001,+9.30583084018E-001,
12.9e6,caps hf ps1 6 48 4 47,-4.51458725950E-001,+8.29039732212E-001,+1.99795380490E-001,+4.50052879485E-002,+2.00368785711E-001,+4.49253810858E-002,+1.22006561699E-001,+9.28835791304E-001,
12.9e6,caps hf ps1 6 48 4 48,-4.51104080608E-001,+8.29955225585E-001,+1.99680551258E-001,+4.39711567931E-002,+2.00048393820E-001,+4.42284005001E-002,+1.27320182644E-001,+9.29228535690E-001,
12.9e6,caps hf ps1 6 48 4 63,-4.51752244914E-001,+8.29773338817E-001,+1.98780966086E-001,+4.21695963745E-002,+1.99232698843E-001,+4.19942103030E-002,+1.45361645669E-001,+9.26557875490E-001,
12.9e6,caps hf ps1 6 48 5 0,-4.51483361879E-001,+8.29521822701E-001,+1.98893120802E-001,+4.17815311398E-002,+1.99017081285E-001,+4.16222255461E-002,+1.47611705694E-001,+9.26397944160E-001,
12.9e6,caps hf ps1 6 48 5 15,-4.51970721197E-001,+8.29053072548E-001,+1.98046543876E-001,+3.99867959131E-002,+1.98454575710E-001,+3.97253201797E-002,+1.65159534814E-001,+9.23943576756E-001,
12.9e6,caps hf ps1 6 48 5 16,-4.51710259036E-001,+8.29169629227E-001,+1.97999015711E-001,+3.88527492285E-002,+1.98364175770E-001,+3.89267632361E-002,+1.69503370646E-001,+9.23043035871E-001,
12.9e6,caps hf ps1 6 48 5 31,-4.52388397805E-001,+8.30514919122E-001,+1.97128919359E-001,+3.76739644687E-002,+1.97748387739E-001,+3.71410760354E-002,+1.86056503552E-001,+9.21570641625E-001,
12.9e6,caps hf ps1 6 48 5 32,-4.52515717894E-001,+8.30344511861E-001,+1.96688383892E-001,+3.65317234472E-002,+1.96682431961E-001,+3.63047337079E-002,+1.93119986220E-001,+9.18149435855E-001,
12.9e6,caps hf ps1 6 48 5 47,-4.52839849360E-001,+8.30446705787E-001,+1.96172606382E-001,+3.49130819612E-002,+1.96425281961E-001,+3.44959553819E-002,+2.09174374207E-001,+9.16020870805E-001,
12.9e6,caps hf ps1 6 48 5 48,-4.52210651066E-001,+8.30204853786E-001,+1.96147200541E-001,+3.40734846874E-002,+1.96286480097E-001,+3.40137132958E-002,+2.14127152554E-001,+9.15540665242E-001,
12.9e6,caps hf ps1 6 48 5 63,-4.52524791110E-001,+8.30315878887E-001,+1.94441552465E-001,+3.26884138074E-002,+1.95317924466E-001,+3.25531769234E-002,+2.28851464502E-001,+9.11809681479E-001,
12.9e6,caps hf ps1 6 48 6 0,-4.52400904917E-001,+8.31262210263E-001,+1.95268285438E-001,+3.24203047156E-002,+1.95639383548E-001,+3.24351180426E-002,+2.26634497516E-001,+9.12357020905E-001,
12.9e6,caps hf ps1 6 48 6 15,-4.52788926219E-001,+8.29971546832E-001,+1.94591885440E-001,+3.14242621774E-002,+1.94643664508E-001,+3.10800887190E-002,+2.40541376479E-001,+9.09766014654E-001,
12.9e6,caps hf ps1 6 48 6 16,-4.53046130270E-001,+8.30793121606E-001,+1.94625986225E-001,+3.00395447126E-002,+1.94410281878E-001,+3.07773677469E-002,+2.44969376681E-001,+9.08967365523E-001,
12.9e6,caps hf ps1 6 48 6 31,-4.52871548959E-001,+8.30457474083E-001,+1.93716046340E-001,+2.91719331447E-002,+1.93399487429E-001,+2.89138008233E-002,+2.58620463838E-001,+9.05810936766E-001,
12.9e6,caps hf ps1 6 48 6 32,-4.53340557376E-001,+8.31184561112E-001,+1.92986680546E-001,+2.83612014084E-002,+1.93591656653E-001,+2.82391342084E-002,+2.64844238238E-001,+9.04146825544E-001,
12.9e6,caps hf ps1 6 48 6 47,-4.53656502679E-001,+8.30910947820E-001,+1.92381436301E-001,+2.68505036743E-002,+1.92636707988E-001,+2.65452564887E-002,+2.78115648138E-001,+9.00302147540E-001,
12.9e6,caps hf ps1 6 48 6 48,-4.52842830752E-001,+8.30438684261E-001,+1.92109764032E-001,+2.65444143399E-002,+1.92102890735E-001,+2.65690763325E-002,+2.81332768019E-001,+8.99239115721E-001,
12.9e6,caps hf ps1 6 48 6 63,-4.53354959453E-001,+8.31801242733E-001,+1.91378632417E-001,+2.44414969813E-002,+1.91511944272E-001,+2.46810794666E-002,+2.93959782882E-001,+8.95740632542E-001,
12.9e6,caps hf ps1 6 63 0 0,-4.33625751441E-001,+8.32847210216E-001,+1.86590800519E-001,+1.32519912789E-001,+1.86986127731E-001,+1.33822407096E-001,-5.94548835505E-001,+7.06505189977E-001,
12.9e6,caps hf ps1 6 63 0 15,-4.35362458920E-001,+8.31986879889E-001,+1.89364710328E-001,+1.28564555185E-001,+1.89366217786E-001,+1.28159155183E-001,-5.56804497828E-001,+7.35882671381E-001,
12.9e6,caps hf ps1 6 63 0 16,-4.35207454639E-001,+8.32026294014E-001,+1.90175475531E-001,+1.26249885154E-001,+1.90196343063E-001,+1.26746711239E-001,-5.46308660558E-001,+7.44840619815E-001,
12.9e6,caps hf ps1 6 63 0 31,-4.35980882779E-001,+8.33708725067E-001,+1.92187221515E-001,+1.21306708435E-001,+1.92329199991E-001,+1.21728879057E-001,-5.09525294163E-001,+7.70380541657E-001,
12.9e6,caps hf ps1 6 63 0 32,-4.35654222520E-001,+8.32494329889E-001,+1.93204205445E-001,+1.19009993888E-001,+1.92916493072E-001,+1.19199791257E-001,-4.92193431512E-001,+7.82739918968E-001,
12.9e6,caps hf ps1 6 63 0 47,-4.36558328719E-001,+8.32275087546E-001,+1.94805309894E-001,+1.14509189004E-001,+1.94442711127E-001,+1.14362983522E-001,-4.55829698275E-001,+8.04003742940E-001,
12.9e6,caps hf ps1 6 63 0 48,-4.37012770796E-001,+8.32236258971E-001,+1.94994499621E-001,+1.12447990599E-001,+1.95418689840E-001,+1.13196274103E-001,-4.46079587872E-001,+8.11203775151E-001,
12.9e6,caps hf ps1 6 63 0 63,-4.38339698620E-001,+8.32806086075E-001,+1.96520836140E-001,+1.07805893860E-001,+1.96082490659E-001,+1.08557146202E-001,-4.10818953293E-001,+8.29856361107E-001,
12.9e6,caps hf ps1 6 63 1 0,-4.36896637740E-001,+8.32523297848E-001,+1.96749185805E-001,+1.06334749398E-001,+1.97133277954E-001,+1.06712329848E-001,-4.00618045417E-001,+8.34882777987E-001,
12.9e6,caps hf ps1 6 63 1 15,-4.38538849564E-001,+8.32847393289E-001,+1.97951700884E-001,+1.02046246928E-001,+1.98256182507E-001,+1.02536221219E-001,-3.65869654171E-001,+8.52336804580E-001,
12.9e6,caps hf ps1 6 63 1 16,-4.38066118037E-001,+8.32580853730E-001,+1.98321782236E-001,+1.00754312757E-001,+1.98317899151E-001,+1.00993072790E-001,-3.55273716639E-001,+8.56410291640E-001,
12.9e6,caps hf ps1 6 63 1 31,-4.38966252488E-001,+8.32060735940E-001,+1.98753338566E-001,+9.65811723006E-002,+1.99044543856E-001,+9.62226642226E-002,-3.21390573456E-001,+8.70930883950E-001,
12.9e6,caps hf ps1 6 63 1 32,-4.39812713449E-001,+8.32424252428E-001,+1.99132949597E-001,+9.44748039118E-002,+1.99432360953E-001,+9.47621351028E-002,-3.04821553638E-001,+8.76490673473E-001,
12.9e6,caps hf ps1 6 63 1 47,-4.40290000417E-001,+8.32165353506E-001,+1.99148245461E-001,+9.05758915974E-002,+2.00260978727E-001,+9.05307487594E-002,-2.72840942984E-001,+8.88049238340E-001,
12.9e6,caps hf ps1 6 63 1 48,-4.38788230080E-001,+8.32344143596E-001,+1.99622022925E-001,+8.85136087537E-002,+1.99855510433E-001,+8.93227299224E-002,-2.63545860897E-001,+8.91771465737E-001,
12.9e6,caps hf ps1 6 63 1 63,-4.40463721613E-001,+8.32373299646E-001,+1.99505314102E-001,+8.52030610813E-002,+1.99638383701E-001,+8.56242137460E-002,-2.31832345849E-001,+8.99480259384E-001,
12.9e6,caps hf ps1 6 63 2 0,-4.41085140137E-001,+8.32711472772E-001,+2.00319319370E-001,+8.37079666431E-002,+2.00133638832E-001,+8.37153488788E-002,-2.19535926625E-001,+9.03464354229E-001,
12.9e6,caps hf ps1 6 63 2 15,-4.41017912284E-001,+8.33087476073E-001,+2.00047026238E-001,+7.99270343130E-002,+2.00404922480E-001,+8.03889078929E-002,-1.89602609664E-001,+9.11381351513E-001,
12.9e6,caps hf ps1 6 63 2 16,-4.41375415859E-001,+8.32801303267E-001,+1.99919778371E-001,+7.87942403612E-002,+2.00789279007E-001,+7.91180641826E-002,-1.80368132660E-001,+9.13643920244E-001,
12.9e6,caps hf ps1 6 63 2 31,-4.41304700109E-001,+8.32650684870E-001,+2.00082136095E-001,+7.54481585449E-002,+2.00195235762E-001,+7.52420516775E-002,-1.51857820532E-001,+9.18476533128E-001,
12.9e6,caps hf ps1 6 63 2 32,-4.41663571388E-001,+8.33187325627E-001,+2.00061009776E-001,+7.38868024608E-002,+2.00645280142E-001,+7.32172558768E-002,-1.38419322948E-001,+9.21360435168E-001,
12.9e6,caps hf ps1 6 63 2 47,-4.41780065188E-001,+8.32922434504E-001,+1.99735167570E-001,+7.03497268457E-002,+1.99936053905E-001,+7.00789719927E-002,-1.10522407921E-001,+9.26056226093E-001,
12.9e6,caps hf ps1 6 63 2 48,-4.41608348609E-001,+8.33453117676E-001,+1.99763428419E-001,+6.92030692797E-002,+1.99781136864E-001,+6.90702980692E-002,-1.01699525045E-001,+9.27788581959E-001,
12.9e6,caps hf ps1 6 63 2 63,-4.42569899430E-001,+8.32676692066E-001,+1.99508057316E-001,+6.64044899813E-002,+1.99523658751E-001,+6.65314234716E-002,-7.60758133302E-002,+9.30038605233E-001,
12.9e6,caps hf ps1 6 63 3 0,-4.41667479203E-001,+8.32960074761E-001,+1.99139312938E-001,+6.51911930493E-002,+1.99308227774E-001,+6.49670246055E-002,-6.71776949314E-002,+9.31050782280E-001,
12.9e6,caps hf ps1 6 63 3 15,-4.43119154096E-001,+8.33662281045E-001,+1.98540120142E-001,+6.21374874200E-002,+1.98780969201E-001,+6.13724625928E-002,-4.20138488481E-002,+9.33549619021E-001,
12.9e6,caps hf ps1 6 63 3 16,-4.42451496411E-001,+8.33966431578E-001,+1.98625958129E-001,+6.08992957737E-002,+1.98691181331E-001,+6.07094395549E-002,-3.39311669289E-002,+9.33968593372E-001,
12.9e6,caps hf ps1 6 63 3 31,-4.43815865256E-001,+8.33346658273E-001,+1.98031420523E-001,+5.80643377565E-002,+1.98268026612E-001,+5.86255965915E-002,-1.07890454494E-002,+9.34357874260E-001,
12.9e6,caps hf ps1 6 63 3 32,-4.43552939542E-001,+8.33685136467E-001,+1.98067836265E-001,+5.67500217837E-002,+1.98207022668E-001,+5.68430351333E-002,+6.09028540558E-004,+9.34950500078E-001,
12.9e6,caps hf ps1 6 63 3 47,-4.44290428894E-001,+8.33769016160E-001,+1.97280920932E-001,+5.43108481376E-002,+1.97429305207E-001,+5.42749992024E-002,+2.35527793633E-002,+9.35442298656E-001,
12.9e6,caps hf ps1 6 63 3 48,-4.44821645321E-001,+8.34545448837E-001,+1.97130529789E-001,+5.31853348484E-002,+1.97521821502E-001,+5.34386215225E-002,+2.99226986310E-002,+9.35767818358E-001,
12.9e6,caps hf ps1 6 63 3 63,-4.44452240995E-001,+8.34203199695E-001,+1.96732316112E-001,+5.13389213192E-002,+1.96247381860E-001,+5.08965543056E-002,+5.21176097178E-002,+9.34114950167E-001,
12.9e6,caps hf ps1 6 63 4 0,-4.44133268163E-001,+8.34055819317E-001,+1.96415112027E-001,+5.07400625409E-002,+1.96808399614E-001,+5.06949068263E-002,+5.29089101690E-002,+9.36084372125E-001,
12.9e6,caps hf ps1 6 63 4 15,-4.44445126677E-001,+8.34231254897E-001,+1.95568263080E-001,+4.84596771088E-002,+1.95824819213E-001,+4.79472951995E-002,+7.43829040984E-002,+9.34190169965E-001,
12.9e6,caps hf ps1 6 63 4 16,-4.44877706169E-001,+8.33881991239E-001,+1.95490870052E-001,+4.74148165457E-002,+1.96029610551E-001,+4.72864743596E-002,+8.00228261300E-002,+9.34202700936E-001,
12.9e6,caps hf ps1 6 63 4 31,-4.44988620981E-001,+8.34269670717E-001,+1.94956635172E-001,+4.51083996639E-002,+1.94744562837E-001,+4.52681805766E-002,+9.92523207489E-002,+9.32167380068E-001,
12.9e6,caps hf ps1 6 63 4 32,-4.44448267615E-001,+8.33813854513E-001,+1.94064640506E-001,+4.39000339717E-002,+1.94765348633E-001,+4.39528937322E-002,+1.09385780855E-001,+9.31527268762E-001,
12.9e6,caps hf ps1 6 63 4 47,-4.44692471500E-001,+8.34674386619E-001,+1.93719387458E-001,+4.20758579566E-002,+1.94331362607E-001,+4.23214005823E-002,+1.27484237879E-001,+9.30347833797E-001,
12.9e6,caps hf ps1 6 63 4 48,-4.45438786411E-001,+8.34214325358E-001,+1.93592914642E-001,+4.11525676991E-002,+1.93509878378E-001,+4.15437883214E-002,+1.33211988597E-001,+9.29310239346E-001,
12.9e6,caps hf ps1 6 63 4 63,-4.44744014642E-001,+8.35591118799E-001,+1.92627877268E-001,+3.93327051592E-002,+1.92724758058E-001,+3.91646300229E-002,+1.51191240130E-001,+9.26305083885E-001,
12.9e6,caps hf ps1 6 63 5 0,-4.44361419298E-001,+8.34539608636E-001,+1.92510658507E-001,+3.88789134519E-002,+1.92780266152E-001,+3.86394516871E-002,+1.54309463597E-001,+9.27262312016E-001,
12.9e6,caps hf ps1 6 63 5 15,-4.46149903180E-001,+8.35196575189E-001,+1.92360577479E-001,+3.70122023045E-002,+1.91785552109E-001,+3.71460514591E-002,+1.70837483566E-001,+9.25050363822E-001,
12.9e6,caps hf ps1 6 63 5 16,-4.46743669438E-001,+8.34998469457E-001,+1.92065857006E-001,+3.65068530067E-002,+1.91910792822E-001,+3.68119373892E-002,+1.75622231554E-001,+9.23612363906E-001,
12.9e6,caps hf ps1 6 63 5 31,-4.45418592851E-001,+8.34844624276E-001,+1.91409409694E-001,+3.48093826409E-002,+1.90960334295E-001,+3.47546633644E-002,+1.92402607496E-001,+9.21273379384E-001,
12.9e6,caps hf ps1 6 63 5 32,-4.45613994689E-001,+8.35550248466E-001,+1.90616558335E-001,+3.40027739104E-002,+1.90854396165E-001,+3.35671635561E-002,+1.99956804699E-001,+9.19033537461E-001,
12.9e6,caps hf ps1 6 63 5 47,-4.46159148283E-001,+8.34589783034E-001,+1.90192911850E-001,+3.22850468896E-002,+1.89942666202E-001,+3.21901664943E-002,+2.15127832072E-001,+9.16697392630E-001,
12.9e6,caps hf ps1 6 63 5 48,-4.45991927137E-001,+8.35763371511E-001,+1.89856166080E-001,+3.16343684520E-002,+1.89610293881E-001,+3.17257571408E-002,+2.19104289900E-001,+9.15998308988E-001,
12.9e6,caps hf ps1 6 63 5 63,-4.46219024007E-001,+8.36534709816E-001,+1.89211751302E-001,+2.94581634936E-002,+1.88800963801E-001,+3.04389078565E-002,+2.33493336218E-001,+9.12613156593E-001,
12.9e6,caps hf ps1 6 63 6 0,-4.46185129101E-001,+8.35329908510E-001,+1.88779797915E-001,+3.00688079324E-002,+1.89249238577E-001,+3.00649283927E-002,+2.31760992465E-001,+9.13105366385E-001,
12.9e6,caps hf ps1 6 63 6 15,-4.46274723073E-001,+8.35835608487E-001,+1.88306006353E-001,+2.86106426199E-002,+1.88332807973E-001,+2.85426325499E-002,+2.46872682598E-001,+9.09271647997E-001,
12.9e6,caps hf ps1 6 63 6 16,-4.46759756520E-001,+8.35206132351E-001,+1.87826741737E-001,+2.83535504350E-002,+1.87967860513E-001,+2.83666233753E-002,+2.49936158919E-001,+9.08923689373E-001,
12.9e6,caps hf ps1 6 63 6 31,-4.46715949385E-001,+8.35216574629E-001,+1.87249917111E-001,+2.62663672691E-002,+1.87616863413E-001,+2.65022704128E-002,+2.63816588692E-001,+9.05474590054E-001,
12.9e6,caps hf ps1 6 63 6 32,-4.47490863430E-001,+8.35268462592E-001,+1.86995362627E-001,+2.61504103780E-002,+1.86765358843E-001,+2.57673898216E-002,+2.69652350741E-001,+9.03996519194E-001,
12.9e6,caps hf ps1 6 63 6 47,-4.47307431383E-001,+8.35750985656E-001,+1.86404617743E-001,+2.46929155031E-002,+1.86156636325E-001,+2.46325535568E-002,+2.82339662221E-001,+8.99909578978E-001,
12.9e6,caps hf ps1 6 63 6 48,-4.47236679572E-001,+8.35979899023E-001,+1.85626366481E-001,+2.39876292618E-002,+1.86119643035E-001,+2.40425134012E-002,+2.86968984184E-001,+8.98268775980E-001,
12.9e6,caps hf ps1 6 63 6 63,-4.46956793554E-001,+8.36035056264E-001,+1.84901146103E-001,+2.28066950121E-002,+1.85511839498E-001,+2.26093127239E-002,+2.98708133981E-001,+8.95557682656E-001,
